ISO-10303-21;
HEADER;
FILE_DESCRIPTION (( 'STEP AP214' ),
    '1' );
FILE_NAME ('tracker下半面亚克力透明版.STEP',
    '2026-08-16T01:16:18',
    ( '' ),
    ( '' ),
    'SwSTEP 2.0',
    'SolidWorks 2025',
    '' );
FILE_SCHEMA (( 'AUTOMOTIVE_DESIGN' ));
ENDSEC;

DATA;
#1 = CARTESIAN_POINT ( 'NONE',  ( 14.99999999999999645, -1.399999999999998357, -0.5000000000000000000 ) ) ;
#2 = DIRECTION ( 'NONE',  ( 0.000000000000000000, -1.000000000000000000, 0.000000000000000000 ) ) ;
#3 = CARTESIAN_POINT ( 'NONE',  ( -14.89999999999996838, 30.00000000000000000, 16.19999999999999929 ) ) ;
#4 = ADVANCED_FACE ( 'NONE', ( #1554 ), #446, .F. ) ;
#5 = PLANE ( 'NONE',  #1361 ) ;
#6 = CARTESIAN_POINT ( 'NONE',  ( 11.59999999999999609, -1.399999999999998135, -0.5000000000000000000 ) ) ;
#7 = VERTEX_POINT ( 'NONE', #429 ) ;
#8 = DIRECTION ( 'NONE',  ( 0.000000000000000000, 0.000000000000000000, -1.000000000000000000 ) ) ;
#9 = CARTESIAN_POINT ( 'NONE',  ( -13.15000000000000213, -17.30000000000000071, 11.00000000000000178 ) ) ;
#10 = FACE_OUTER_BOUND ( 'NONE', #712, .T. ) ;
#11 = VERTEX_POINT ( 'NONE', #1383 ) ;
#12 = CARTESIAN_POINT ( 'NONE',  ( -10.68653389004884247, -17.00000000000000000, 9.000000000000001776 ) ) ;
#13 = EDGE_CURVE ( 'NONE', #165, #193, #578, .T. ) ;
#14 = ORIENTED_EDGE ( 'NONE', *, *, #1429, .T. ) ;
#15 = VECTOR ( 'NONE', #1054, 1000.000000000000000 ) ;
#16 = DIRECTION ( 'NONE',  ( 0.000000000000000000, 0.000000000000000000, -1.000000000000000000 ) ) ;
#17 = SURFACE_STYLE_FILL_AREA ( #565 ) ;
#18 = VECTOR ( 'NONE', #1026, 1000.000000000000000 ) ;
#19 = DIRECTION ( 'NONE',  ( 0.000000000000000000, 0.000000000000000000, -1.000000000000000000 ) ) ;
#20 = ORIENTED_EDGE ( 'NONE', *, *, #1751, .F. ) ;
#21 = VECTOR ( 'NONE', #183, 1000.000000000000000 ) ;
#22 = LINE ( 'NONE', #1659, #185 ) ;
#23 = VECTOR ( 'NONE', #1665, 1000.000000000000000 ) ;
#24 = DIRECTION ( 'NONE',  ( -0.000000000000000000, -1.000000000000000000, -0.000000000000000000 ) ) ;
#25 = EDGE_CURVE ( 'NONE', #1163, #1142, #1666, .T. ) ;
#26 = EDGE_LOOP ( 'NONE', ( #431, #356, #535, #143 ) ) ;
#27 = CARTESIAN_POINT ( 'NONE',  ( -14.99999999999999822, -17.00000000000000000, 2.465190328815661892E-31 ) ) ;
#28 = EDGE_CURVE ( 'NONE', #693, #137, #505, .T. ) ;
#29 = DIRECTION ( 'NONE',  ( -1.000000000000000000, 0.000000000000000000, -0.000000000000000000 ) ) ;
#30 = CYLINDRICAL_SURFACE ( 'NONE', #217, 1.249999999999999334 ) ;
#31 = ORIENTED_EDGE ( 'NONE', *, *, #374, .T. ) ;
#32 = LINE ( 'NONE', #687, #74 ) ;
#33 = VERTEX_POINT ( 'NONE', #238 ) ;
#34 = CARTESIAN_POINT ( 'NONE',  ( -14.89999999999998614, 8.693143209368180103E-15, 16.19999999999999929 ) ) ;
#35 = EDGE_CURVE ( 'NONE', #1399, #134, #93, .T. ) ;
#36 = DIRECTION ( 'NONE',  ( 0.000000000000000000, -0.000000000000000000, -1.000000000000000000 ) ) ;
#37 = CARTESIAN_POINT ( 'NONE',  ( 16.00000000000000000, -19.99999999999999645, 2.000000000000000000 ) ) ;
#38 = EDGE_LOOP ( 'NONE', ( #1279, #856, #1725, #68 ) ) ;
#39 = DIRECTION ( 'NONE',  ( 1.387778780781444887E-15, -1.000000000000000000, 0.000000000000000000 ) ) ;
#40 = VERTEX_POINT ( 'NONE', #1178 ) ;
#41 = DIRECTION ( 'NONE',  ( -0.000000000000000000, -1.000000000000000000, -0.000000000000000000 ) ) ;
#42 = CARTESIAN_POINT ( 'NONE',  ( -9.999999999999998224, -17.00000000000000000, 7.000000000000000888 ) ) ;
#43 = VERTEX_POINT ( 'NONE', #352 ) ;
#44 = AXIS2_PLACEMENT_3D ( 'NONE', #157, #1588, #900 ) ;
#45 = VECTOR ( 'NONE', #1552, 1000.000000000000000 ) ;
#46 = CARTESIAN_POINT ( 'NONE',  ( -12.50000000000000178, 30.00000000000000000, 13.69999999999999929 ) ) ;
#47 = EDGE_CURVE ( 'NONE', #233, #165, #741, .T. ) ;
#48 = VECTOR ( 'NONE', #1379, 1000.000000000000000 ) ;
#49 = CIRCLE ( 'NONE', #814, 1.199999999999999734 ) ;
#50 = ORIENTED_EDGE ( 'NONE', *, *, #1574, .F. ) ;
#51 = VECTOR ( 'NONE', #384, 1000.000000000000000 ) ;
#52 = CARTESIAN_POINT ( 'NONE',  ( 0.000000000000000000, 30.00000000000000000, 0.000000000000000000 ) ) ;
#53 = CARTESIAN_POINT ( 'NONE',  ( 28.99999999999999645, 30.00000000000000000, 3.000000000000000000 ) ) ;
#54 = DIRECTION ( 'NONE',  ( 0.000000000000000000, 0.000000000000000000, 1.000000000000000000 ) ) ;
#55 = EDGE_CURVE ( 'NONE', #1291, #1532, #834, .T. ) ;
#56 = ORIENTED_EDGE ( 'NONE', *, *, #1276, .T. ) ;
#57 = CARTESIAN_POINT ( 'NONE',  ( -23.99999999999999289, -17.50000000000000355, -0.5000000000000000000 ) ) ;
#58 = FACE_OUTER_BOUND ( 'NONE', #1171, .T. ) ;
#59 = ORIENTED_EDGE ( 'NONE', *, *, #1368, .F. ) ;
#60 = DIRECTION ( 'NONE',  ( -1.000000000000000000, 0.000000000000000000, 0.000000000000000000 ) ) ;
#61 = LINE ( 'NONE', #749, #1477 ) ;
#62 = DIRECTION ( 'NONE',  ( -1.000000000000000000, 0.000000000000000000, 0.000000000000000000 ) ) ;
#63 = EDGE_CURVE ( 'NONE', #1040, #1323, #1293, .T. ) ;
#64 = DIRECTION ( 'NONE',  ( 0.000000000000000000, 0.000000000000000000, 1.000000000000000000 ) ) ;
#65 = VERTEX_POINT ( 'NONE', #79 ) ;
#66 = EDGE_CURVE ( 'NONE', #33, #439, #1599, .T. ) ;
#67 = CARTESIAN_POINT ( 'NONE',  ( 11.00000000000000000, -20.19999999999999574, 8.150000000000000355 ) ) ;
#68 = ORIENTED_EDGE ( 'NONE', *, *, #598, .F. ) ;
#69 = CARTESIAN_POINT ( 'NONE',  ( 1.938244714750681354E-15, -17.00000000000000000, 2.000000000000000000 ) ) ;
#70 = AXIS2_PLACEMENT_3D ( 'NONE', #340, #750, #1461 ) ;
#71 = LINE ( 'NONE', #870, #158 ) ;
#72 = VECTOR ( 'NONE', #1415, 1000.000000000000000 ) ;
#73 = ORIENTED_EDGE ( 'NONE', *, *, #526, .F. ) ;
#74 = VECTOR ( 'NONE', #576, 1000.000000000000000 ) ;
#75 = EDGE_CURVE ( 'NONE', #825, #859, #371, .T. ) ;
#76 = VECTOR ( 'NONE', #301, 1000.000000000000000 ) ;
#77 = LINE ( 'NONE', #1021, #444 ) ;
#78 = LINE ( 'NONE', #1292, #1507 ) ;
#79 = CARTESIAN_POINT ( 'NONE',  ( 28.99999999999999289, 30.00000000000000000, -0.5000000000000000000 ) ) ;
#80 = CARTESIAN_POINT ( 'NONE',  ( 16.00000000000000000, 30.00000000000000000, 2.999999999999999112 ) ) ;
#81 = CARTESIAN_POINT ( 'NONE',  ( -17.00000000000000000, 24.50000000000000000, 3.000000000000000000 ) ) ;
#82 = ORIENTED_EDGE ( 'NONE', *, *, #342, .T. ) ;
#83 = EDGE_CURVE ( 'NONE', #1013, #1532, #1707, .T. ) ;
#84 = DIRECTION ( 'NONE',  ( 1.000000000000000000, 1.360567432138672328E-16, -0.000000000000000000 ) ) ;
#85 = DIRECTION ( 'NONE',  ( 0.000000000000000000, 0.000000000000000000, 1.000000000000000000 ) ) ;
#86 = EDGE_CURVE ( 'NONE', #1016, #214, #876, .T. ) ;
#87 = CARTESIAN_POINT ( 'NONE',  ( -15.00000000000000355, 27.19999999999999929, 2.000000000000000000 ) ) ;
#88 = FACE_OUTER_BOUND ( 'NONE', #334, .T. ) ;
#89 = ORIENTED_EDGE ( 'NONE', *, *, #63, .F. ) ;
#90 = ORIENTED_EDGE ( 'NONE', *, *, #1378, .T. ) ;
#91 = CARTESIAN_POINT ( 'NONE',  ( -14.89999999999999680, -17.00000000000000000, 3.000000000000000000 ) ) ;
#92 = ORIENTED_EDGE ( 'NONE', *, *, #1389, .F. ) ;
#93 = LINE ( 'NONE', #1577, #1615 ) ;
#94 = CARTESIAN_POINT ( 'NONE',  ( 13.49999999999999289, 33.59411254969542426, 13.69999999999999929 ) ) ;
#95 = VECTOR ( 'NONE', #621, 1000.000000000000000 ) ;
#96 = ADVANCED_FACE ( 'NONE', ( #1719 ), #602, .F. ) ;
#97 = EDGE_CURVE ( 'NONE', #878, #175, #1140, .T. ) ;
#98 = LINE ( 'NONE', #680, #585 ) ;
#99 = VERTEX_POINT ( 'NONE', #1427 ) ;
#100 = AXIS2_PLACEMENT_3D ( 'NONE', #1557, #331, #456 ) ;
#101 = ORIENTED_EDGE ( 'NONE', *, *, #466, .T. ) ;
#102 = DIRECTION ( 'NONE',  ( 0.000000000000000000, -0.000000000000000000, -1.000000000000000000 ) ) ;
#103 = AXIS2_PLACEMENT_3D ( 'NONE', #888, #84, #1717 ) ;
#104 = CARTESIAN_POINT ( 'NONE',  ( 13.19999999999999929, 18.09999999999999787, 9.000000000000001776 ) ) ;
#105 = CARTESIAN_POINT ( 'NONE',  ( 15.99999999999999289, 22.20000000000000284, 9.000000000000001776 ) ) ;
#106 = EDGE_LOOP ( 'NONE', ( #1755, #1014, #1741, #224 ) ) ;
#107 = LINE ( 'NONE', #758, #1333 ) ;
#108 = LINE ( 'NONE', #1748, #280 ) ;
#109 = VERTEX_POINT ( 'NONE', #1008 ) ;
#110 = ORIENTED_EDGE ( 'NONE', *, *, #832, .F. ) ;
#111 = LINE ( 'NONE', #1459, #1214 ) ;
#112 = LINE ( 'NONE', #1061, #1645 ) ;
#113 = ORIENTED_EDGE ( 'NONE', *, *, #782, .F. ) ;
#114 = CARTESIAN_POINT ( 'NONE',  ( 11.59999999999999609, 0.000000000000000000, 3.000000000000000000 ) ) ;
#115 = EDGE_CURVE ( 'NONE', #507, #390, #440, .T. ) ;
#116 = CARTESIAN_POINT ( 'NONE',  ( 12.90000000000000036, -17.30000000000000071, 11.00000000000000178 ) ) ;
#117 = VERTEX_POINT ( 'NONE', #1564 ) ;
#118 = DIRECTION ( 'NONE',  ( 1.000000000000000000, 0.000000000000000000, 0.000000000000000000 ) ) ;
#119 = EDGE_LOOP ( 'NONE', ( #1734, #1354, #1716, #1059 ) ) ;
#120 = ORIENTED_EDGE ( 'NONE', *, *, #122, .F. ) ;
#121 = CARTESIAN_POINT ( 'NONE',  ( 10.99999999999999289, 27.19999999999999929, 9.000000000000001776 ) ) ;
#122 = EDGE_CURVE ( 'NONE', #1208, #513, #1322, .T. ) ;
#123 = DIRECTION ( 'NONE',  ( -1.000000000000000000, 0.000000000000000000, 0.000000000000000000 ) ) ;
#124 = PLANE ( 'NONE',  #839 ) ;
#125 = VERTEX_POINT ( 'NONE', #210 ) ;
#126 = PLANE ( 'NONE',  #1330 ) ;
#127 = ORIENTED_EDGE ( 'NONE', *, *, #13, .F. ) ;
#128 = ORIENTED_EDGE ( 'NONE', *, *, #965, .T. ) ;
#129 = PLANE ( 'NONE',  #1555 ) ;
#130 = VECTOR ( 'NONE', #386, 1000.000000000000000 ) ;
#131 = CARTESIAN_POINT ( 'NONE',  ( -9.999999999999998224, 30.00100000000000122, 7.000000000000000888 ) ) ;
#132 = AXIS2_PLACEMENT_3D ( 'NONE', #1248, #1503, #549 ) ;
#133 = CARTESIAN_POINT ( 'NONE',  ( -9.999999999999998224, -17.00000000000000000, 7.000000000000000888 ) ) ;
#134 = VERTEX_POINT ( 'NONE', #608 ) ;
#135 = EDGE_CURVE ( 'NONE', #390, #507, #181, .T. ) ;
#136 = CARTESIAN_POINT ( 'NONE',  ( 16.00000000000000000, -16.99999999999999645, 2.000000000000000000 ) ) ;
#137 = VERTEX_POINT ( 'NONE', #1023 ) ;
#138 = CARTESIAN_POINT ( 'NONE',  ( -12.50000000000000178, 33.59411254969542426, 14.89999999999999858 ) ) ;
#139 = EDGE_CURVE ( 'NONE', #790, #1321, #1713, .T. ) ;
#140 = CARTESIAN_POINT ( 'NONE',  ( 15.99999999999999289, 27.19999999999999929, 2.000000000000000000 ) ) ;
#141 = ORIENTED_EDGE ( 'NONE', *, *, #288, .T. ) ;
#142 = CARTESIAN_POINT ( 'NONE',  ( 24.99999999999999645, -17.50000000000000711, -0.5000000000000000000 ) ) ;
#143 = ORIENTED_EDGE ( 'NONE', *, *, #367, .T. ) ;
#144 = DIRECTION ( 'NONE',  ( -1.000000000000000000, -1.136998822792451151E-16, 0.000000000000000000 ) ) ;
#145 =( NAMED_UNIT ( * ) PLANE_ANGLE_UNIT ( ) SI_UNIT ( $, .RADIAN. ) );
#146 = ORIENTED_EDGE ( 'NONE', *, *, #1234, .T. ) ;
#147 = DIRECTION ( 'NONE',  ( -0.000000000000000000, 0.000000000000000000, 1.000000000000000000 ) ) ;
#148 = ORIENTED_EDGE ( 'NONE', *, *, #1109, .F. ) ;
#149 = EDGE_CURVE ( 'NONE', #1040, #237, #1166, .T. ) ;
#150 = DIRECTION ( 'NONE',  ( 0.000000000000000000, 0.000000000000000000, -1.000000000000000000 ) ) ;
#151 = EDGE_CURVE ( 'NONE', #117, #296, #808, .T. ) ;
#152 = ORIENTED_EDGE ( 'NONE', *, *, #294, .F. ) ;
#153 = FACE_BOUND ( 'NONE', #1317, .T. ) ;
#154 = AXIS2_PLACEMENT_3D ( 'NONE', #1705, #1696, #1569 ) ;
#155 = AXIS2_PLACEMENT_3D ( 'NONE', #52, #968, #1447 ) ;
#156 = CARTESIAN_POINT ( 'NONE',  ( 18.00000000000000000, 2.449021377849609992E-15, 3.000000000000000000 ) ) ;
#157 = CARTESIAN_POINT ( 'NONE',  ( 13.49999999999999289, 27.19999999999999929, 13.69999999999999929 ) ) ;
#158 = VECTOR ( 'NONE', #1019, 1000.000000000000000 ) ;
#159 = DIRECTION ( 'NONE',  ( 1.000000000000000000, 0.000000000000000000, 0.000000000000000000 ) ) ;
#160 = ADVANCED_FACE ( 'NONE', ( #1454 ), #227, .F. ) ;
#161 = ORIENTED_EDGE ( 'NONE', *, *, #949, .F. ) ;
#162 = CARTESIAN_POINT ( 'NONE',  ( 15.99999999999999289, 30.00000000000000000, 16.19999999999999929 ) ) ;
#163 = CARTESIAN_POINT ( 'NONE',  ( 15.99999999999999289, 27.19999999999999929, 16.19999999999999929 ) ) ;
#164 = PLANE ( 'NONE',  #588 ) ;
#165 = VERTEX_POINT ( 'NONE', #396 ) ;
#166 = DIRECTION ( 'NONE',  ( -1.000000000000000000, 0.000000000000000000, 0.000000000000000000 ) ) ;
#167 = ORIENTED_EDGE ( 'NONE', *, *, #135, .F. ) ;
#168 = CARTESIAN_POINT ( 'NONE',  ( -23.99999999999999645, -3.965082230804130614E-15, 3.000000000000000000 ) ) ;
#169 = FACE_BOUND ( 'NONE', #269, .T. ) ;
#170 = EDGE_CURVE ( 'NONE', #878, #868, #1485, .T. ) ;
#171 = CARTESIAN_POINT ( 'NONE',  ( 15.90000000000000036, -20.19999999999999929, 3.000000000000000000 ) ) ;
#172 = LINE ( 'NONE', #209, #703 ) ;
#173 = ORIENTED_EDGE ( 'NONE', *, *, #374, .F. ) ;
#174 = LINE ( 'NONE', #1112, #1506 ) ;
#175 = VERTEX_POINT ( 'NONE', #121 ) ;
#176 = EDGE_CURVE ( 'NONE', #916, #629, #1174, .T. ) ;
#177 = LINE ( 'NONE', #984, #1243 ) ;
#178 = CARTESIAN_POINT ( 'NONE',  ( 0.000000000000000000, 2.000000000000001776, 2.000000000000000000 ) ) ;
#179 = DIRECTION ( 'NONE',  ( 1.000000000000000000, 0.000000000000000000, 0.000000000000000000 ) ) ;
#180 = ORIENTED_EDGE ( 'NONE', *, *, #627, .T. ) ;
#181 = CIRCLE ( 'NONE', #1438, 1.149999999999999911 ) ;
#182 = AXIS2_PLACEMENT_3D ( 'NONE', #503, #370, #1176 ) ;
#183 = DIRECTION ( 'NONE',  ( -0.000000000000000000, -1.000000000000000000, -0.000000000000000000 ) ) ;
#184 = VECTOR ( 'NONE', #1663, 1000.000000000000000 ) ;
#185 = VECTOR ( 'NONE', #430, 1000.000000000000000 ) ;
#186 = ORIENTED_EDGE ( 'NONE', *, *, #376, .F. ) ;
#187 = DIRECTION ( 'NONE',  ( -0.000000000000000000, -1.000000000000000000, -0.000000000000000000 ) ) ;
#188 = EDGE_CURVE ( 'NONE', #65, #1154, #938, .T. ) ;
#189 = CARTESIAN_POINT ( 'NONE',  ( 11.00000000000000000, -17.00000000000000000, 7.000000000000000888 ) ) ;
#190 = ORIENTED_EDGE ( 'NONE', *, *, #1288, .T. ) ;
#191 = ADVANCED_FACE ( 'NONE', ( #667, #806 ), #129, .T. ) ;
#192 = CARTESIAN_POINT ( 'NONE',  ( 0.000000000000000000, 30.00000000000000000, -0.5000000000000000000 ) ) ;
#193 = VERTEX_POINT ( 'NONE', #1077 ) ;
#194 = PRODUCT_CONTEXT ( 'NONE', #199, 'mechanical' ) ;
#195 = ORIENTED_EDGE ( 'NONE', *, *, #1109, .T. ) ;
#196 = CARTESIAN_POINT ( 'NONE',  ( -15.00000000000000355, 27.19999999999999929, 16.19999999999999929 ) ) ;
#197 = EDGE_LOOP ( 'NONE', ( #1067, #836, #1595, #1471 ) ) ;
#198 = EDGE_CURVE ( 'NONE', #571, #1544, #1631, .T. ) ;
#199 = APPLICATION_CONTEXT ( 'automotive_design' ) ;
#200 = PLANE ( 'NONE',  #919 ) ;
#201 = ORIENTED_EDGE ( 'NONE', *, *, #526, .T. ) ;
#202 = DIRECTION ( 'NONE',  ( 1.000000000000000000, -1.942890293094024892E-14, 0.000000000000000000 ) ) ;
#203 = DIRECTION ( 'NONE',  ( -1.000000000000000000, 0.000000000000000000, 0.000000000000000000 ) ) ;
#204 = DIRECTION ( 'NONE',  ( -0.000000000000000000, -0.000000000000000000, -1.000000000000000000 ) ) ;
#205 = EDGE_CURVE ( 'NONE', #693, #1260, #270, .T. ) ;
#206 = VERTEX_POINT ( 'NONE', #677 ) ;
#207 = CARTESIAN_POINT ( 'NONE',  ( 1.938244714750681354E-15, -17.00000000000000000, 9.000000000000001776 ) ) ;
#208 = ORIENTED_EDGE ( 'NONE', *, *, #988, .F. ) ;
#209 = CARTESIAN_POINT ( 'NONE',  ( 16.00000000000000000, -19.99999999999999645, 3.000000000000000000 ) ) ;
#210 = CARTESIAN_POINT ( 'NONE',  ( 28.99999999999999645, -23.39999999999999858, 3.000000000000000000 ) ) ;
#211 = CARTESIAN_POINT ( 'NONE',  ( 11.00000000000000000, 30.00100000000000122, 8.150000000000000355 ) ) ;
#212 = VECTOR ( 'NONE', #724, 1000.000000000000000 ) ;
#213 = AXIS2_PLACEMENT_3D ( 'NONE', #1043, #907, #1605 ) ;
#214 = VERTEX_POINT ( 'NONE', #3 ) ;
#215 = EDGE_CURVE ( 'NONE', #1580, #117, #542, .T. ) ;
#216 = AXIS2_PLACEMENT_3D ( 'NONE', #1349, #1456, #231 ) ;
#217 = AXIS2_PLACEMENT_3D ( 'NONE', #1117, #1110, #1672 ) ;
#218 = CARTESIAN_POINT ( 'NONE',  ( 11.65000000000000036, -17.30000000000000071, 9.000000000000001776 ) ) ;
#219 = ORIENTED_EDGE ( 'NONE', *, *, #729, .T. ) ;
#220 = DIRECTION ( 'NONE',  ( 0.000000000000000000, 0.000000000000000000, -1.000000000000000000 ) ) ;
#221 = EDGE_CURVE ( 'NONE', #1619, #916, #1365, .T. ) ;
#222 = CARTESIAN_POINT ( 'NONE',  ( -28.00000000000000000, 30.00000000000000000, 3.000000000000000000 ) ) ;
#223 = CARTESIAN_POINT ( 'NONE',  ( -9.999999999999998224, -20.19999999999999574, 7.000000000000000888 ) ) ;
#224 = ORIENTED_EDGE ( 'NONE', *, *, #1058, .T. ) ;
#225 = LINE ( 'NONE', #91, #1765 ) ;
#226 = EDGE_LOOP ( 'NONE', ( #167, #401 ) ) ;
#227 = PLANE ( 'NONE',  #495 ) ;
#228 = DIRECTION ( 'NONE',  ( 0.000000000000000000, 0.000000000000000000, -1.000000000000000000 ) ) ;
#229 = EDGE_CURVE ( 'NONE', #309, #1362, #683, .T. ) ;
#230 = DIRECTION ( 'NONE',  ( 0.000000000000000000, 0.000000000000000000, -1.000000000000000000 ) ) ;
#231 = DIRECTION ( 'NONE',  ( -1.360567432138672328E-16, 1.000000000000000000, 0.000000000000000000 ) ) ;
#232 = ORIENTED_EDGE ( 'NONE', *, *, #1200, .T. ) ;
#233 = VERTEX_POINT ( 'NONE', #9 ) ;
#234 = EDGE_CURVE ( 'NONE', #571, #626, #548, .T. ) ;
#235 = CARTESIAN_POINT ( 'NONE',  ( 11.65000000000000036, -17.30000000000000071, 14.53553390593273953 ) ) ;
#236 = CARTESIAN_POINT ( 'NONE',  ( 0.000000000000000000, 27.19999999999999929, 2.000000000000000000 ) ) ;
#237 = VERTEX_POINT ( 'NONE', #1190 ) ;
#238 = CARTESIAN_POINT ( 'NONE',  ( 17.99999999999999645, 24.50000000000000000, 3.000000000000000000 ) ) ;
#239 = DIRECTION ( 'NONE',  ( 0.000000000000000000, -0.000000000000000000, -1.000000000000000000 ) ) ;
#240 = AXIS2_PLACEMENT_3D ( 'NONE', #1697, #472, #202 ) ;
#241 = DIRECTION ( 'NONE',  ( 0.000000000000000000, 0.000000000000000000, -1.000000000000000000 ) ) ;
#242 = VERTEX_POINT ( 'NONE', #1746 ) ;
#243 = AXIS2_PLACEMENT_3D ( 'NONE', #223, #990, #1715 ) ;
#244 = VERTEX_POINT ( 'NONE', #514 ) ;
#245 = VECTOR ( 'NONE', #752, 1000.000000000000000 ) ;
#246 = DIRECTION ( 'NONE',  ( 0.000000000000000000, -0.000000000000000000, 1.000000000000000000 ) ) ;
#247 = CYLINDRICAL_SURFACE ( 'NONE', #182, 1.249999999999999334 ) ;
#248 = ORIENTED_EDGE ( 'NONE', *, *, #1498, .T. ) ;
#249 = ORIENTED_EDGE ( 'NONE', *, *, #1329, .F. ) ;
#250 = DIRECTION ( 'NONE',  ( -1.000000000000000000, 0.000000000000000000, 0.000000000000000000 ) ) ;
#251 = EDGE_CURVE ( 'NONE', #1031, #626, #1609, .T. ) ;
#252 = DIRECTION ( 'NONE',  ( -0.000000000000000000, -1.000000000000000000, -0.000000000000000000 ) ) ;
#253 = CARTESIAN_POINT ( 'NONE',  ( 18.00000000000000355, -17.50000000000000711, 3.000000000000000000 ) ) ;
#254 = ORIENTED_EDGE ( 'NONE', *, *, #1143, .F. ) ;
#255 = ADVANCED_FACE ( 'NONE', ( #791, #829, #169, #1391, #314 ), #1115, .F. ) ;
#256 = ORIENTED_EDGE ( 'NONE', *, *, #988, .T. ) ;
#257 = CARTESIAN_POINT ( 'NONE',  ( -27.99999999999999289, -23.39999999999999858, 0.000000000000000000 ) ) ;
#258 = DIRECTION ( 'NONE',  ( 1.000000000000000000, -0.000000000000000000, 0.000000000000000000 ) ) ;
#259 = VERTEX_POINT ( 'NONE', #1405 ) ;
#260 = ORIENTED_EDGE ( 'NONE', *, *, #1351, .F. ) ;
#261 = CARTESIAN_POINT ( 'NONE',  ( -15.00000000000000355, 27.00000000000000000, 2.000000000000000000 ) ) ;
#262 = FACE_OUTER_BOUND ( 'NONE', #1335, .T. ) ;
#263 = ORIENTED_EDGE ( 'NONE', *, *, #1234, .F. ) ;
#264 = MANIFOLD_SOLID_BREP ( '\X2\52079664\X0\-\X2\62c94f38\X0\16', #1356 ) ;
#265 = DIRECTION ( 'NONE',  ( 0.000000000000000000, 0.000000000000000000, -1.000000000000000000 ) ) ;
#266 = FACE_OUTER_BOUND ( 'NONE', #1740, .T. ) ;
#267 = DIRECTION ( 'NONE',  ( -1.360567432138672328E-16, 1.000000000000000000, 0.000000000000000000 ) ) ;
#268 = ORIENTED_EDGE ( 'NONE', *, *, #1723, .F. ) ;
#269 = EDGE_LOOP ( 'NONE', ( #967, #453 ) ) ;
#270 = LINE ( 'NONE', #1355, #323 ) ;
#271 = LINE ( 'NONE', #1084, #23 ) ;
#272 = CARTESIAN_POINT ( 'NONE',  ( 10.99999999999999289, 27.19999999999999929, 11.00000000000000178 ) ) ;
#273 = ADVANCED_FACE ( 'NONE', ( #58 ), #1685, .T. ) ;
#274 = ORIENTED_EDGE ( 'NONE', *, *, #1009, .F. ) ;
#275 = VECTOR ( 'NONE', #774, 1000.000000000000000 ) ;
#276 = EDGE_CURVE ( 'NONE', #1759, #1031, #871, .T. ) ;
#277 = LINE ( 'NONE', #417, #1731 ) ;
#278 = ORIENTED_EDGE ( 'NONE', *, *, #879, .T. ) ;
#279 = AXIS2_PLACEMENT_3D ( 'NONE', #104, #1307, #788 ) ;
#280 = VECTOR ( 'NONE', #1079, 1000.000000000000000 ) ;
#281 = DIRECTION ( 'NONE',  ( 1.107270303814983417E-16, -1.000000000000000000, 0.000000000000000000 ) ) ;
#282 = CIRCLE ( 'NONE', #955, 1.249999999999999334 ) ;
#283 = CARTESIAN_POINT ( 'NONE',  ( 17.99999999999999645, 24.50000000000000000, -0.5000000000000000000 ) ) ;
#284 = EDGE_LOOP ( 'NONE', ( #1424, #208, #1722, #1218, #152, #1423, #817, #1673 ) ) ;
#285 = DIRECTION ( 'NONE',  ( 0.000000000000000000, 0.000000000000000000, -1.000000000000000000 ) ) ;
#286 = DIRECTION ( 'NONE',  ( 1.000000000000000000, 8.260587980841936314E-17, -0.000000000000000000 ) ) ;
#287 = ORIENTED_EDGE ( 'NONE', *, *, #215, .F. ) ;
#288 = EDGE_CURVE ( 'NONE', #1132, #868, #1546, .T. ) ;
#289 = CARTESIAN_POINT ( 'NONE',  ( 13.19999999999999929, 18.09999999999999787, 14.53553390593273953 ) ) ;
#290 = ORIENTED_EDGE ( 'NONE', *, *, #1658, .F. ) ;
#291 = LINE ( 'NONE', #1206, #1677 ) ;
#292 = LINE ( 'NONE', #413, #76 ) ;
#293 = ORIENTED_EDGE ( 'NONE', *, *, #622, .F. ) ;
#294 = EDGE_CURVE ( 'NONE', #492, #1362, #1411, .T. ) ;
#295 = DIRECTION ( 'NONE',  ( 0.000000000000000000, 1.000000000000000000, 0.000000000000000000 ) ) ;
#296 = VERTEX_POINT ( 'NONE', #437 ) ;
#297 = ADVANCED_FACE ( 'NONE', ( #512 ), #247, .F. ) ;
#298 = CARTESIAN_POINT ( 'NONE',  ( -10.95000000000000284, 18.30000000000000071, 11.00000000000000178 ) ) ;
#299 = AXIS2_PLACEMENT_3D ( 'NONE', #1173, #1041, #102 ) ;
#300 = VECTOR ( 'NONE', #1761, 1000.000000000000000 ) ;
#301 = DIRECTION ( 'NONE',  ( 0.000000000000000000, 1.232595164407830946E-32, 1.000000000000000000 ) ) ;
#302 = CARTESIAN_POINT ( 'NONE',  ( -14.89999999999998614, 8.693143209368180103E-15, 9.000000000000001776 ) ) ;
#303 = AXIS2_PLACEMENT_3D ( 'NONE', #603, #483, #885 ) ;
#304 = DIRECTION ( 'NONE',  ( -3.469446951953613696E-16, -1.000000000000000000, 0.000000000000000000 ) ) ;
#305 = ORIENTED_EDGE ( 'NONE', *, *, #846, .T. ) ;
#306 = CARTESIAN_POINT ( 'NONE',  ( 0.000000000000000000, -23.39999999999999858, 3.000000000000000000 ) ) ;
#307 = DIRECTION ( 'NONE',  ( 0.000000000000000000, 0.000000000000000000, -1.000000000000000000 ) ) ;
#308 = CARTESIAN_POINT ( 'NONE',  ( 0.000000000000000000, 27.19999999999999929, 0.000000000000000000 ) ) ;
#309 = VERTEX_POINT ( 'NONE', #1733 ) ;
#310 = CARTESIAN_POINT ( 'NONE',  ( 28.99999999999999645, 1.972822776601074727E-15, 3.000000000000000000 ) ) ;
#311 = EDGE_CURVE ( 'NONE', #33, #1284, #936, .T. ) ;
#312 = ORIENTED_EDGE ( 'NONE', *, *, #115, .T. ) ;
#313 = DIRECTION ( 'NONE',  ( -0.000000000000000000, 0.000000000000000000, -1.000000000000000000 ) ) ;
#314 = FACE_OUTER_BOUND ( 'NONE', #996, .T. ) ;
#315 = CARTESIAN_POINT ( 'NONE',  ( -9.999999999999998224, 30.00100000000000122, 5.850000000000001421 ) ) ;
#316 = FACE_BOUND ( 'NONE', #958, .T. ) ;
#317 = ORIENTED_EDGE ( 'NONE', *, *, #1622, .T. ) ;
#318 = DIRECTION ( 'NONE',  ( -0.000000000000000000, -0.000000000000000000, -1.000000000000000000 ) ) ;
#319 = ORIENTED_EDGE ( 'NONE', *, *, #1186, .T. ) ;
#320 = CYLINDRICAL_SURFACE ( 'NONE', #609, 1.149999999999999911 ) ;
#321 = PLANE ( 'NONE',  #1068 ) ;
#322 = EDGE_CURVE ( 'NONE', #244, #559, #1052, .T. ) ;
#323 = VECTOR ( 'NONE', #818, 1000.000000000000000 ) ;
#324 = CARTESIAN_POINT ( 'NONE',  ( 0.000000000000000000, -23.39999999999999858, -0.5000000000000000000 ) ) ;
#325 = ORIENTED_EDGE ( 'NONE', *, *, #288, .F. ) ;
#326 =( NAMED_UNIT ( * ) PLANE_ANGLE_UNIT ( ) SI_UNIT ( $, .RADIAN. ) );
#327 = VERTEX_POINT ( 'NONE', #651 ) ;
#328 = CIRCLE ( 'NONE', #1097, 1.199999999999999734 ) ;
#329 = VECTOR ( 'NONE', #1562, 1000.000000000000000 ) ;
#330 = DIRECTION ( 'NONE',  ( -0.000000000000000000, -0.000000000000000000, -1.000000000000000000 ) ) ;
#331 = DIRECTION ( 'NONE',  ( -1.000000000000000000, 5.833978216822720822E-16, 4.930380657631323784E-32 ) ) ;
#332 = AXIS2_PLACEMENT_3D ( 'NONE', #1237, #822, #144 ) ;
#333 = CIRCLE ( 'NONE', #1332, 1.149999999999999911 ) ;
#334 = EDGE_LOOP ( 'NONE', ( #617, #591, #1465, #739 ) ) ;
#335 = VECTOR ( 'NONE', #780, 1000.000000000000000 ) ;
#336 = CARTESIAN_POINT ( 'NONE',  ( -12.50000000000000178, 33.59411254969542426, 13.69999999999999929 ) ) ;
#337 = DIRECTION ( 'NONE',  ( -1.000000000000000000, 0.000000000000000000, 0.000000000000000000 ) ) ;
#338 = ADVANCED_FACE ( 'NONE', ( #1030 ), #1044, .T. ) ;
#339 = DIRECTION ( 'NONE',  ( 0.000000000000000000, 0.000000000000000000, -1.000000000000000000 ) ) ;
#340 = CARTESIAN_POINT ( 'NONE',  ( -12.20000000000000284, 18.30000000000000071, 9.000000000000001776 ) ) ;
#341 = DIRECTION ( 'NONE',  ( 1.000000000000000000, 0.000000000000000000, 0.000000000000000000 ) ) ;
#342 = EDGE_CURVE ( 'NONE', #1430, #1627, #1221, .T. ) ;
#343 = EDGE_LOOP ( 'NONE', ( #518, #980, #523, #31 ) ) ;
#344 = EDGE_LOOP ( 'NONE', ( #509, #1419 ) ) ;
#345 = DIRECTION ( 'NONE',  ( 1.000000000000000000, 0.000000000000000000, 0.000000000000000000 ) ) ;
#346 = ORIENTED_EDGE ( 'NONE', *, *, #1288, .F. ) ;
#347 = DIRECTION ( 'NONE',  ( -1.476360405086644309E-16, 1.000000000000000000, 0.000000000000000000 ) ) ;
#348 = DIRECTION ( 'NONE',  ( 0.000000000000000000, 0.000000000000000000, 1.000000000000000000 ) ) ;
#349 = DIRECTION ( 'NONE',  ( -1.000000000000000000, 0.000000000000000000, 0.000000000000000000 ) ) ;
#350 = ORIENTED_EDGE ( 'NONE', *, *, #1422, .T. ) ;
#351 = PLANE ( 'NONE',  #103 ) ;
#352 = CARTESIAN_POINT ( 'NONE',  ( 15.90000000000000036, -16.99999999999999645, 9.000000000000001776 ) ) ;
#353 = FACE_BOUND ( 'NONE', #344, .T. ) ;
#354 = DIRECTION ( 'NONE',  ( 1.652117596168387756E-16, -1.000000000000000000, 0.000000000000000000 ) ) ;
#355 = AXIS2_PLACEMENT_3D ( 'NONE', #928, #828, #16 ) ;
#356 = ORIENTED_EDGE ( 'NONE', *, *, #376, .T. ) ;
#357 = AXIS2_PLACEMENT_3D ( 'NONE', #133, #1342, #497 ) ;
#358 = EDGE_CURVE ( 'NONE', #1249, #589, #1618, .T. ) ;
#359 = CIRCLE ( 'NONE', #1625, 1.249999999999999334 ) ;
#360 = DIRECTION ( 'NONE',  ( -0.000000000000000000, -1.000000000000000000, -0.000000000000000000 ) ) ;
#361 = DIRECTION ( 'NONE',  ( 4.956352788505164254E-16, -1.000000000000000000, 0.000000000000000000 ) ) ;
#362 = ORIENTED_EDGE ( 'NONE', *, *, #1297, .T. ) ;
#363 = CARTESIAN_POINT ( 'NONE',  ( -13.15000000000000213, -17.30000000000000071, 14.53553390593273953 ) ) ;
#364 = CARTESIAN_POINT ( 'NONE',  ( 11.00000000000000000, -17.00000000000000000, 8.150000000000000355 ) ) ;
#365 = CARTESIAN_POINT ( 'NONE',  ( -14.89999999999997016, 27.20000000000000284, 9.000000000000001776 ) ) ;
#366 = ORIENTED_EDGE ( 'NONE', *, *, #742, .T. ) ;
#367 = EDGE_CURVE ( 'NONE', #868, #1249, #1606, .T. ) ;
#368 = VERTEX_POINT ( 'NONE', #393 ) ;
#369 = DIRECTION ( 'NONE',  ( 0.000000000000000000, 0.000000000000000000, -1.000000000000000000 ) ) ;
#370 = DIRECTION ( 'NONE',  ( 0.000000000000000000, 0.000000000000000000, -1.000000000000000000 ) ) ;
#371 = LINE ( 'NONE', #69, #1001 ) ;
#372 = CARTESIAN_POINT ( 'NONE',  ( 15.99999999999999289, 27.19999999999999929, 0.000000000000000000 ) ) ;
#373 = FACE_BOUND ( 'NONE', #906, .T. ) ;
#374 = EDGE_CURVE ( 'NONE', #594, #1016, #1339, .T. ) ;
#375 = ORIENTED_EDGE ( 'NONE', *, *, #545, .T. ) ;
#376 = EDGE_CURVE ( 'NONE', #1654, #878, #1585, .T. ) ;
#377 = ORIENTED_EDGE ( 'NONE', *, *, #1449, .T. ) ;
#378 = LINE ( 'NONE', #1617, #1583 ) ;
#379 = CARTESIAN_POINT ( 'NONE',  ( 0.000000000000000000, 0.000000000000000000, 16.19999999999999929 ) ) ;
#380 = EDGE_LOOP ( 'NONE', ( #524, #381, #531, #1245 ) ) ;
#381 = ORIENTED_EDGE ( 'NONE', *, *, #684, .F. ) ;
#382 = CARTESIAN_POINT ( 'NONE',  ( 0.000000000000000000, 2.000000000000001776, -0.5000000000000000000 ) ) ;
#383 = APPLICATION_CONTEXT ( 'automotive_design' ) ;
#384 = DIRECTION ( 'NONE',  ( 5.833978216822720822E-16, 1.000000000000000000, -0.000000000000000000 ) ) ;
#385 = EDGE_CURVE ( 'NONE', #259, #1314, #1762, .T. ) ;
#386 = DIRECTION ( 'NONE',  ( 1.000000000000000000, -0.000000000000000000, -0.000000000000000000 ) ) ;
#387 = EDGE_LOOP ( 'NONE', ( #1302, #59, #1437, #1573 ) ) ;
#388 = AXIS2_PLACEMENT_3D ( 'NONE', #1460, #361, #1491 ) ;
#389 = CIRCLE ( 'NONE', #1621, 1.199999999999999734 ) ;
#390 = VERTEX_POINT ( 'NONE', #1188 ) ;
#391 = CIRCLE ( 'NONE', #1386, 1.249999999999999334 ) ;
#392 = CARTESIAN_POINT ( 'NONE',  ( -8.928723773410020202E-17, -1.399999999999997469, 2.000000000000000000 ) ) ;
#393 = CARTESIAN_POINT ( 'NONE',  ( -14.99999999999999645, -17.00000000000000000, 3.000000000000000000 ) ) ;
#394 = CIRCLE ( 'NONE', #1736, 1.249999999999999334 ) ;
#395 = ORIENTED_EDGE ( 'NONE', *, *, #562, .T. ) ;
#396 = CARTESIAN_POINT ( 'NONE',  ( -13.15000000000000213, -17.30000000000000071, 9.000000000000001776 ) ) ;
#397 = ADVANCED_FACE ( 'NONE', ( #1744 ), #1754, .T. ) ;
#398 = DIRECTION ( 'NONE',  ( 1.000000000000000000, 0.000000000000000000, 0.000000000000000000 ) ) ;
#399 = ORIENTED_EDGE ( 'NONE', *, *, #1550, .F. ) ;
#400 = LINE ( 'NONE', #1334, #1216 ) ;
#401 = ORIENTED_EDGE ( 'NONE', *, *, #115, .F. ) ;
#402 = DIRECTION ( 'NONE',  ( 1.000000000000000000, -0.000000000000000000, -0.000000000000000000 ) ) ;
#403 = CARTESIAN_POINT ( 'NONE',  ( 15.99999999999999289, 27.19999999999999929, 16.19999999999999929 ) ) ;
#404 = VERTEX_POINT ( 'NONE', #764 ) ;
#405 = ORIENTED_EDGE ( 'NONE', *, *, #35, .T. ) ;
#406 = CARTESIAN_POINT ( 'NONE',  ( 11.59999999999999609, 0.000000000000000000, 2.000000000000000000 ) ) ;
#407 = CARTESIAN_POINT ( 'NONE',  ( 12.90000000000000036, -17.30000000000000071, 9.000000000000001776 ) ) ;
#408 = DIRECTION ( 'NONE',  ( 1.000000000000000000, -6.377659838150026227E-17, 0.000000000000000000 ) ) ;
#409 = EDGE_CURVE ( 'NONE', #404, #1194, #112, .T. ) ;
#410 = VERTEX_POINT ( 'NONE', #715 ) ;
#411 = CARTESIAN_POINT ( 'NONE',  ( -14.89999999999998614, 8.693143209368180103E-15, 3.000000000000000000 ) ) ;
#412 = ORIENTED_EDGE ( 'NONE', *, *, #1192, .T. ) ;
#413 = CARTESIAN_POINT ( 'NONE',  ( 15.90000000000000036, -16.99999999999999645, 2.095411779493312170E-31 ) ) ;
#414 = CARTESIAN_POINT ( 'NONE',  ( -13.45000000000000107, 18.30000000000000071, 11.00000000000000178 ) ) ;
#415 = EDGE_LOOP ( 'NONE', ( #672, #1641, #1045, #688 ) ) ;
#416 = CIRCLE ( 'NONE', #442, 1.249999999999999334 ) ;
#417 = CARTESIAN_POINT ( 'NONE',  ( 1.938244714750681354E-15, -17.00000000000000000, 9.000000000000001776 ) ) ;
#418 = ADVANCED_FACE ( 'NONE', ( #1261 ), #320, .F. ) ;
#419 = CARTESIAN_POINT ( 'NONE',  ( 15.99999999999999289, 30.00000000000000000, 3.000000000000000000 ) ) ;
#420 = VECTOR ( 'NONE', #159, 1000.000000000000000 ) ;
#421 = LINE ( 'NONE', #1231, #476 ) ;
#422 = ORIENTED_EDGE ( 'NONE', *, *, #893, .F. ) ;
#423 = VECTOR ( 'NONE', #1191, 1000.000000000000000 ) ;
#424 = CARTESIAN_POINT ( 'NONE',  ( 0.000000000000000000, 24.50000000000000000, 3.000000000000000000 ) ) ;
#425 = EDGE_LOOP ( 'NONE', ( #1149, #1489, #500, #1547, #293, #1256, #546, #366, #195, #504, #305, #584 ) ) ;
#426 = CARTESIAN_POINT ( 'NONE',  ( 16.00000000000000000, -20.19999999999999929, 3.000000000000000000 ) ) ;
#427 = SURFACE_SIDE_STYLE ('',( #17 ) ) ;
#428 = FACE_OUTER_BOUND ( 'NONE', #1567, .T. ) ;
#429 = CARTESIAN_POINT ( 'NONE',  ( -28.00000000000000000, 30.00000000000000000, 3.000000000000000000 ) ) ;
#430 = DIRECTION ( 'NONE',  ( 0.000000000000000000, -0.000000000000000000, 1.000000000000000000 ) ) ;
#431 = ORIENTED_EDGE ( 'NONE', *, *, #862, .F. ) ;
#432 = EDGE_CURVE ( 'NONE', #867, #1619, #328, .T. ) ;
#433 = DIRECTION ( 'NONE',  ( 0.000000000000000000, 0.000000000000000000, 1.000000000000000000 ) ) ;
#434 = LINE ( 'NONE', #574, #978 ) ;
#435 = EDGE_LOOP ( 'NONE', ( #648, #1630 ) ) ;
#436 = DIRECTION ( 'NONE',  ( -1.000000000000000000, 0.000000000000000000, 0.000000000000000000 ) ) ;
#437 = CARTESIAN_POINT ( 'NONE',  ( 13.49999999999999289, 27.19999999999999929, 12.49999999999999822 ) ) ;
#438 = ADVANCED_FACE ( 'NONE', ( #649 ), #905, .F. ) ;
#439 = VERTEX_POINT ( 'NONE', #555 ) ;
#440 = CIRCLE ( 'NONE', #947, 1.149999999999999911 ) ;
#441 = CARTESIAN_POINT ( 'NONE',  ( -9.999999999999998224, 30.00100000000000122, 7.000000000000000888 ) ) ;
#442 = AXIS2_PLACEMENT_3D ( 'NONE', #592, #847, #345 ) ;
#443 = LINE ( 'NONE', #324, #1727 ) ;
#444 = VECTOR ( 'NONE', #1338, 1000.000000000000000 ) ;
#445 = CARTESIAN_POINT ( 'NONE',  ( 11.68653389004884069, -17.00000000000000000, 9.000000000000001776 ) ) ;
#446 = PLANE ( 'NONE',  #860 ) ;
#447 = VECTOR ( 'NONE', #1106, 1000.000000000000000 ) ;
#448 = DIRECTION ( 'NONE',  ( 6.802837160693361638E-17, -1.000000000000000000, 0.000000000000000000 ) ) ;
#449 = AXIS2_PLACEMENT_3D ( 'NONE', #768, #1047, #538 ) ;
#450 = ORIENTED_EDGE ( 'NONE', *, *, #1017, .T. ) ;
#451 = DIRECTION ( 'NONE',  ( 6.377659838150026227E-17, 1.000000000000000000, -0.000000000000000000 ) ) ;
#452 = DIRECTION ( 'NONE',  ( -1.000000000000000000, 0.000000000000000000, 0.000000000000000000 ) ) ;
#453 = ORIENTED_EDGE ( 'NONE', *, *, #1703, .T. ) ;
#454 = ADVANCED_FACE ( 'NONE', ( #1752 ), #1582, .F. ) ;
#455 = FACE_OUTER_BOUND ( 'NONE', #486, .T. ) ;
#456 = DIRECTION ( 'NONE',  ( -5.833978216822720822E-16, -1.000000000000000000, 0.000000000000000000 ) ) ;
#457 = ADVANCED_FACE ( 'NONE', ( #1660 ), #927, .T. ) ;
#458 = ORIENTED_EDGE ( 'NONE', *, *, #551, .T. ) ;
#459 = DIRECTION ( 'NONE',  ( -1.000000000000000000, 0.000000000000000000, 0.000000000000000000 ) ) ;
#460 = CARTESIAN_POINT ( 'NONE',  ( 0.000000000000000000, -17.50000000000000355, 3.000000000000000000 ) ) ;
#461 = CARTESIAN_POINT ( 'NONE',  ( -9.999999999999998224, -20.19999999999999574, 8.150000000000000355 ) ) ;
#462 =( LENGTH_UNIT ( ) NAMED_UNIT ( * ) SI_UNIT ( .MILLI., .METRE. ) );
#463 = ORIENTED_EDGE ( 'NONE', *, *, #874, .F. ) ;
#464 = CARTESIAN_POINT ( 'NONE',  ( -24.00000000000000000, 24.49999999999999645, -0.5000000000000000000 ) ) ;
#465 = VERTEX_POINT ( 'NONE', #854 ) ;
#466 = EDGE_CURVE ( 'NONE', #1647, #233, #1760, .T. ) ;
#467 = VECTOR ( 'NONE', #1032, 1000.000000000000000 ) ;
#468 = EDGE_CURVE ( 'NONE', #1472, #465, #1282, .T. ) ;
#469 = DIRECTION ( 'NONE',  ( -0.000000000000000000, -1.000000000000000000, -0.000000000000000000 ) ) ;
#470 = ORIENTED_EDGE ( 'NONE', *, *, #1539, .T. ) ;
#471 = APPLICATION_PROTOCOL_DEFINITION ( 'draft international standard', 'automotive_design', 1998, #383 ) ;
#472 = DIRECTION ( 'NONE',  ( 0.000000000000000000, -0.000000000000000000, -1.000000000000000000 ) ) ;
#473 = VECTOR ( 'NONE', #599, 1000.000000000000000 ) ;
#474 = CARTESIAN_POINT ( 'NONE',  ( -15.00000000000000355, 27.19999999999999929, 11.00000000000000178 ) ) ;
#475 = CIRCLE ( 'NONE', #1474, 1.199999999999999734 ) ;
#476 = VECTOR ( 'NONE', #1381, 1000.000000000000000 ) ;
#477 = ORIENTED_EDGE ( 'NONE', *, *, #25, .F. ) ;
#478 = DIRECTION ( 'NONE',  ( 0.000000000000000000, 0.000000000000000000, -1.000000000000000000 ) ) ;
#479 = EDGE_CURVE ( 'NONE', #571, #1759, #1407, .T. ) ;
#480 = ORIENTED_EDGE ( 'NONE', *, *, #358, .T. ) ;
#481 =( NAMED_UNIT ( * ) SI_UNIT ( $, .STERADIAN. ) SOLID_ANGLE_UNIT ( ) );
#482 = CARTESIAN_POINT ( 'NONE',  ( 10.99999999999999289, 27.19999999999999929, 9.000000000000001776 ) ) ;
#483 = DIRECTION ( 'NONE',  ( -0.000000000000000000, -1.000000000000000000, -0.000000000000000000 ) ) ;
#484 = ORIENTED_EDGE ( 'NONE', *, *, #311, .F. ) ;
#485 = DIRECTION ( 'NONE',  ( 1.000000000000000000, 1.136998822792451151E-16, 0.000000000000000000 ) ) ;
#486 = EDGE_LOOP ( 'NONE', ( #1756, #458, #1692, #918 ) ) ;
#487 = CARTESIAN_POINT ( 'NONE',  ( 0.000000000000000000, 30.00000000000000000, 16.19999999999999929 ) ) ;
#488 = CARTESIAN_POINT ( 'NONE',  ( 0.000000000000000000, -20.19999999999999929, 0.000000000000000000 ) ) ;
#489 = LINE ( 'NONE', #306, #837 ) ;
#490 = ORIENTED_EDGE ( 'NONE', *, *, #1329, .T. ) ;
#491 = PLANE ( 'NONE',  #332 ) ;
#492 = VERTEX_POINT ( 'NONE', #53 ) ;
#493 = CARTESIAN_POINT ( 'NONE',  ( 24.99999999999999645, 2.065146995210483660E-15, 3.000000000000000000 ) ) ;
#494 = EDGE_CURVE ( 'NONE', #760, #1679, #416, .T. ) ;
#495 = AXIS2_PLACEMENT_3D ( 'NONE', #1091, #661, #1764 ) ;
#496 = LINE ( 'NONE', #1034, #423 ) ;
#497 = DIRECTION ( 'NONE',  ( -1.000000000000000000, 0.000000000000000000, 0.000000000000000000 ) ) ;
#498 = AXIS2_PLACEMENT_3D ( 'NONE', #717, #1263, #452 ) ;
#499 = EDGE_LOOP ( 'NONE', ( #1718, #146, #1749, #1155 ) ) ;
#500 = ORIENTED_EDGE ( 'NONE', *, *, #75, .T. ) ;
#501 = VECTOR ( 'NONE', #1158, 1000.000000000000000 ) ;
#502 = CARTESIAN_POINT ( 'NONE',  ( 11.00000000000000000, 30.00100000000000122, 5.850000000000001421 ) ) ;
#503 = CARTESIAN_POINT ( 'NONE',  ( 12.90000000000000036, -17.30000000000000071, 14.53553390593273953 ) ) ;
#504 = ORIENTED_EDGE ( 'NONE', *, *, #520, .T. ) ;
#505 = LINE ( 'NONE', #1318, #1266 ) ;
#506 = LINE ( 'NONE', #222, #1102 ) ;
#507 = VERTEX_POINT ( 'NONE', #67 ) ;
#508 = PLANE ( 'NONE',  #1678 ) ;
#509 = ORIENTED_EDGE ( 'NONE', *, *, #1324, .F. ) ;
#510 = EDGE_LOOP ( 'NONE', ( #1481, #989 ) ) ;
#511 = DIRECTION ( 'NONE',  ( -1.000000000000000000, -4.956352788505164254E-16, 0.000000000000000000 ) ) ;
#512 = FACE_OUTER_BOUND ( 'NONE', #1049, .T. ) ;
#513 = VERTEX_POINT ( 'NONE', #1425 ) ;
#514 = CARTESIAN_POINT ( 'NONE',  ( -9.999999999999998224, -17.00000000000000000, 8.150000000000000355 ) ) ;
#515 = DIRECTION ( 'NONE',  ( 0.000000000000000000, -1.000000000000000000, 0.000000000000000000 ) ) ;
#516 = ORIENTED_EDGE ( 'NONE', *, *, #122, .T. ) ;
#517 = FACE_BOUND ( 'NONE', #1344, .T. ) ;
#518 = ORIENTED_EDGE ( 'NONE', *, *, #86, .T. ) ;
#519 = EDGE_LOOP ( 'NONE', ( #1616, #20, #484, #1328 ) ) ;
#520 = EDGE_CURVE ( 'NONE', #1679, #410, #1290, .T. ) ;
#521 = LINE ( 'NONE', #207, #611 ) ;
#522 = DIRECTION ( 'NONE',  ( 0.000000000000000000, 1.000000000000000000, 0.000000000000000000 ) ) ;
#523 = ORIENTED_EDGE ( 'NONE', *, *, #1310, .T. ) ;
#524 = ORIENTED_EDGE ( 'NONE', *, *, #1042, .T. ) ;
#525 = CARTESIAN_POINT ( 'NONE',  ( -12.50000000000000178, 27.19999999999999929, 13.69999999999999929 ) ) ;
#526 = EDGE_CURVE ( 'NONE', #1472, #244, #1267, .T. ) ;
#527 = DIRECTION ( 'NONE',  ( 0.000000000000000000, 0.000000000000000000, -1.000000000000000000 ) ) ;
#528 = VECTOR ( 'NONE', #1159, 1000.000000000000000 ) ;
#529 = FACE_BOUND ( 'NONE', #1020, .T. ) ;
#530 = CIRCLE ( 'NONE', #1530, 1.149999999999999911 ) ;
#531 = ORIENTED_EDGE ( 'NONE', *, *, #1000, .F. ) ;
#532 = AXIS2_PLACEMENT_3D ( 'NONE', #488, #1024, #891 ) ;
#533 = LINE ( 'NONE', #426, #1179 ) ;
#534 = CARTESIAN_POINT ( 'NONE',  ( -9.999999999999998224, 30.00100000000000122, 8.150000000000000355 ) ) ;
#535 = ORIENTED_EDGE ( 'NONE', *, *, #170, .T. ) ;
#536 = DIRECTION ( 'NONE',  ( 1.000000000000000000, 0.000000000000000000, -0.000000000000000000 ) ) ;
#537 = EDGE_CURVE ( 'NONE', #259, #1154, #443, .T. ) ;
#538 = DIRECTION ( 'NONE',  ( -1.000000000000000000, 0.000000000000000000, 0.000000000000000000 ) ) ;
#539 = CARTESIAN_POINT ( 'NONE',  ( -8.928723773410020202E-17, -1.399999999999997469, -0.5000000000000000000 ) ) ;
#540 = ORIENTED_EDGE ( 'NONE', *, *, #1351, .T. ) ;
#541 = CARTESIAN_POINT ( 'NONE',  ( 14.44999999999999929, 18.09999999999999787, 9.000000000000001776 ) ) ;
#542 = LINE ( 'NONE', #1083, #777 ) ;
#543 = CARTESIAN_POINT ( 'NONE',  ( -15.00000000000000355, 27.00000000000000000, 2.000000000000000000 ) ) ;
#544 = DIRECTION ( 'NONE',  ( -5.833978216822720822E-16, -1.000000000000000000, 0.000000000000000000 ) ) ;
#545 = EDGE_CURVE ( 'NONE', #33, #1040, #1543, .T. ) ;
#546 = ORIENTED_EDGE ( 'NONE', *, *, #1648, .T. ) ;
#547 = FACE_BOUND ( 'NONE', #686, .T. ) ;
#548 = LINE ( 'NONE', #956, #1698 ) ;
#549 = DIRECTION ( 'NONE',  ( 0.000000000000000000, 0.000000000000000000, -1.000000000000000000 ) ) ;
#550 = ORIENTED_EDGE ( 'NONE', *, *, #812, .T. ) ;
#551 = EDGE_CURVE ( 'NONE', #589, #134, #865, .T. ) ;
#552 = DIRECTION ( 'NONE',  ( -0.000000000000000000, -1.000000000000000000, -0.000000000000000000 ) ) ;
#553 = ORIENTED_EDGE ( 'NONE', *, *, #1527, .F. ) ;
#554 = AXIS2_PLACEMENT_3D ( 'NONE', #1352, #1482, #8 ) ;
#555 = CARTESIAN_POINT ( 'NONE',  ( 18.00000000000000355, -17.50000000000000711, 3.000000000000000000 ) ) ;
#556 = DIRECTION ( 'NONE',  ( -6.802837160693361638E-17, 1.000000000000000000, 0.000000000000000000 ) ) ;
#557 = VECTOR ( 'NONE', #307, 1000.000000000000000 ) ;
#558 = CARTESIAN_POINT ( 'NONE',  ( 12.90000000000000036, -17.30000000000000071, 11.00000000000000178 ) ) ;
#559 = VERTEX_POINT ( 'NONE', #461 ) ;
#560 = AXIS2_PLACEMENT_3D ( 'NONE', #601, #54, #593 ) ;
#561 = LINE ( 'NONE', #713, #447 ) ;
#562 = EDGE_CURVE ( 'NONE', #1209, #1013, #1325, .T. ) ;
#563 = VERTEX_POINT ( 'NONE', #881 ) ;
#564 = DIRECTION ( 'NONE',  ( -1.379491463273391291E-48, 1.232595164407830946E-32, 1.000000000000000000 ) ) ;
#565 = FILL_AREA_STYLE ('',( #993 ) ) ;
#566 = DIRECTION ( 'NONE',  ( 1.000000000000000000, 1.360567432138672328E-16, -0.000000000000000000 ) ) ;
#567 = DIRECTION ( 'NONE',  ( 0.000000000000000000, -0.000000000000000000, -1.000000000000000000 ) ) ;
#568 = EDGE_CURVE ( 'NONE', #1314, #65, #606, .T. ) ;
#569 = CARTESIAN_POINT ( 'NONE',  ( 13.49999999999999289, 33.59411254969542426, 12.49999999999999822 ) ) ;
#570 = DIRECTION ( 'NONE',  ( -1.000000000000000000, 0.000000000000000000, -0.000000000000000000 ) ) ;
#571 = VERTEX_POINT ( 'NONE', #875 ) ;
#572 = CARTESIAN_POINT ( 'NONE',  ( 15.90000000000000036, 0.000000000000000000, 3.000000000000000000 ) ) ;
#573 = CARTESIAN_POINT ( 'NONE',  ( 15.90000000000000036, -20.19999999999999929, 11.00000000000000000 ) ) ;
#574 = CARTESIAN_POINT ( 'NONE',  ( 1.938244714750681354E-15, -17.00000000000000000, 9.000000000000001776 ) ) ;
#575 = EDGE_LOOP ( 'NONE', ( #772, #90, #312, #896 ) ) ;
#576 = DIRECTION ( 'NONE',  ( 0.000000000000000000, 0.000000000000000000, -1.000000000000000000 ) ) ;
#577 = VERTEX_POINT ( 'NONE', #171 ) ;
#578 = CIRCLE ( 'NONE', #1240, 1.249999999999999334 ) ;
#579 = FACE_OUTER_BOUND ( 'NONE', #1350, .T. ) ;
#580 = VECTOR ( 'NONE', #204, 1000.000000000000000 ) ;
#581 = ADVANCED_FACE ( 'NONE', ( #1004 ), #200, .T. ) ;
#582 = DIRECTION ( 'NONE',  ( 1.000000000000000000, 0.000000000000000000, 0.000000000000000000 ) ) ;
#583 = VECTOR ( 'NONE', #650, 1000.000000000000000 ) ;
#584 = ORIENTED_EDGE ( 'NONE', *, *, #1610, .F. ) ;
#585 = VECTOR ( 'NONE', #1183, 1000.000000000000000 ) ;
#586 = ADVANCED_FACE ( 'NONE', ( #1139 ), #1682, .T. ) ;
#587 = DIRECTION ( 'NONE',  ( -1.000000000000000000, 0.000000000000000000, -0.000000000000000000 ) ) ;
#588 = AXIS2_PLACEMENT_3D ( 'NONE', #37, #1656, #711 ) ;
#589 = VERTEX_POINT ( 'NONE', #573 ) ;
#590 = DIRECTION ( 'NONE',  ( 0.000000000000000000, 0.000000000000000000, 1.000000000000000000 ) ) ;
#591 = ORIENTED_EDGE ( 'NONE', *, *, #276, .T. ) ;
#592 = CARTESIAN_POINT ( 'NONE',  ( 12.90000000000000036, -17.30000000000000071, 9.000000000000001776 ) ) ;
#593 = DIRECTION ( 'NONE',  ( 1.000000000000000000, 0.000000000000000000, 0.000000000000000000 ) ) ;
#594 = VERTEX_POINT ( 'NONE', #163 ) ;
#595 = FACE_BOUND ( 'NONE', #226, .T. ) ;
#596 = ORIENTED_EDGE ( 'NONE', *, *, #432, .F. ) ;
#597 = EDGE_CURVE ( 'NONE', #193, #1208, #975, .T. ) ;
#598 = EDGE_CURVE ( 'NONE', #1027, #99, #1398, .T. ) ;
#599 = DIRECTION ( 'NONE',  ( 1.000000000000000000, -0.000000000000000000, 0.000000000000000000 ) ) ;
#600 = ORIENTED_EDGE ( 'NONE', *, *, #322, .F. ) ;
#601 = CARTESIAN_POINT ( 'NONE',  ( 0.000000000000000000, 0.000000000000000000, 0.000000000000000000 ) ) ;
#602 = CYLINDRICAL_SURFACE ( 'NONE', #1211, 1.249999999999999334 ) ;
#603 = CARTESIAN_POINT ( 'NONE',  ( -12.50000000000000178, 33.59411254969542426, 13.69999999999999929 ) ) ;
#604 = ORIENTED_EDGE ( 'NONE', *, *, #679, .F. ) ;
#605 = EDGE_CURVE ( 'NONE', #1027, #1728, #1033, .T. ) ;
#606 = LINE ( 'NONE', #192, #473 ) ;
#607 = ORIENTED_EDGE ( 'NONE', *, *, #409, .T. ) ;
#608 = CARTESIAN_POINT ( 'NONE',  ( -14.89999999999999858, -20.19999999999999574, 11.00000000000000178 ) ) ;
#609 = AXIS2_PLACEMENT_3D ( 'NONE', #861, #187, #228 ) ;
#610 = DIRECTION ( 'NONE',  ( -0.000000000000000000, -1.000000000000000000, -0.000000000000000000 ) ) ;
#611 = VECTOR ( 'NONE', #485, 1000.000000000000000 ) ;
#612 = DIRECTION ( 'NONE',  ( 0.000000000000000000, 0.000000000000000000, -1.000000000000000000 ) ) ;
#613 = VECTOR ( 'NONE', #1640, 1000.000000000000000 ) ;
#614 =( GEOMETRIC_REPRESENTATION_CONTEXT ( 3 ) GLOBAL_UNCERTAINTY_ASSIGNED_CONTEXT ( ( #1662 ) ) GLOBAL_UNIT_ASSIGNED_CONTEXT ( ( #462, #326, #481 ) ) REPRESENTATION_CONTEXT ( 'NONE', 'WORKASPACE' ) );
#615 = ORIENTED_EDGE ( 'NONE', *, *, #198, .F. ) ;
#616 = ADVANCED_FACE ( 'NONE', ( #985 ), #1029, .T. ) ;
#617 = ORIENTED_EDGE ( 'NONE', *, *, #1257, .F. ) ;
#618 = DIRECTION ( 'NONE',  ( 0.000000000000000000, 0.000000000000000000, -1.000000000000000000 ) ) ;
#619 = ORIENTED_EDGE ( 'NONE', *, *, #1527, .T. ) ;
#620 = DIRECTION ( 'NONE',  ( 0.000000000000000000, -0.000000000000000000, -1.000000000000000000 ) ) ;
#621 = DIRECTION ( 'NONE',  ( 3.469446951953613696E-16, 1.000000000000000000, 0.000000000000000000 ) ) ;
#622 = EDGE_CURVE ( 'NONE', #1433, #368, #225, .T. ) ;
#623 = CYLINDRICAL_SURFACE ( 'NONE', #303, 1.199999999999999734 ) ;
#624 = CARTESIAN_POINT ( 'NONE',  ( -15.00000000000000355, 27.19999999999999929, 0.000000000000000000 ) ) ;
#625 = ORIENTED_EDGE ( 'NONE', *, *, #690, .F. ) ;
#626 = VERTEX_POINT ( 'NONE', #748 ) ;
#627 = EDGE_CURVE ( 'NONE', #1450, #760, #1712, .T. ) ;
#628 = FACE_BOUND ( 'NONE', #1683, .T. ) ;
#629 = VERTEX_POINT ( 'NONE', #773 ) ;
#630 = DIRECTION ( 'NONE',  ( -1.000000000000000000, 5.782411586589357639E-16, -0.000000000000000000 ) ) ;
#631 = DIRECTION ( 'NONE',  ( 0.000000000000000000, 0.000000000000000000, 1.000000000000000000 ) ) ;
#632 = CARTESIAN_POINT ( 'NONE',  ( -12.20000000000000284, 18.30000000000000071, 9.000000000000001776 ) ) ;
#633 = DIRECTION ( 'NONE',  ( -1.000000000000000000, 0.000000000000000000, 0.000000000000000000 ) ) ;
#634 = ORIENTED_EDGE ( 'NONE', *, *, #707, .F. ) ;
#635 = ORIENTED_EDGE ( 'NONE', *, *, #562, .F. ) ;
#636 = DIRECTION ( 'NONE',  ( -1.652117596168387756E-16, 1.000000000000000000, 0.000000000000000000 ) ) ;
#637 = ORIENTED_EDGE ( 'NONE', *, *, #679, .T. ) ;
#638 = DIRECTION ( 'NONE',  ( 4.930380657631333637E-32, 1.671814187836142209E-31, 1.000000000000000000 ) ) ;
#639 = EDGE_CURVE ( 'NONE', #11, #390, #1584, .T. ) ;
#640 = AXIS2_PLACEMENT_3D ( 'NONE', #525, #1501, #1222 ) ;
#641 = LINE ( 'NONE', #668, #1217 ) ;
#642 = COLOUR_RGB ( '',0.7921568627450980005, 0.8196078431372548767, 0.9333333333333333481 ) ;
#643 = ADVANCED_FACE ( 'NONE', ( #1326 ), #1300, .T. ) ;
#644 = CARTESIAN_POINT ( 'NONE',  ( 15.90000000000000036, -16.99999999999999645, 2.999999999999999112 ) ) ;
#645 = VECTOR ( 'NONE', #369, 1000.000000000000000 ) ;
#646 = ORIENTED_EDGE ( 'NONE', *, *, #234, .T. ) ;
#647 = CIRCLE ( 'NONE', #977, 1.249999999999999334 ) ;
#648 = ORIENTED_EDGE ( 'NONE', *, *, #1594, .T. ) ;
#649 = FACE_OUTER_BOUND ( 'NONE', #1275, .T. ) ;
#650 = DIRECTION ( 'NONE',  ( 0.000000000000000000, 0.000000000000000000, -1.000000000000000000 ) ) ;
#651 = CARTESIAN_POINT ( 'NONE',  ( 14.14999999999999858, -17.30000000000000071, 11.00000000000000178 ) ) ;
#652 = EDGE_LOOP ( 'NONE', ( #600, #73, #1082, #1203 ) ) ;
#653 = CARTESIAN_POINT ( 'NONE',  ( -14.89999999999998614, 8.693143209368180103E-15, 11.00000000000000178 ) ) ;
#654 = CARTESIAN_POINT ( 'NONE',  ( 11.95000000000000107, 18.09999999999999787, 11.00000000000000178 ) ) ;
#655 = ORIENTED_EDGE ( 'NONE', *, *, #221, .F. ) ;
#656 = EDGE_CURVE ( 'NONE', #327, #1289, #1743, .T. ) ;
#657 = EDGE_LOOP ( 'NONE', ( #970, #775, #89, #1177 ) ) ;
#658 = EDGE_CURVE ( 'NONE', #799, #99, #1649, .T. ) ;
#659 = CARTESIAN_POINT ( 'NONE',  ( 13.49999999999999289, 27.19999999999999929, 13.69999999999999929 ) ) ;
#660 = ORIENTED_EDGE ( 'NONE', *, *, #1403, .F. ) ;
#661 = DIRECTION ( 'NONE',  ( 0.000000000000000000, 1.000000000000000000, 0.000000000000000000 ) ) ;
#662 = CARTESIAN_POINT ( 'NONE',  ( -14.89999999999999680, -17.00000000000000000, 9.490982765940293029E-31 ) ) ;
#663 = ORIENTED_EDGE ( 'NONE', *, *, #385, .T. ) ;
#664 = DIRECTION ( 'NONE',  ( 0.000000000000000000, 0.000000000000000000, -1.000000000000000000 ) ) ;
#665 = ORIENTED_EDGE ( 'NONE', *, *, #699, .F. ) ;
#666 = CARTESIAN_POINT ( 'NONE',  ( 10.99999999999999112, 22.19999999999999574, 11.00000000000000178 ) ) ;
#667 = FACE_OUTER_BOUND ( 'NONE', #415, .T. ) ;
#668 = CARTESIAN_POINT ( 'NONE',  ( 11.59999999999999609, 0.000000000000000000, -0.5000000000000000000 ) ) ;
#669 = CARTESIAN_POINT ( 'NONE',  ( -15.00000000000000355, -54.26444913401812187, 9.000000000000001776 ) ) ;
#670 = VECTOR ( 'NONE', #250, 1000.000000000000000 ) ;
#671 = VECTOR ( 'NONE', #1175, 1000.000000000000000 ) ;
#672 = ORIENTED_EDGE ( 'NONE', *, *, #75, .F. ) ;
#673 = CIRCLE ( 'NONE', #1531, 1.249999999999999334 ) ;
#674 = CARTESIAN_POINT ( 'NONE',  ( -14.89999999999997016, 27.19999999999999929, 2.999999999999999112 ) ) ;
#675 = VECTOR ( 'NONE', #147, 1000.000000000000000 ) ;
#676 = ORIENTED_EDGE ( 'NONE', *, *, #1192, .F. ) ;
#677 = CARTESIAN_POINT ( 'NONE',  ( -14.89999999999997016, 27.19999999999999929, 16.19999999999999929 ) ) ;
#678 = DIRECTION ( 'NONE',  ( -0.000000000000000000, -1.000000000000000000, -0.000000000000000000 ) ) ;
#679 = EDGE_CURVE ( 'NONE', #1544, #40, #1196, .T. ) ;
#680 = CARTESIAN_POINT ( 'NONE',  ( 16.00000000000000000, -19.99999999999999645, 2.000000000000000000 ) ) ;
#681 = EDGE_LOOP ( 'NONE', ( #1483, #1570, #110, #463 ) ) ;
#682 = CYLINDRICAL_SURFACE ( 'NONE', #355, 1.149999999999999911 ) ;
#683 = LINE ( 'NONE', #419, #695 ) ;
#684 = EDGE_CURVE ( 'NONE', #242, #1340, #763, .T. ) ;
#685 = DIRECTION ( 'NONE',  ( 1.000000000000000000, 0.000000000000000000, 0.000000000000000000 ) ) ;
#686 = EDGE_LOOP ( 'NONE', ( #1499, #375, #1453, #550 ) ) ;
#687 = CARTESIAN_POINT ( 'NONE',  ( -10.65000000000000391, -17.30000000000000071, 14.53553390593273953 ) ) ;
#688 = ORIENTED_EDGE ( 'NONE', *, *, #1574, .T. ) ;
#689 = DIRECTION ( 'NONE',  ( 1.000000000000000000, 6.802837160693361638E-17, -0.000000000000000000 ) ) ;
#690 = EDGE_CURVE ( 'NONE', #1480, #206, #77, .T. ) ;
#691 = CARTESIAN_POINT ( 'NONE',  ( 24.99999999999999645, 2.065146995210483660E-15, 3.000000000000000000 ) ) ;
#692 = ADVANCED_FACE ( 'NONE', ( #1732 ), #1316, .F. ) ;
#693 = VERTEX_POINT ( 'NONE', #1451 ) ;
#694 = LINE ( 'NONE', #1384, #420 ) ;
#695 = VECTOR ( 'NONE', #1230, 1000.000000000000000 ) ;
#696 = VECTOR ( 'NONE', #469, 1000.000000000000000 ) ;
#697 = ORIENTED_EDGE ( 'NONE', *, *, #1085, .T. ) ;
#698 = AXIS2_PLACEMENT_3D ( 'NONE', #441, #1170, #732 ) ;
#699 = EDGE_CURVE ( 'NONE', #1728, #799, #378, .T. ) ;
#700 = DIRECTION ( 'NONE',  ( -0.000000000000000000, 0.000000000000000000, 1.000000000000000000 ) ) ;
#701 = PRESENTATION_STYLE_ASSIGNMENT (( #1380 ) ) ;
#702 = CIRCLE ( 'NONE', #1704, 1.249999999999999334 ) ;
#703 = VECTOR ( 'NONE', #347, 1000.000000000000000 ) ;
#704 = CARTESIAN_POINT ( 'NONE',  ( -10.65000000000000391, -17.30000000000000071, 11.00000000000000178 ) ) ;
#705 = CARTESIAN_POINT ( 'NONE',  ( -11.90000000000000213, -17.30000000000000071, 9.000000000000001776 ) ) ;
#706 = CARTESIAN_POINT ( 'NONE',  ( -13.45000000000000107, 18.30000000000000071, 9.000000000000001776 ) ) ;
#707 = EDGE_CURVE ( 'NONE', #1163, #175, #111, .T. ) ;
#708 = ORIENTED_EDGE ( 'NONE', *, *, #1537, .T. ) ;
#709 = DIRECTION ( 'NONE',  ( -0.000000000000000000, -0.000000000000000000, -1.000000000000000000 ) ) ;
#710 = CARTESIAN_POINT ( 'NONE',  ( 0.000000000000000000, -23.39999999999999858, 0.000000000000000000 ) ) ;
#711 = DIRECTION ( 'NONE',  ( -1.476360405086644309E-16, 1.000000000000000000, 0.000000000000000000 ) ) ;
#712 = EDGE_LOOP ( 'NONE', ( #995, #635, #1036, #1306 ) ) ;
#713 = CARTESIAN_POINT ( 'NONE',  ( 28.99999999999999645, -23.39999999999999858, 0.000000000000000000 ) ) ;
#714 = ORIENTED_EDGE ( 'NONE', *, *, #1103, .F. ) ;
#715 = CARTESIAN_POINT ( 'NONE',  ( 14.11346610995116002, -17.00000000000000000, 9.000000000000001776 ) ) ;
#716 = FACE_OUTER_BOUND ( 'NONE', #284, .T. ) ;
#717 = CARTESIAN_POINT ( 'NONE',  ( 13.19999999999999929, 18.09999999999999787, 11.00000000000000178 ) ) ;
#718 = APPLICATION_PROTOCOL_DEFINITION ( 'draft international standard', 'automotive_design', 1998, #199 ) ;
#719 = ORIENTED_EDGE ( 'NONE', *, *, #205, .F. ) ;
#720 = CARTESIAN_POINT ( 'NONE',  ( 13.49999999999999289, 30.00000000000000000, 12.49999999999999822 ) ) ;
#721 = ORIENTED_EDGE ( 'NONE', *, *, #1568, .F. ) ;
#722 = DIRECTION ( 'NONE',  ( 0.000000000000000000, 1.000000000000000000, 0.000000000000000000 ) ) ;
#723 = VECTOR ( 'NONE', #522, 1000.000000000000000 ) ;
#724 = DIRECTION ( 'NONE',  ( 1.000000000000000000, 0.000000000000000000, 0.000000000000000000 ) ) ;
#725 = AXIS2_PLACEMENT_3D ( 'NONE', #659, #1753, #618 ) ;
#726 = ORIENTED_EDGE ( 'NONE', *, *, #188, .F. ) ;
#727 = AXIS2_PLACEMENT_3D ( 'NONE', #1233, #1225, #304 ) ;
#728 = CARTESIAN_POINT ( 'NONE',  ( -11.90000000000000213, -17.30000000000000071, 9.000000000000001776 ) ) ;
#729 = EDGE_CURVE ( 'NONE', #296, #117, #1098, .T. ) ;
#730 = VECTOR ( 'NONE', #1104, 1000.000000000000000 ) ;
#731 = ORIENTED_EDGE ( 'NONE', *, *, #55, .F. ) ;
#732 = DIRECTION ( 'NONE',  ( 0.000000000000000000, 0.000000000000000000, -1.000000000000000000 ) ) ;
#733 = ORIENTED_EDGE ( 'NONE', *, *, #151, .T. ) ;
#734 = DIRECTION ( 'NONE',  ( 0.000000000000000000, -0.000000000000000000, -1.000000000000000000 ) ) ;
#735 = VERTEX_POINT ( 'NONE', #1432 ) ;
#736 = ORIENTED_EDGE ( 'NONE', *, *, #139, .F. ) ;
#737 = DIRECTION ( 'NONE',  ( 1.000000000000000000, 0.000000000000000000, 0.000000000000000000 ) ) ;
#738 = ORIENTED_EDGE ( 'NONE', *, *, #229, .F. ) ;
#739 = ORIENTED_EDGE ( 'NONE', *, *, #1521, .F. ) ;
#740 = DIRECTION ( 'NONE',  ( 1.136998822792451151E-16, -1.000000000000000000, 1.232595164407830946E-32 ) ) ;
#741 = LINE ( 'NONE', #363, #747 ) ;
#742 = EDGE_CURVE ( 'NONE', #193, #1208, #521, .T. ) ;
#743 = CARTESIAN_POINT ( 'NONE',  ( -9.999999999999998224, -20.19999999999999574, 7.000000000000000888 ) ) ;
#744 = CARTESIAN_POINT ( 'NONE',  ( 10.99999999999999289, 27.19999999999999929, 11.00000000000000178 ) ) ;
#745 = EDGE_LOOP ( 'NONE', ( #128, #1076 ) ) ;
#746 = ADVANCED_FACE ( 'NONE', ( #1575 ), #351, .F. ) ;
#747 = VECTOR ( 'NONE', #889, 1000.000000000000000 ) ;
#748 = CARTESIAN_POINT ( 'NONE',  ( 11.59999999999999609, 2.000000000000001776, -0.5000000000000000000 ) ) ;
#749 = CARTESIAN_POINT ( 'NONE',  ( 0.000000000000000000, -17.50000000000000355, -0.5000000000000000000 ) ) ;
#750 = DIRECTION ( 'NONE',  ( 0.000000000000000000, -0.000000000000000000, -1.000000000000000000 ) ) ;
#751 = AXIS2_PLACEMENT_3D ( 'NONE', #336, #24, #265 ) ;
#752 = DIRECTION ( 'NONE',  ( -0.000000000000000000, -1.000000000000000000, -0.000000000000000000 ) ) ;
#753 = VECTOR ( 'NONE', #709, 1000.000000000000000 ) ;
#754 = ORIENTED_EDGE ( 'NONE', *, *, #1146, .T. ) ;
#755 = FACE_OUTER_BOUND ( 'NONE', #425, .T. ) ;
#756 = EDGE_LOOP ( 'NONE', ( #113, #173, #1706, #1387 ) ) ;
#757 = DIRECTION ( 'NONE',  ( -0.000000000000000000, -1.000000000000000000, -0.000000000000000000 ) ) ;
#758 = CARTESIAN_POINT ( 'NONE',  ( 14.99999999999999645, -1.399999999999998357, 3.000000000000000000 ) ) ;
#759 = CARTESIAN_POINT ( 'NONE',  ( -12.50000000000000178, 27.19999999999999929, 14.89999999999999858 ) ) ;
#760 = VERTEX_POINT ( 'NONE', #218 ) ;
#761 = ADVANCED_FACE ( 'NONE', ( #755, #628, #1164 ), #491, .T. ) ;
#762 = ORIENTED_EDGE ( 'NONE', *, *, #1373, .F. ) ;
#763 = LINE ( 'NONE', #1187, #1269 ) ;
#764 = CARTESIAN_POINT ( 'NONE',  ( 18.00000000000000355, -17.50000000000000711, -0.5000000000000000000 ) ) ;
#765 = ORIENTED_EDGE ( 'NONE', *, *, #568, .T. ) ;
#766 = DIRECTION ( 'NONE',  ( -0.000000000000000000, -1.000000000000000000, -0.000000000000000000 ) ) ;
#767 = ADVANCED_FACE ( 'NONE', ( #1655 ), #1497, .T. ) ;
#768 = CARTESIAN_POINT ( 'NONE',  ( -11.90000000000000213, -17.30000000000000071, 11.00000000000000178 ) ) ;
#769 = EDGE_LOOP ( 'NONE', ( #1702, #1492, #1135, #821 ) ) ;
#770 = FACE_OUTER_BOUND ( 'NONE', #26, .T. ) ;
#771 = EDGE_LOOP ( 'NONE', ( #1063, #1090, #986, #1553 ) ) ;
#772 = ORIENTED_EDGE ( 'NONE', *, *, #998, .F. ) ;
#773 = CARTESIAN_POINT ( 'NONE',  ( -12.50000000000000178, 27.19999999999999929, 12.49999999999999822 ) ) ;
#774 = DIRECTION ( 'NONE',  ( 1.000000000000000000, 0.000000000000000000, 0.000000000000000000 ) ) ;
#775 = ORIENTED_EDGE ( 'NONE', *, *, #1429, .F. ) ;
#776 = DIRECTION ( 'NONE',  ( -1.000000000000000000, -1.136998822792451151E-16, 0.000000000000000000 ) ) ;
#777 = VECTOR ( 'NONE', #1637, 1000.000000000000000 ) ;
#778 = EDGE_CURVE ( 'NONE', #1399, #577, #533, .T. ) ;
#779 = VECTOR ( 'NONE', #570, 1000.000000000000000 ) ;
#780 = DIRECTION ( 'NONE',  ( -0.000000000000000000, 0.000000000000000000, 1.000000000000000000 ) ) ;
#781 = AXIS2_PLACEMENT_3D ( 'NONE', #1541, #1681, #313 ) ;
#782 = EDGE_CURVE ( 'NONE', #1016, #1362, #291, .T. ) ;
#783 = DIRECTION ( 'NONE',  ( 1.000000000000000000, 0.000000000000000000, 0.000000000000000000 ) ) ;
#784 = VECTOR ( 'NONE', #857, 1000.000000000000000 ) ;
#785 = ORIENTED_EDGE ( 'NONE', *, *, #965, .F. ) ;
#786 = AXIS2_PLACEMENT_3D ( 'NONE', #1136, #997, #349 ) ;
#787 = ORIENTED_EDGE ( 'NONE', *, *, #1708, .T. ) ;
#788 = DIRECTION ( 'NONE',  ( 1.000000000000000000, 0.000000000000000000, 0.000000000000000000 ) ) ;
#789 = DIRECTION ( 'NONE',  ( -1.000000000000000000, -1.387778780781444887E-15, 0.000000000000000000 ) ) ;
#790 = VERTEX_POINT ( 'NONE', #674 ) ;
#791 = FACE_BOUND ( 'NONE', #1608, .T. ) ;
#792 = DIRECTION ( 'NONE',  ( -0.000000000000000000, -0.000000000000000000, 1.000000000000000000 ) ) ;
#793 = DIRECTION ( 'NONE',  ( 1.000000000000000000, 0.000000000000000000, 0.000000000000000000 ) ) ;
#794 = ADVANCED_FACE ( 'NONE', ( #961 ), #682, .F. ) ;
#795 = VERTEX_POINT ( 'NONE', #1 ) ;
#796 = ORIENTED_EDGE ( 'NONE', *, *, #409, .F. ) ;
#797 = CARTESIAN_POINT ( 'NONE',  ( -12.50000000000000178, 30.00000000000000000, 12.49999999999999822 ) ) ;
#798 = ORIENTED_EDGE ( 'NONE', *, *, #367, .F. ) ;
#799 = VERTEX_POINT ( 'NONE', #541 ) ;
#800 = CARTESIAN_POINT ( 'NONE',  ( 10.99999999999999112, 22.19999999999999574, -0.5009999999999996678 ) ) ;
#801 = CARTESIAN_POINT ( 'NONE',  ( -9.999999999999998224, -17.00000000000000000, 5.850000000000001421 ) ) ;
#802 = PLANE ( 'NONE',  #216 ) ;
#803 = ORIENTED_EDGE ( 'NONE', *, *, #879, .F. ) ;
#804 = CARTESIAN_POINT ( 'NONE',  ( 15.90000000000000036, 22.20000000000000284, 0.000000000000000000 ) ) ;
#805 = ORIENTED_EDGE ( 'NONE', *, *, #1488, .T. ) ;
#806 = FACE_BOUND ( 'NONE', #1536, .T. ) ;
#807 = CARTESIAN_POINT ( 'NONE',  ( 13.49999999999999289, 30.00000000000000000, 14.89999999999999858 ) ) ;
#808 = CIRCLE ( 'NONE', #44, 1.199999999999999734 ) ;
#809 = CARTESIAN_POINT ( 'NONE',  ( 12.90000000000000036, -17.30000000000000071, 9.000000000000001776 ) ) ;
#810 = AXIS2_PLACEMENT_3D ( 'NONE', #379, #1470, #1452 ) ;
#811 = VECTOR ( 'NONE', #1101, 1000.000000000000000 ) ;
#812 = EDGE_CURVE ( 'NONE', #237, #439, #1081, .T. ) ;
#813 = ORIENTED_EDGE ( 'NONE', *, *, #25, .T. ) ;
#814 = AXIS2_PLACEMENT_3D ( 'NONE', #914, #1479, #241 ) ;
#815 = LINE ( 'NONE', #1220, #866 ) ;
#816 = CIRCLE ( 'NONE', #449, 1.249999999999999334 ) ;
#817 = ORIENTED_EDGE ( 'NONE', *, *, #568, .F. ) ;
#818 = DIRECTION ( 'NONE',  ( 1.360567432138672328E-16, -1.000000000000000000, 0.000000000000000000 ) ) ;
#819 = CARTESIAN_POINT ( 'NONE',  ( 13.19999999999999929, 18.09999999999999787, 11.00000000000000178 ) ) ;
#820 = DIRECTION ( 'NONE',  ( 0.000000000000000000, -0.000000000000000000, 1.000000000000000000 ) ) ;
#821 = ORIENTED_EDGE ( 'NONE', *, *, #1498, .F. ) ;
#822 = DIRECTION ( 'NONE',  ( -1.136998822792451151E-16, 1.000000000000000000, -1.232595164407830946E-32 ) ) ;
#823 = ADVANCED_FACE ( 'NONE', ( #266 ), #1227, .F. ) ;
#824 = PLANE ( 'NONE',  #1037 ) ;
#825 = VERTEX_POINT ( 'NONE', #136 ) ;
#826 = PLANE ( 'NONE',  #1442 ) ;
#827 = ORIENTED_EDGE ( 'NONE', *, *, #188, .T. ) ;
#828 = DIRECTION ( 'NONE',  ( -0.000000000000000000, -1.000000000000000000, -0.000000000000000000 ) ) ;
#829 = FACE_BOUND ( 'NONE', #435, .T. ) ;
#830 = DIRECTION ( 'NONE',  ( -8.260587980841936314E-17, 1.000000000000000000, 0.000000000000000000 ) ) ;
#831 = ORIENTED_EDGE ( 'NONE', *, *, #1639, .F. ) ;
#832 = EDGE_CURVE ( 'NONE', #1431, #259, #1517, .T. ) ;
#833 = LINE ( 'NONE', #569, #1182 ) ;
#834 = CIRCLE ( 'NONE', #70, 1.249999999999999334 ) ;
#835 = ADVANCED_FACE ( 'NONE', ( #153, #547, #1074 ), #126, .T. ) ;
#836 = ORIENTED_EDGE ( 'NONE', *, *, #1272, .F. ) ;
#837 = VECTOR ( 'NONE', #633, 1000.000000000000000 ) ;
#838 = LINE ( 'NONE', #572, #18 ) ;
#839 = AXIS2_PLACEMENT_3D ( 'NONE', #1613, #1724, #1495 ) ;
#840 = PRODUCT_DEFINITION_FORMATION_WITH_SPECIFIED_SOURCE ( '浠', '', #1259, .NOT_KNOWN. ) ;
#841 = CARTESIAN_POINT ( 'NONE',  ( -12.50000000000000178, 30.00000000000000000, 14.89999999999999858 ) ) ;
#842 = DIRECTION ( 'NONE',  ( -5.833978216822720822E-16, -1.000000000000000000, 0.000000000000000000 ) ) ;
#843 = LINE ( 'NONE', #981, #613 ) ;
#844 = ORIENTED_EDGE ( 'NONE', *, *, #1539, .F. ) ;
#845 = CYLINDRICAL_SURFACE ( 'NONE', #698, 1.149999999999999911 ) ;
#846 = EDGE_CURVE ( 'NONE', #410, #43, #277, .T. ) ;
#847 = DIRECTION ( 'NONE',  ( 0.000000000000000000, -0.000000000000000000, -1.000000000000000000 ) ) ;
#848 = CARTESIAN_POINT ( 'NONE',  ( -16.99999999999999289, -17.50000000000000355, 3.000000000000000000 ) ) ;
#849 = ORIENTED_EDGE ( 'NONE', *, *, #1058, .F. ) ;
#850 = CARTESIAN_POINT ( 'NONE',  ( -14.89999999999998614, 8.693143209368180103E-15, 3.000000000000000000 ) ) ;
#851 = ORIENTED_EDGE ( 'NONE', *, *, #1373, .T. ) ;
#852 = DIRECTION ( 'NONE',  ( 0.000000000000000000, 0.000000000000000000, -1.000000000000000000 ) ) ;
#853 = EDGE_CURVE ( 'NONE', #859, #368, #1246, .T. ) ;
#854 = CARTESIAN_POINT ( 'NONE',  ( -9.999999999999998224, -20.19999999999999574, 5.850000000000001421 ) ) ;
#855 = PLANE ( 'NONE',  #872 ) ;
#856 = ORIENTED_EDGE ( 'NONE', *, *, #699, .T. ) ;
#857 = DIRECTION ( 'NONE',  ( -1.000000000000000000, -0.000000000000000000, -0.000000000000000000 ) ) ;
#858 = DIRECTION ( 'NONE',  ( -3.469446951953613696E-16, -1.000000000000000000, 0.000000000000000000 ) ) ;
#859 = VERTEX_POINT ( 'NONE', #1510 ) ;
#860 = AXIS2_PLACEMENT_3D ( 'NONE', #1420, #1105, #1657 ) ;
#861 = CARTESIAN_POINT ( 'NONE',  ( 11.00000000000000000, 30.00100000000000122, 7.000000000000000888 ) ) ;
#862 = EDGE_CURVE ( 'NONE', #1654, #1249, #1636, .T. ) ;
#863 = CARTESIAN_POINT ( 'NONE',  ( -14.89999999999996838, 30.00000000000000355, 7.395570986446978669E-31 ) ) ;
#864 = ORIENTED_EDGE ( 'NONE', *, *, #221, .T. ) ;
#865 = LINE ( 'NONE', #1015, #329 ) ;
#866 = VECTOR ( 'NONE', #943, 1000.000000000000000 ) ;
#867 = VERTEX_POINT ( 'NONE', #797 ) ;
#868 = VERTEX_POINT ( 'NONE', #666 ) ;
#869 = CIRCLE ( 'NONE', #357, 1.149999999999999911 ) ;
#870 = CARTESIAN_POINT ( 'NONE',  ( 15.90000000000000036, -20.19999999999999929, 0.000000000000000000 ) ) ;
#871 = LINE ( 'NONE', #1011, #580 ) ;
#872 = AXIS2_PLACEMENT_3D ( 'NONE', #308, #1434, #620 ) ;
#873 = ORIENTED_EDGE ( 'NONE', *, *, #1009, .T. ) ;
#874 = EDGE_CURVE ( 'NONE', #7, #1431, #954, .T. ) ;
#875 = CARTESIAN_POINT ( 'NONE',  ( 11.59999999999999609, 2.000000000000001776, 2.000000000000000000 ) ) ;
#876 = LINE ( 'NONE', #487, #1526 ) ;
#877 = LINE ( 'NONE', #1428, #923 ) ;
#878 = VERTEX_POINT ( 'NONE', #1628 ) ;
#879 = EDGE_CURVE ( 'NONE', #109, #790, #1372, .T. ) ;
#880 = EDGE_LOOP ( 'NONE', ( #1559, #127, #944, #120 ) ) ;
#881 = CARTESIAN_POINT ( 'NONE',  ( -16.99999999999999289, -17.50000000000000355, -0.5000000000000000000 ) ) ;
#882 = EDGE_LOOP ( 'NONE', ( #726, #56, #929, #676 ) ) ;
#883 = FACE_OUTER_BOUND ( 'NONE', #1232, .T. ) ;
#884 = CARTESIAN_POINT ( 'NONE',  ( -14.89999999999997016, 27.19999999999999929, 2.999999999999999112 ) ) ;
#885 = DIRECTION ( 'NONE',  ( 0.000000000000000000, 0.000000000000000000, -1.000000000000000000 ) ) ;
#886 = EDGE_LOOP ( 'NONE', ( #665, #1198, #982, #377 ) ) ;
#887 = ORIENTED_EDGE ( 'NONE', *, *, #862, .T. ) ;
#888 = CARTESIAN_POINT ( 'NONE',  ( -27.99999999999999645, -3.809588809988282123E-15, 3.000000000000000000 ) ) ;
#889 = DIRECTION ( 'NONE',  ( 0.000000000000000000, 0.000000000000000000, -1.000000000000000000 ) ) ;
#890 = VECTOR ( 'NONE', #2, 1000.000000000000000 ) ;
#891 = DIRECTION ( 'NONE',  ( 0.000000000000000000, -0.000000000000000000, 1.000000000000000000 ) ) ;
#892 = VECTOR ( 'NONE', #966, 1000.000000000000000 ) ;
#893 = EDGE_CURVE ( 'NONE', #1321, #368, #815, .T. ) ;
#894 = AXIS2_PLACEMENT_3D ( 'NONE', #94, #252, #230 ) ;
#895 = FACE_OUTER_BOUND ( 'NONE', #1145, .T. ) ;
#896 = ORIENTED_EDGE ( 'NONE', *, *, #639, .F. ) ;
#897 = EDGE_CURVE ( 'NONE', #137, #1745, #1363, .T. ) ;
#898 = CARTESIAN_POINT ( 'NONE',  ( -23.99999999999999645, -3.965082230804130614E-15, 3.000000000000000000 ) ) ;
#899 = EDGE_LOOP ( 'NONE', ( #1080, #937 ) ) ;
#900 = DIRECTION ( 'NONE',  ( 0.000000000000000000, 0.000000000000000000, -1.000000000000000000 ) ) ;
#901 = LINE ( 'NONE', #1341, #1152 ) ;
#902 = ORIENTED_EDGE ( 'NONE', *, *, #294, .T. ) ;
#903 = CARTESIAN_POINT ( 'NONE',  ( 24.99999999999999289, 24.50000000000000000, 3.000000000000000000 ) ) ;
#904 = ORIENTED_EDGE ( 'NONE', *, *, #853, .F. ) ;
#905 = CYLINDRICAL_SURFACE ( 'NONE', #751, 1.199999999999999734 ) ;
#906 = EDGE_LOOP ( 'NONE', ( #1603, #1268 ) ) ;
#907 = DIRECTION ( 'NONE',  ( 0.000000000000000000, 0.000000000000000000, -1.000000000000000000 ) ) ;
#908 = DIRECTION ( 'NONE',  ( -0.000000000000000000, -0.000000000000000000, -1.000000000000000000 ) ) ;
#909 = EDGE_LOOP ( 'NONE', ( #1375, #904, #50, #274 ) ) ;
#910 = CARTESIAN_POINT ( 'NONE',  ( -10.95000000000000284, 18.30000000000000071, 14.53553390593273953 ) ) ;
#911 = ADVANCED_FACE ( 'NONE', ( #579 ), #1404, .F. ) ;
#912 = ADVANCED_FACE ( 'NONE', ( #88 ), #1262, .F. ) ;
#913 = CARTESIAN_POINT ( 'NONE',  ( 11.65000000000000036, -17.30000000000000071, 11.00000000000000178 ) ) ;
#914 = CARTESIAN_POINT ( 'NONE',  ( -12.50000000000000178, 27.19999999999999929, 13.69999999999999929 ) ) ;
#915 = ORIENTED_EDGE ( 'NONE', *, *, #479, .T. ) ;
#916 = VERTEX_POINT ( 'NONE', #759 ) ;
#917 = DIRECTION ( 'NONE',  ( 0.000000000000000000, 0.000000000000000000, -1.000000000000000000 ) ) ;
#918 = ORIENTED_EDGE ( 'NONE', *, *, #778, .T. ) ;
#919 = AXIS2_PLACEMENT_3D ( 'NONE', #710, #1147, #734 ) ;
#920 = DIRECTION ( 'NONE',  ( 1.000000000000000000, -1.110223024625157172E-14, 0.000000000000000000 ) ) ;
#921 = AXIS2_PLACEMENT_3D ( 'NONE', #1270, #1114, #433 ) ;
#922 = FACE_OUTER_BOUND ( 'NONE', #926, .T. ) ;
#923 = VECTOR ( 'NONE', #1545, 1000.000000000000000 ) ;
#924 = ORIENTED_EDGE ( 'NONE', *, *, #1257, .T. ) ;
#925 = PRODUCT_DEFINITION ( '鏈', '', #840, #1730 ) ;
#926 = EDGE_LOOP ( 'NONE', ( #1228, #1099, #1172, #148, #1130, #1278, #477, #1409, #1264, #186 ) ) ;
#927 = PLANE ( 'NONE',  #1298 ) ;
#928 = CARTESIAN_POINT ( 'NONE',  ( 11.00000000000000000, 30.00100000000000122, 7.000000000000000888 ) ) ;
#929 = ORIENTED_EDGE ( 'NONE', *, *, #1205, .T. ) ;
#930 = EDGE_CURVE ( 'NONE', #125, #1431, #489, .T. ) ;
#931 = PLANE ( 'NONE',  #1072 ) ;
#932 = CARTESIAN_POINT ( 'NONE',  ( -24.00000000000000000, 24.49999999999999645, 3.000000000000000000 ) ) ;
#933 = ADVANCED_FACE ( 'NONE', ( #895 ), #321, .T. ) ;
#934 = ORIENTED_EDGE ( 'NONE', *, *, #930, .F. ) ;
#935 = DIRECTION ( 'NONE',  ( -5.833978216822720822E-16, -1.000000000000000000, 0.000000000000000000 ) ) ;
#936 = LINE ( 'NONE', #1207, #1065 ) ;
#937 = ORIENTED_EDGE ( 'NONE', *, *, #151, .F. ) ;
#938 = LINE ( 'NONE', #1493, #1644 ) ;
#939 = FACE_OUTER_BOUND ( 'NONE', #1576, .T. ) ;
#940 = EDGE_CURVE ( 'NONE', #795, #1031, #177, .T. ) ;
#941 = FACE_BOUND ( 'NONE', #106, .T. ) ;
#942 = ORIENTED_EDGE ( 'NONE', *, *, #597, .T. ) ;
#943 = DIRECTION ( 'NONE',  ( 1.107270303814983294E-16, -1.000000000000000000, 0.000000000000000000 ) ) ;
#944 = ORIENTED_EDGE ( 'NONE', *, *, #1406, .F. ) ;
#945 = EDGE_LOOP ( 'NONE', ( #201, #754 ) ) ;
#946 = CARTESIAN_POINT ( 'NONE',  ( 15.90000000000000036, 22.20000000000000284, 9.000000000000001776 ) ) ;
#947 = AXIS2_PLACEMENT_3D ( 'NONE', #1571, #766, #85 ) ;
#948 = CARTESIAN_POINT ( 'NONE',  ( -16.99999999999999289, -17.50000000000000355, 3.000000000000000000 ) ) ;
#949 = EDGE_CURVE ( 'NONE', #577, #1540, #838, .T. ) ;
#950 = VECTOR ( 'NONE', #564, 1000.000000000000000 ) ;
#951 = ORIENTED_EDGE ( 'NONE', *, *, #897, .F. ) ;
#952 = VECTOR ( 'NONE', #408, 1000.000000000000000 ) ;
#953 = EDGE_CURVE ( 'NONE', #559, #465, #1003, .T. ) ;
#954 = LINE ( 'NONE', #1490, #300 ) ;
#955 = AXIS2_PLACEMENT_3D ( 'NONE', #819, #339, #1126 ) ;
#956 = CARTESIAN_POINT ( 'NONE',  ( 11.59999999999999609, 2.000000000000001776, 3.000000000000000000 ) ) ;
#957 = FACE_OUTER_BOUND ( 'NONE', #1711, .T. ) ;
#958 = EDGE_LOOP ( 'NONE', ( #1121, #1195 ) ) ;
#959 = LINE ( 'NONE', #850, #1651 ) ;
#960 = ORIENTED_EDGE ( 'NONE', *, *, #812, .F. ) ;
#961 = FACE_OUTER_BOUND ( 'NONE', #575, .T. ) ;
#962 = ADVANCED_FACE ( 'NONE', ( #1579 ), #845, .F. ) ;
#963 = FACE_OUTER_BOUND ( 'NONE', #197, .T. ) ;
#964 = ORIENTED_EDGE ( 'NONE', *, *, #874, .T. ) ;
#965 = EDGE_CURVE ( 'NONE', #1364, #1580, #1473, .T. ) ;
#966 = DIRECTION ( 'NONE',  ( -8.260587980841936314E-17, 1.000000000000000000, 0.000000000000000000 ) ) ;
#967 = ORIENTED_EDGE ( 'NONE', *, *, #605, .T. ) ;
#968 = DIRECTION ( 'NONE',  ( 0.000000000000000000, 1.000000000000000000, 0.000000000000000000 ) ) ;
#969 = FACE_OUTER_BOUND ( 'NONE', #519, .T. ) ;
#970 = ORIENTED_EDGE ( 'NONE', *, *, #311, .T. ) ;
#971 = ADVANCED_FACE ( 'NONE', ( #716, #1669, #1312 ), #976, .T. ) ;
#972 = CARTESIAN_POINT ( 'NONE',  ( 14.14999999999999858, -17.30000000000000071, 9.000000000000001776 ) ) ;
#973 = AXIS2_PLACEMENT_3D ( 'NONE', #1125, #478, #1535 ) ;
#974 = ORIENTED_EDGE ( 'NONE', *, *, #1720, .T. ) ;
#975 = CIRCLE ( 'NONE', #1122, 1.249999999999999334 ) ;
#976 = PLANE ( 'NONE',  #155 ) ;
#977 = AXIS2_PLACEMENT_3D ( 'NONE', #809, #1193, #783 ) ;
#978 = VECTOR ( 'NONE', #1358, 1000.000000000000000 ) ;
#979 = CARTESIAN_POINT ( 'NONE',  ( 11.95000000000000107, 18.09999999999999787, 14.53553390593273953 ) ) ;
#980 = ORIENTED_EDGE ( 'NONE', *, *, #1017, .F. ) ;
#981 = CARTESIAN_POINT ( 'NONE',  ( 14.99999999999999645, 0.000000000000000000, 2.000000000000000000 ) ) ;
#982 = ORIENTED_EDGE ( 'NONE', *, *, #598, .T. ) ;
#983 = EDGE_CURVE ( 'NONE', #1580, #1364, #389, .T. ) ;
#984 = CARTESIAN_POINT ( 'NONE',  ( 14.99999999999999645, 0.000000000000000000, -0.5000000000000000000 ) ) ;
#985 = FACE_OUTER_BOUND ( 'NONE', #880, .T. ) ;
#986 = ORIENTED_EDGE ( 'NONE', *, *, #953, .T. ) ;
#987 = DIRECTION ( 'NONE',  ( 0.000000000000000000, -0.000000000000000000, -1.000000000000000000 ) ) ;
#988 = EDGE_CURVE ( 'NONE', #214, #109, #1131, .T. ) ;
#989 = ORIENTED_EDGE ( 'NONE', *, *, #1403, .T. ) ;
#990 = DIRECTION ( 'NONE',  ( -0.000000000000000000, -1.000000000000000000, -0.000000000000000000 ) ) ;
#991 = DIRECTION ( 'NONE',  ( 0.000000000000000000, 1.000000000000000000, 0.000000000000000000 ) ) ;
#992 = ORIENTED_EDGE ( 'NONE', *, *, #1382, .T. ) ;
#993 = FILL_AREA_STYLE_COLOUR ( '', #642 ) ;
#994 = DIRECTION ( 'NONE',  ( 0.000000000000000000, 0.000000000000000000, -1.000000000000000000 ) ) ;
#995 = ORIENTED_EDGE ( 'NONE', *, *, #83, .F. ) ;
#996 = EDGE_LOOP ( 'NONE', ( #1138, #798, #325, #851, #1614, #1763 ) ) ;
#997 = DIRECTION ( 'NONE',  ( 1.136998822792451151E-16, -1.000000000000000000, 1.232595164407830946E-32 ) ) ;
#998 = EDGE_CURVE ( 'NONE', #1549, #11, #530, .T. ) ;
#999 = ORIENTED_EDGE ( 'NONE', *, *, #234, .F. ) ;
#1000 = EDGE_CURVE ( 'NONE', #693, #242, #1390, .T. ) ;
#1001 = VECTOR ( 'NONE', #776, 1000.000000000000000 ) ;
#1002 = VECTOR ( 'NONE', #789, 1000.000000000000000 ) ;
#1003 = CIRCLE ( 'NONE', #243, 1.149999999999999911 ) ;
#1004 = FACE_OUTER_BOUND ( 'NONE', #1185, .T. ) ;
#1005 = VECTOR ( 'NONE', #318, 1000.000000000000000 ) ;
#1006 = ORIENTED_EDGE ( 'NONE', *, *, #1422, .F. ) ;
#1007 = SHAPE_DEFINITION_REPRESENTATION ( #1417, #1370 ) ;
#1008 = CARTESIAN_POINT ( 'NONE',  ( -14.89999999999996838, 30.00000000000000355, 3.000000000000000000 ) ) ;
#1009 = EDGE_CURVE ( 'NONE', #1321, #1430, #1161, .T. ) ;
#1010 = LINE ( 'NONE', #474, #784 ) ;
#1011 = CARTESIAN_POINT ( 'NONE',  ( 14.99999999999999645, 2.000000000000001776, 3.000000000000000000 ) ) ;
#1012 = CIRCLE ( 'NONE', #1680, 1.249999999999999334 ) ;
#1013 = VERTEX_POINT ( 'NONE', #298 ) ;
#1014 = ORIENTED_EDGE ( 'NONE', *, *, #251, .T. ) ;
#1015 = CARTESIAN_POINT ( 'NONE',  ( 15.99999999999999289, -20.19999999999999929, 11.00000000000000178 ) ) ;
#1016 = VERTEX_POINT ( 'NONE', #162 ) ;
#1017 = EDGE_CURVE ( 'NONE', #206, #214, #1253, .T. ) ;
#1018 = DIRECTION ( 'NONE',  ( -1.000000000000000000, 0.000000000000000000, 0.000000000000000000 ) ) ;
#1019 = DIRECTION ( 'NONE',  ( 0.000000000000000000, 0.000000000000000000, -1.000000000000000000 ) ) ;
#1020 = EDGE_LOOP ( 'NONE', ( #731, #553 ) ) ;
#1021 = CARTESIAN_POINT ( 'NONE',  ( -14.89999999999997016, 27.19999999999999929, 7.395570986446978669E-31 ) ) ;
#1022 = EDGE_LOOP ( 'NONE', ( #999, #1287, #1598, #1053 ) ) ;
#1023 = CARTESIAN_POINT ( 'NONE',  ( -24.00000000000000000, 24.49999999999999645, 3.000000000000000000 ) ) ;
#1024 = DIRECTION ( 'NONE',  ( 0.000000000000000000, 1.000000000000000000, 0.000000000000000000 ) ) ;
#1025 = ADVANCED_FACE ( 'NONE', ( #529, #373, #922 ), #1464, .F. ) ;
#1026 = DIRECTION ( 'NONE',  ( 0.000000000000000000, 1.000000000000000000, 0.000000000000000000 ) ) ;
#1027 = VERTEX_POINT ( 'NONE', #654 ) ;
#1028 = VECTOR ( 'NONE', #1046, 1000.000000000000000 ) ;
#1029 = PLANE ( 'NONE',  #1385 ) ;
#1030 = FACE_OUTER_BOUND ( 'NONE', #380, .T. ) ;
#1031 = VERTEX_POINT ( 'NONE', #1633 ) ;
#1032 = DIRECTION ( 'NONE',  ( 8.260587980841936314E-17, -1.000000000000000000, 0.000000000000000000 ) ) ;
#1033 = CIRCLE ( 'NONE', #498, 1.249999999999999334 ) ;
#1034 = CARTESIAN_POINT ( 'NONE',  ( -23.99999999999999645, -3.965082230804131403E-15, -0.5000000000000000000 ) ) ;
#1035 = VECTOR ( 'NONE', #1070, 1000.000000000000000 ) ;
#1036 = ORIENTED_EDGE ( 'NONE', *, *, #1658, .T. ) ;
#1037 = AXIS2_PLACEMENT_3D ( 'NONE', #156, #566, #1255 ) ;
#1038 = DIRECTION ( 'NONE',  ( -0.000000000000000000, -0.000000000000000000, -1.000000000000000000 ) ) ;
#1039 = ORIENTED_EDGE ( 'NONE', *, *, #1103, .T. ) ;
#1040 = VERTEX_POINT ( 'NONE', #903 ) ;
#1041 = DIRECTION ( 'NONE',  ( 0.000000000000000000, -1.000000000000000000, 0.000000000000000000 ) ) ;
#1042 = EDGE_CURVE ( 'NONE', #137, #1340, #1758, .T. ) ;
#1043 = CARTESIAN_POINT ( 'NONE',  ( 12.90000000000000036, -17.30000000000000071, 14.53553390593273953 ) ) ;
#1044 = PLANE ( 'NONE',  #388 ) ;
#1045 = ORIENTED_EDGE ( 'NONE', *, *, #342, .F. ) ;
#1046 = DIRECTION ( 'NONE',  ( -0.000000000000000000, -0.000000000000000000, -1.000000000000000000 ) ) ;
#1047 = DIRECTION ( 'NONE',  ( 0.000000000000000000, 0.000000000000000000, -1.000000000000000000 ) ) ;
#1048 = CARTESIAN_POINT ( 'NONE',  ( 15.99999999999999289, 22.20000000000000284, -0.5009999999999996678 ) ) ;
#1049 = EDGE_LOOP ( 'NONE', ( #1367, #1525, #180, #1668, #317, #248 ) ) ;
#1050 = EDGE_LOOP ( 'NONE', ( #14, #1602, #607, #319 ) ) ;
#1051 = DIRECTION ( 'NONE',  ( 1.000000000000000000, 1.652117596168387756E-16, -0.000000000000000000 ) ) ;
#1052 = LINE ( 'NONE', #534, #1439 ) ;
#1053 = ORIENTED_EDGE ( 'NONE', *, *, #1475, .F. ) ;
#1054 = DIRECTION ( 'NONE',  ( -0.000000000000000000, -1.000000000000000000, -0.000000000000000000 ) ) ;
#1055 = DIRECTION ( 'NONE',  ( -0.000000000000000000, -0.000000000000000000, -1.000000000000000000 ) ) ;
#1056 = FACE_OUTER_BOUND ( 'NONE', #1457, .T. ) ;
#1057 = ORIENTED_EDGE ( 'NONE', *, *, #83, .T. ) ;
#1058 = EDGE_CURVE ( 'NONE', #1236, #795, #1601, .T. ) ;
#1059 = ORIENTED_EDGE ( 'NONE', *, *, #627, .F. ) ;
#1060 = CARTESIAN_POINT ( 'NONE',  ( 14.14999999999999858, -17.30000000000000071, 14.53553390593273953 ) ) ;
#1061 = CARTESIAN_POINT ( 'NONE',  ( 0.000000000000000000, -17.50000000000000711, -0.5000000000000000000 ) ) ;
#1062 = ORIENTED_EDGE ( 'NONE', *, *, #176, .T. ) ;
#1063 = ORIENTED_EDGE ( 'NONE', *, *, #1146, .F. ) ;
#1064 = CARTESIAN_POINT ( 'NONE',  ( 0.000000000000000000, 0.000000000000000000, 2.000000000000000000 ) ) ;
#1065 = VECTOR ( 'NONE', #908, 1000.000000000000000 ) ;
#1066 = DIRECTION ( 'NONE',  ( -1.000000000000000000, 0.000000000000000000, 0.000000000000000000 ) ) ;
#1067 = ORIENTED_EDGE ( 'NONE', *, *, #1137, .F. ) ;
#1068 = AXIS2_PLACEMENT_3D ( 'NONE', #1689, #451, #1548 ) ;
#1069 = EDGE_CURVE ( 'NONE', #1540, #735, #1626, .T. ) ;
#1070 = DIRECTION ( 'NONE',  ( -0.000000000000000000, -0.000000000000000000, -1.000000000000000000 ) ) ;
#1071 = VECTOR ( 'NONE', #1505, 1000.000000000000000 ) ;
#1072 = AXIS2_PLACEMENT_3D ( 'NONE', #114, #1455, #1757 ) ;
#1073 = ORIENTED_EDGE ( 'NONE', *, *, #1286, .F. ) ;
#1074 = FACE_OUTER_BOUND ( 'NONE', #1635, .T. ) ;
#1075 = CARTESIAN_POINT ( 'NONE',  ( 15.99999999999999289, 22.20000000000000284, 11.00000000000000178 ) ) ;
#1076 = ORIENTED_EDGE ( 'NONE', *, *, #983, .T. ) ;
#1077 = CARTESIAN_POINT ( 'NONE',  ( -13.11346610995116180, -17.00000000000000000, 9.000000000000001776 ) ) ;
#1078 = CARTESIAN_POINT ( 'NONE',  ( -14.89999999999997016, 27.19999999999999929, 11.00000000000000178 ) ) ;
#1079 = DIRECTION ( 'NONE',  ( 1.000000000000000000, 1.136998822792451151E-16, 0.000000000000000000 ) ) ;
#1080 = ORIENTED_EDGE ( 'NONE', *, *, #729, .F. ) ;
#1081 = LINE ( 'NONE', #1108, #811 ) ;
#1082 = ORIENTED_EDGE ( 'NONE', *, *, #468, .T. ) ;
#1083 = CARTESIAN_POINT ( 'NONE',  ( 13.49999999999999289, 33.59411254969542426, 14.89999999999999858 ) ) ;
#1084 = CARTESIAN_POINT ( 'NONE',  ( -13.45000000000000107, 18.30000000000000071, 14.53553390593273953 ) ) ;
#1085 = EDGE_CURVE ( 'NONE', #629, #916, #49, .T. ) ;
#1086 = CARTESIAN_POINT ( 'NONE',  ( 15.90000000000000036, 22.19999999999999574, 11.00000000000000178 ) ) ;
#1087 = EDGE_CURVE ( 'NONE', #1289, #760, #647, .T. ) ;
#1088 = ORIENTED_EDGE ( 'NONE', *, *, #1652, .T. ) ;
#1089 = DIRECTION ( 'NONE',  ( 1.000000000000000000, 1.136998822792451151E-16, 0.000000000000000000 ) ) ;
#1090 = ORIENTED_EDGE ( 'NONE', *, *, #322, .T. ) ;
#1091 = CARTESIAN_POINT ( 'NONE',  ( 0.000000000000000000, 2.000000000000001776, 3.000000000000000000 ) ) ;
#1092 = DIRECTION ( 'NONE',  ( 0.000000000000000000, -0.000000000000000000, -1.000000000000000000 ) ) ;
#1093 = ORIENTED_EDGE ( 'NONE', *, *, #622, .T. ) ;
#1094 = VECTOR ( 'NONE', #1643, 1000.000000000000000 ) ;
#1095 = AXIS2_PLACEMENT_3D ( 'NONE', #1542, #1397, #29 ) ;
#1096 = PLANE ( 'NONE',  #727 ) ;
#1097 = AXIS2_PLACEMENT_3D ( 'NONE', #1444, #610, #631 ) ;
#1098 = CIRCLE ( 'NONE', #725, 1.199999999999999734 ) ;
#1099 = ORIENTED_EDGE ( 'NONE', *, *, #846, .F. ) ;
#1100 = AXIS2_PLACEMENT_3D ( 'NONE', #1285, #612, #203 ) ;
#1101 = DIRECTION ( 'NONE',  ( -1.000000000000000000, 0.000000000000000000, 0.000000000000000000 ) ) ;
#1102 = VECTOR ( 'NONE', #1311, 1000.000000000000000 ) ;
#1103 = EDGE_CURVE ( 'NONE', #237, #1194, #400, .T. ) ;
#1104 = DIRECTION ( 'NONE',  ( 1.107270303814983294E-16, -1.000000000000000000, 0.000000000000000000 ) ) ;
#1105 = DIRECTION ( 'NONE',  ( -1.000000000000000000, 0.000000000000000000, 0.000000000000000000 ) ) ;
#1106 = DIRECTION ( 'NONE',  ( 0.000000000000000000, 0.000000000000000000, 1.000000000000000000 ) ) ;
#1107 = ORIENTED_EDGE ( 'NONE', *, *, #215, .T. ) ;
#1108 = CARTESIAN_POINT ( 'NONE',  ( 0.000000000000000000, -17.50000000000000711, 3.000000000000000000 ) ) ;
#1109 = EDGE_CURVE ( 'NONE', #1208, #1679, #108, .T. ) ;
#1110 = DIRECTION ( 'NONE',  ( 0.000000000000000000, 0.000000000000000000, -1.000000000000000000 ) ) ;
#1111 = DIRECTION ( 'NONE',  ( 1.000000000000000000, 0.000000000000000000, 0.000000000000000000 ) ) ;
#1112 = CARTESIAN_POINT ( 'NONE',  ( 15.90000000000000036, 0.000000000000000000, 9.000000000000001776 ) ) ;
#1113 = ORIENTED_EDGE ( 'NONE', *, *, #1069, .F. ) ;
#1114 = DIRECTION ( 'NONE',  ( -0.000000000000000000, -1.000000000000000000, -0.000000000000000000 ) ) ;
#1115 = PLANE ( 'NONE',  #1095 ) ;
#1116 = DIRECTION ( 'NONE',  ( 1.000000000000000000, 0.000000000000000000, 0.000000000000000000 ) ) ;
#1117 = CARTESIAN_POINT ( 'NONE',  ( -12.20000000000000284, 18.30000000000000071, 14.53553390593273953 ) ) ;
#1118 = ORIENTED_EDGE ( 'NONE', *, *, #1708, .F. ) ;
#1119 = FACE_OUTER_BOUND ( 'NONE', #1165, .T. ) ;
#1120 = VECTOR ( 'NONE', #1327, 1000.000000000000000 ) ;
#1121 = ORIENTED_EDGE ( 'NONE', *, *, #1085, .F. ) ;
#1122 = AXIS2_PLACEMENT_3D ( 'NONE', #1254, #36, #1116 ) ;
#1123 = CARTESIAN_POINT ( 'NONE',  ( -12.20000000000000284, 18.30000000000000071, 14.53553390593273953 ) ) ;
#1124 = VECTOR ( 'NONE', #737, 1000.000000000000000 ) ;
#1125 = CARTESIAN_POINT ( 'NONE',  ( -11.90000000000000213, -17.30000000000000071, 11.00000000000000178 ) ) ;
#1126 = DIRECTION ( 'NONE',  ( -1.000000000000000000, 0.000000000000000000, 0.000000000000000000 ) ) ;
#1127 = ADVANCED_FACE ( 'NONE', ( #941, #517, #1359, #1056 ), #124, .T. ) ;
#1128 = ORIENTED_EDGE ( 'NONE', *, *, #139, .T. ) ;
#1129 = DIRECTION ( 'NONE',  ( 0.000000000000000000, 0.000000000000000000, 1.000000000000000000 ) ) ;
#1130 = ORIENTED_EDGE ( 'NONE', *, *, #597, .F. ) ;
#1131 = LINE ( 'NONE', #863, #72 ) ;
#1132 = VERTEX_POINT ( 'NONE', #272 ) ;
#1133 = CARTESIAN_POINT ( 'NONE',  ( 1.938244714750681354E-15, -17.00000000000000000, 9.000000000000001776 ) ) ;
#1134 = CARTESIAN_POINT ( 'NONE',  ( 14.99999999999999645, 2.000000000000001776, 2.000000000000000000 ) ) ;
#1135 = ORIENTED_EDGE ( 'NONE', *, *, #1087, .F. ) ;
#1136 = CARTESIAN_POINT ( 'NONE',  ( 11.00000000000000000, -17.00000000000000000, 7.000000000000000888 ) ) ;
#1137 = EDGE_CURVE ( 'NONE', #825, #1627, #98, .T. ) ;
#1138 = ORIENTED_EDGE ( 'NONE', *, *, #358, .F. ) ;
#1139 = FACE_OUTER_BOUND ( 'NONE', #769, .T. ) ;
#1140 = LINE ( 'NONE', #482, #95 ) ;
#1141 = CYLINDRICAL_SURFACE ( 'NONE', #1100, 1.249999999999999334 ) ;
#1142 = VERTEX_POINT ( 'NONE', #1769 ) ;
#1143 = EDGE_CURVE ( 'NONE', #439, #404, #1739, .T. ) ;
#1144 = PRESENTATION_LAYER_ASSIGNMENT (  '', '', ( #1468 ) ) ;
#1145 = EDGE_LOOP ( 'NONE', ( #92, #637, #1346, #849 ) ) ;
#1146 = EDGE_CURVE ( 'NONE', #244, #1472, #869, .T. ) ;
#1147 = DIRECTION ( 'NONE',  ( 0.000000000000000000, -1.000000000000000000, 0.000000000000000000 ) ) ;
#1148 = VECTOR ( 'NONE', #123, 1000.000000000000000 ) ;
#1149 = ORIENTED_EDGE ( 'NONE', *, *, #1069, .T. ) ;
#1150 = CARTESIAN_POINT ( 'NONE',  ( -23.99999999999999289, -17.50000000000000355, 3.000000000000000000 ) ) ;
#1151 = CARTESIAN_POINT ( 'NONE',  ( 11.00000000000000000, -20.19999999999999574, 7.000000000000000888 ) ) ;
#1152 = VECTOR ( 'NONE', #792, 1000.000000000000000 ) ;
#1153 = FACE_OUTER_BOUND ( 'NONE', #1199, .T. ) ;
#1154 = VERTEX_POINT ( 'NONE', #1592 ) ;
#1155 = ORIENTED_EDGE ( 'NONE', *, *, #47, .F. ) ;
#1156 = CARTESIAN_POINT ( 'NONE',  ( 5.853179529716889921E-15, -51.98049716414141130, 9.000000000000001776 ) ) ;
#1157 = EDGE_CURVE ( 'NONE', #327, #1450, #673, .T. ) ;
#1158 = DIRECTION ( 'NONE',  ( -0.000000000000000000, -0.000000000000000000, -1.000000000000000000 ) ) ;
#1159 = DIRECTION ( 'NONE',  ( 1.360567432138672328E-16, -1.000000000000000000, 0.000000000000000000 ) ) ;
#1160 = CARTESIAN_POINT ( 'NONE',  ( 0.000000000000000000, 30.00000000000000000, 3.000000000000000000 ) ) ;
#1161 = LINE ( 'NONE', #624, #1586 ) ;
#1162 = ORIENTED_EDGE ( 'NONE', *, *, #778, .F. ) ;
#1163 = VERTEX_POINT ( 'NONE', #365 ) ;
#1164 = FACE_BOUND ( 'NONE', #945, .T. ) ;
#1165 = EDGE_LOOP ( 'NONE', ( #1189, #1239, #141, #1509 ) ) ;
#1166 = LINE ( 'NONE', #493, #467 ) ;
#1167 = DIRECTION ( 'NONE',  ( 0.000000000000000000, -0.000000000000000000, -1.000000000000000000 ) ) ;
#1168 = ORIENTED_EDGE ( 'NONE', *, *, #1223, .T. ) ;
#1169 = ADVANCED_FACE ( 'NONE', ( #262 ), #802, .F. ) ;
#1170 = DIRECTION ( 'NONE',  ( -0.000000000000000000, -1.000000000000000000, -0.000000000000000000 ) ) ;
#1171 = EDGE_LOOP ( 'NONE', ( #450, #256, #278, #1337, #813, #805, #232, #405, #708, #1563 ) ) ;
#1172 = ORIENTED_EDGE ( 'NONE', *, *, #1622, .F. ) ;
#1173 = CARTESIAN_POINT ( 'NONE',  ( 0.000000000000000000, -17.50000000000000711, 3.000000000000000000 ) ) ;
#1174 = CIRCLE ( 'NONE', #640, 1.199999999999999734 ) ;
#1175 = DIRECTION ( 'NONE',  ( 1.000000000000000000, -6.377659838150026227E-17, 0.000000000000000000 ) ) ;
#1176 = DIRECTION ( 'NONE',  ( -1.000000000000000000, 0.000000000000000000, 0.000000000000000000 ) ) ;
#1177 = ORIENTED_EDGE ( 'NONE', *, *, #545, .F. ) ;
#1178 = CARTESIAN_POINT ( 'NONE',  ( 14.99999999999999645, -1.399999999999998357, 2.000000000000000000 ) ) ;
#1179 = VECTOR ( 'NONE', #402, 1000.000000000000000 ) ;
#1180 = ADVANCED_FACE ( 'NONE', ( #770 ), #508, .F. ) ;
#1181 = CARTESIAN_POINT ( 'NONE',  ( -10.95000000000000284, 18.30000000000000071, 9.000000000000001776 ) ) ;
#1182 = VECTOR ( 'NONE', #552, 1000.000000000000000 ) ;
#1183 = DIRECTION ( 'NONE',  ( -1.476360405086644309E-16, 1.000000000000000000, 0.000000000000000000 ) ) ;
#1184 = ORIENTED_EDGE ( 'NONE', *, *, #1368, .T. ) ;
#1185 = EDGE_LOOP ( 'NONE', ( #412, #1393, #1607, #1738 ) ) ;
#1186 = EDGE_CURVE ( 'NONE', #1194, #1323, #1676, .T. ) ;
#1187 = CARTESIAN_POINT ( 'NONE',  ( -1.214306433183765597E-14, 24.50000000000000711, -0.5000000000000000000 ) ) ;
#1188 = CARTESIAN_POINT ( 'NONE',  ( 11.00000000000000000, -20.19999999999999574, 5.850000000000001421 ) ) ;
#1189 = ORIENTED_EDGE ( 'NONE', *, *, #97, .T. ) ;
#1190 = CARTESIAN_POINT ( 'NONE',  ( 24.99999999999999645, -17.50000000000000711, 3.000000000000000000 ) ) ;
#1191 = DIRECTION ( 'NONE',  ( 1.652117596168388002E-16, -1.000000000000000000, 0.000000000000000000 ) ) ;
#1192 = EDGE_CURVE ( 'NONE', #1154, #125, #561, .T. ) ;
#1193 = DIRECTION ( 'NONE',  ( 0.000000000000000000, -0.000000000000000000, -1.000000000000000000 ) ) ;
#1194 = VERTEX_POINT ( 'NONE', #142 ) ;
#1195 = ORIENTED_EDGE ( 'NONE', *, *, #176, .F. ) ;
#1196 = LINE ( 'NONE', #392, #671 ) ;
#1197 = CARTESIAN_POINT ( 'NONE',  ( -27.99999999999999645, -3.809588809988282123E-15, -0.5000000000000000000 ) ) ;
#1198 = ORIENTED_EDGE ( 'NONE', *, *, #605, .F. ) ;
#1199 = EDGE_LOOP ( 'NONE', ( #660, #864, #1062, #260 ) ) ;
#1200 = EDGE_CURVE ( 'NONE', #1433, #1399, #959, .T. ) ;
#1201 = LINE ( 'NONE', #372, #335 ) ;
#1202 = DIRECTION ( 'NONE',  ( -0.000000000000000000, 0.000000000000000000, 1.000000000000000000 ) ) ;
#1203 = ORIENTED_EDGE ( 'NONE', *, *, #1324, .T. ) ;
#1204 = UNCERTAINTY_MEASURE_WITH_UNIT (LENGTH_MEASURE( 1.000000000000000082E-05 ), #1670, 'distance_accuracy_value', 'NONE');
#1205 = EDGE_CURVE ( 'NONE', #492, #125, #1529, .T. ) ;
#1206 = CARTESIAN_POINT ( 'NONE',  ( 16.00000000000000000, 30.00000000000000000, 9.000000000000001776 ) ) ;
#1207 = CARTESIAN_POINT ( 'NONE',  ( 17.99999999999999645, 24.50000000000000000, 3.000000000000000000 ) ) ;
#1208 = VERTEX_POINT ( 'NONE', #12 ) ;
#1209 = VERTEX_POINT ( 'NONE', #414 ) ;
#1210 = DIRECTION ( 'NONE',  ( 0.000000000000000000, 0.000000000000000000, 1.000000000000000000 ) ) ;
#1211 = AXIS2_PLACEMENT_3D ( 'NONE', #1309, #1435, #1018 ) ;
#1212 = VECTOR ( 'NONE', #582, 1000.000000000000000 ) ;
#1213 = CARTESIAN_POINT ( 'NONE',  ( 13.19999999999999929, 18.09999999999999787, 9.000000000000001776 ) ) ;
#1214 = VECTOR ( 'NONE', #1469, 1000.000000000000000 ) ;
#1215 = DIRECTION ( 'NONE',  ( -0.000000000000000000, -0.000000000000000000, -1.000000000000000000 ) ) ;
#1216 = VECTOR ( 'NONE', #1215, 1000.000000000000000 ) ;
#1217 = VECTOR ( 'NONE', #515, 1000.000000000000000 ) ;
#1218 = ORIENTED_EDGE ( 'NONE', *, *, #782, .T. ) ;
#1219 = ADVANCED_FACE ( 'NONE', ( #1400 ), #1667, .F. ) ;
#1220 = CARTESIAN_POINT ( 'NONE',  ( -15.00000000000000355, 27.00000000000000000, 3.000000000000000000 ) ) ;
#1221 = LINE ( 'NONE', #236, #275 ) ;
#1222 = DIRECTION ( 'NONE',  ( 0.000000000000000000, 0.000000000000000000, -1.000000000000000000 ) ) ;
#1223 = EDGE_CURVE ( 'NONE', #43, #1654, #174, .T. ) ;
#1224 = FACE_OUTER_BOUND ( 'NONE', #909, .T. ) ;
#1225 = DIRECTION ( 'NONE',  ( -1.000000000000000000, 3.469446951953613696E-16, 0.000000000000000000 ) ) ;
#1226 = ORIENTED_EDGE ( 'NONE', *, *, #479, .F. ) ;
#1227 = CYLINDRICAL_SURFACE ( 'NONE', #554, 1.199999999999999734 ) ;
#1228 = ORIENTED_EDGE ( 'NONE', *, *, #1223, .F. ) ;
#1229 = ORIENTED_EDGE ( 'NONE', *, *, #684, .T. ) ;
#1230 = DIRECTION ( 'NONE',  ( -0.000000000000000000, 1.000000000000000000, -0.000000000000000000 ) ) ;
#1231 = CARTESIAN_POINT ( 'NONE',  ( -14.89999999999997016, 27.19999999999999929, 7.395570986446978669E-31 ) ) ;
#1232 = EDGE_LOOP ( 'NONE', ( #1661, #625, #762, #399, #634, #831, #1128, #873, #82, #1448, #1088 ) ) ;
#1233 = CARTESIAN_POINT ( 'NONE',  ( 10.99999999999999289, 27.19999999999999929, -0.5009999999999996678 ) ) ;
#1234 = EDGE_CURVE ( 'NONE', #1647, #513, #32, .T. ) ;
#1235 = ADVANCED_FACE ( 'NONE', ( #1119 ), #1096, .F. ) ;
#1236 = VERTEX_POINT ( 'NONE', #6 ) ;
#1237 = CARTESIAN_POINT ( 'NONE',  ( 1.938244714750681354E-15, -17.00000000000000000, 2.465190328815661892E-31 ) ) ;
#1238 = PLANE ( 'NONE',  #132 ) ;
#1239 = ORIENTED_EDGE ( 'NONE', *, *, #1550, .T. ) ;
#1240 = AXIS2_PLACEMENT_3D ( 'NONE', #705, #567, #1111 ) ;
#1241 = AXIS2_PLACEMENT_3D ( 'NONE', #1418, #994, #60 ) ;
#1242 = DIRECTION ( 'NONE',  ( 1.000000000000000000, 1.387778780781444887E-15, 0.000000000000000000 ) ) ;
#1243 = VECTOR ( 'NONE', #722, 1000.000000000000000 ) ;
#1244 = VECTOR ( 'NONE', #330, 1000.000000000000000 ) ;
#1245 = ORIENTED_EDGE ( 'NONE', *, *, #28, .T. ) ;
#1246 = LINE ( 'NONE', #27, #950 ) ;
#1247 = ADVANCED_FACE ( 'NONE', ( #1250 ), #826, .F. ) ;
#1248 = CARTESIAN_POINT ( 'NONE',  ( 15.90000000000000036, 0.000000000000000000, 0.000000000000000000 ) ) ;
#1249 = VERTEX_POINT ( 'NONE', #1086 ) ;
#1250 = FACE_OUTER_BOUND ( 'NONE', #657, .T. ) ;
#1251 = ADVANCED_FACE ( 'NONE', ( #1650 ), #1520, .F. ) ;
#1252 = EDGE_LOOP ( 'NONE', ( #490, #844, #1519, #1353 ) ) ;
#1253 = LINE ( 'NONE', #34, #1623 ) ;
#1254 = CARTESIAN_POINT ( 'NONE',  ( -11.90000000000000213, -17.30000000000000071, 9.000000000000001776 ) ) ;
#1255 = DIRECTION ( 'NONE',  ( -1.360567432138672328E-16, 1.000000000000000000, 0.000000000000000000 ) ) ;
#1256 = ORIENTED_EDGE ( 'NONE', *, *, #1488, .F. ) ;
#1257 = EDGE_CURVE ( 'NONE', #1759, #40, #843, .T. ) ;
#1258 = CARTESIAN_POINT ( 'NONE',  ( 16.00000000000000000, -16.99999999999999645, 2.465190328815661892E-31 ) ) ;
#1259 = PRODUCT ( 'tracker\X2\4e0b534a97624e9a514b529b900f660e7248\X0\', 'tracker\X2\4e0b534a97624e9a514b529b900f660e7248\X0\', '', ( #194 ) ) ;
#1260 = VERTEX_POINT ( 'NONE', #948 ) ;
#1261 = FACE_OUTER_BOUND ( 'NONE', #387, .T. ) ;
#1262 = PLANE ( 'NONE',  #781 ) ;
#1263 = DIRECTION ( 'NONE',  ( 0.000000000000000000, 0.000000000000000000, -1.000000000000000000 ) ) ;
#1264 = ORIENTED_EDGE ( 'NONE', *, *, #97, .F. ) ;
#1265 = LINE ( 'NONE', #211, #245 ) ;
#1266 = VECTOR ( 'NONE', #1735, 1000.000000000000000 ) ;
#1267 = CIRCLE ( 'NONE', #1700, 1.149999999999999911 ) ;
#1268 = ORIENTED_EDGE ( 'NONE', *, *, #658, .F. ) ;
#1269 = VECTOR ( 'NONE', #511, 1000.000000000000000 ) ;
#1270 = CARTESIAN_POINT ( 'NONE',  ( 13.49999999999999289, 30.00000000000000000, 13.69999999999999929 ) ) ;
#1271 = VECTOR ( 'NONE', #448, 1000.000000000000000 ) ;
#1272 = EDGE_CURVE ( 'NONE', #735, #825, #1394, .T. ) ;
#1273 = AXIS2_PLACEMENT_3D ( 'NONE', #131, #678, #1366 ) ;
#1274 = DIRECTION ( 'NONE',  ( 0.000000000000000000, -0.000000000000000000, 1.000000000000000000 ) ) ;
#1275 = EDGE_LOOP ( 'NONE', ( #655, #596, #540, #697 ) ) ;
#1276 = EDGE_CURVE ( 'NONE', #65, #492, #22, .T. ) ;
#1277 = CARTESIAN_POINT ( 'NONE',  ( -14.99999999999996980, 27.19999999999999929, 2.999999999999999112 ) ) ;
#1278 = ORIENTED_EDGE ( 'NONE', *, *, #1648, .F. ) ;
#1279 = ORIENTED_EDGE ( 'NONE', *, *, #1703, .F. ) ;
#1280 = DIRECTION ( 'NONE',  ( 1.136998822792451151E-16, -1.000000000000000000, 1.232595164407830946E-32 ) ) ;
#1281 = ORIENTED_EDGE ( 'NONE', *, *, #63, .T. ) ;
#1282 = LINE ( 'NONE', #315, #696 ) ;
#1283 = FACE_BOUND ( 'NONE', #899, .T. ) ;
#1284 = VERTEX_POINT ( 'NONE', #283 ) ;
#1285 = CARTESIAN_POINT ( 'NONE',  ( -11.90000000000000213, -17.30000000000000071, 14.53553390593273953 ) ) ;
#1286 = EDGE_CURVE ( 'NONE', #1364, #296, #833, .T. ) ;
#1287 = ORIENTED_EDGE ( 'NONE', *, *, #198, .T. ) ;
#1288 = EDGE_CURVE ( 'NONE', #1745, #1260, #694, .T. ) ;
#1289 = VERTEX_POINT ( 'NONE', #972 ) ;
#1290 = LINE ( 'NONE', #1133, #45 ) ;
#1291 = VERTEX_POINT ( 'NONE', #706 ) ;
#1292 = CARTESIAN_POINT ( 'NONE',  ( 18.00000000000000000, 2.449021377849609992E-15, -0.5000000000000000000 ) ) ;
#1293 = LINE ( 'NONE', #1304, #1028 ) ;
#1294 = CARTESIAN_POINT ( 'NONE',  ( -28.00000000000000000, 30.00000000000000000, -0.5000000000000000000 ) ) ;
#1295 = CARTESIAN_POINT ( 'NONE',  ( 0.000000000000000000, 30.00000000000000000, 3.000000000000000000 ) ) ;
#1296 = EDGE_LOOP ( 'NONE', ( #1039, #796, #254, #960 ) ) ;
#1297 = EDGE_CURVE ( 'NONE', #589, #577, #71, .T. ) ;
#1298 = AXIS2_PLACEMENT_3D ( 'NONE', #460, #991, #1274 ) ;
#1299 = AXIS2_PLACEMENT_3D ( 'NONE', #1123, #852, #1396 ) ;
#1300 = PLANE ( 'NONE',  #1701 ) ;
#1301 = AXIS2_PLACEMENT_3D ( 'NONE', #289, #1514, #166 ) ;
#1302 = ORIENTED_EDGE ( 'NONE', *, *, #1378, .F. ) ;
#1303 = CARTESIAN_POINT ( 'NONE',  ( 14.44999999999999929, 18.09999999999999787, 11.00000000000000178 ) ) ;
#1304 = CARTESIAN_POINT ( 'NONE',  ( 24.99999999999999289, 24.50000000000000000, 3.000000000000000000 ) ) ;
#1305 = LINE ( 'NONE', #1160, #1360 ) ;
#1306 = ORIENTED_EDGE ( 'NONE', *, *, #55, .T. ) ;
#1307 = DIRECTION ( 'NONE',  ( 0.000000000000000000, -0.000000000000000000, -1.000000000000000000 ) ) ;
#1308 = ORIENTED_EDGE ( 'NONE', *, *, #47, .T. ) ;
#1309 = CARTESIAN_POINT ( 'NONE',  ( -11.90000000000000213, -17.30000000000000071, 14.53553390593273953 ) ) ;
#1310 = EDGE_CURVE ( 'NONE', #206, #594, #1421, .T. ) ;
#1311 = DIRECTION ( 'NONE',  ( 0.000000000000000000, -0.000000000000000000, 1.000000000000000000 ) ) ;
#1312 = FACE_BOUND ( 'NONE', #745, .T. ) ;
#1313 = ORIENTED_EDGE ( 'NONE', *, *, #251, .F. ) ;
#1314 = VERTEX_POINT ( 'NONE', #1294 ) ;
#1315 = ADVANCED_FACE ( 'NONE', ( #1709 ), #1141, .F. ) ;
#1316 = CYLINDRICAL_SURFACE ( 'NONE', #213, 1.249999999999999334 ) ;
#1317 = EDGE_LOOP ( 'NONE', ( #1496, #1695, #346, #951 ) ) ;
#1318 = CARTESIAN_POINT ( 'NONE',  ( -1.214306433183765597E-14, 24.50000000000000711, 3.000000000000000000 ) ) ;
#1319 = CARTESIAN_POINT ( 'NONE',  ( -27.99999999999999289, -23.39999999999999858, 3.000000000000000000 ) ) ;
#1320 = DIRECTION ( 'NONE',  ( 5.833978216822720822E-16, 1.000000000000000000, -0.000000000000000000 ) ) ;
#1321 = VERTEX_POINT ( 'NONE', #1277 ) ;
#1322 = CIRCLE ( 'NONE', #240, 1.249999999999999334 ) ;
#1323 = VERTEX_POINT ( 'NONE', #1684 ) ;
#1324 = EDGE_CURVE ( 'NONE', #465, #559, #333, .T. ) ;
#1325 = CIRCLE ( 'NONE', #1241, 1.249999999999999334 ) ;
#1326 = FACE_OUTER_BOUND ( 'NONE', #1252, .T. ) ;
#1327 = DIRECTION ( 'NONE',  ( 1.000000000000000000, 1.387778780781444887E-15, -0.000000000000000000 ) ) ;
#1328 = ORIENTED_EDGE ( 'NONE', *, *, #66, .T. ) ;
#1329 = EDGE_CURVE ( 'NONE', #1745, #1426, #1693, .T. ) ;
#1330 = AXIS2_PLACEMENT_3D ( 'NONE', #1345, #700, #118 ) ;
#1331 = CARTESIAN_POINT ( 'NONE',  ( 0.000000000000000000, 24.50000000000000000, -0.5000000000000000000 ) ) ;
#1332 = AXIS2_PLACEMENT_3D ( 'NONE', #743, #1436, #64 ) ;
#1333 = VECTOR ( 'NONE', #1055, 1000.000000000000000 ) ;
#1334 = CARTESIAN_POINT ( 'NONE',  ( 24.99999999999999645, -17.50000000000000711, 3.000000000000000000 ) ) ;
#1335 = EDGE_LOOP ( 'NONE', ( #1513, #1006, #1515, #719 ) ) ;
#1336 = ADVANCED_FACE ( 'NONE', ( #1153 ), #623, .F. ) ;
#1337 = ORIENTED_EDGE ( 'NONE', *, *, #1639, .T. ) ;
#1338 = DIRECTION ( 'NONE',  ( 4.930380657631323784E-32, -2.850949024098342347E-47, 1.000000000000000000 ) ) ;
#1339 = LINE ( 'NONE', #403, #723 ) ;
#1340 = VERTEX_POINT ( 'NONE', #464 ) ;
#1341 = CARTESIAN_POINT ( 'NONE',  ( 10.99999999999999289, 27.19999999999999929, -0.5009999999999996678 ) ) ;
#1342 = DIRECTION ( 'NONE',  ( 1.136998822792451151E-16, -1.000000000000000000, 1.232595164407830946E-32 ) ) ;
#1343 = ADVANCED_FACE ( 'NONE', ( #595, #353, #455 ), #1699, .F. ) ;
#1344 = EDGE_LOOP ( 'NONE', ( #350, #1229, #470, #787 ) ) ;
#1345 = CARTESIAN_POINT ( 'NONE',  ( 0.000000000000000000, 0.000000000000000000, 3.000000000000000000 ) ) ;
#1346 = ORIENTED_EDGE ( 'NONE', *, *, #1521, .T. ) ;
#1347 = DIRECTION ( 'NONE',  ( -0.000000000000000000, -0.000000000000000000, 1.000000000000000000 ) ) ;
#1348 = CYLINDRICAL_SURFACE ( 'NONE', #894, 1.199999999999999734 ) ;
#1349 = CARTESIAN_POINT ( 'NONE',  ( -16.99999999999999645, -2.312964634635742661E-15, 3.000000000000000000 ) ) ;
#1350 = EDGE_LOOP ( 'NONE', ( #721, #1057, #619, #290 ) ) ;
#1351 = EDGE_CURVE ( 'NONE', #867, #629, #1446, .T. ) ;
#1352 = CARTESIAN_POINT ( 'NONE',  ( 13.49999999999999289, 33.59411254969542426, 13.69999999999999929 ) ) ;
#1353 = ORIENTED_EDGE ( 'NONE', *, *, #897, .T. ) ;
#1354 = ORIENTED_EDGE ( 'NONE', *, *, #656, .T. ) ;
#1355 = CARTESIAN_POINT ( 'NONE',  ( -16.99999999999999645, -2.312964634635742661E-15, 3.000000000000000000 ) ) ;
#1356 = CLOSED_SHELL ( 'NONE', ( #96, #692, #1251, #911, #962, #794, #1336, #823, #1025, #255, #1343, #1180, #397, #1742, #835, #4, #767, #746, #1127, #1462, #438, #418, #1688, #160, #912, #933, #1551, #338, #1169, #457, #1604, #1247, #1634, #643, #454, #191, #1591, #1694, #1674, #1219, #297, #1315, #586, #616, #761, #1235, #971, #581, #273, #1664 ) ) ;
#1357 = VECTOR ( 'NONE', #267, 1000.000000000000000 ) ;
#1358 = DIRECTION ( 'NONE',  ( 1.000000000000000000, 1.136998822792451151E-16, 0.000000000000000000 ) ) ;
#1359 = FACE_BOUND ( 'NONE', #1050, .T. ) ;
#1360 = VECTOR ( 'NONE', #587, 1000.000000000000000 ) ;
#1361 = AXIS2_PLACEMENT_3D ( 'NONE', #543, #1638, #281 ) ;
#1362 = VERTEX_POINT ( 'NONE', #80 ) ;
#1363 = LINE ( 'NONE', #168, #1558 ) ;
#1364 = VERTEX_POINT ( 'NONE', #720 ) ;
#1365 = LINE ( 'NONE', #138, #15 ) ;
#1366 = DIRECTION ( 'NONE',  ( 0.000000000000000000, 0.000000000000000000, -1.000000000000000000 ) ) ;
#1367 = ORIENTED_EDGE ( 'NONE', *, *, #656, .F. ) ;
#1368 = EDGE_CURVE ( 'NONE', #11, #1549, #1561, .T. ) ;
#1369 = CARTESIAN_POINT ( 'NONE',  ( 24.99999999999999645, 2.065146995210483660E-15, -0.5000000000000000000 ) ) ;
#1370 = ADVANCED_BREP_SHAPE_REPRESENTATION ( 'tracker\X2\4e0b534a97624e9a514b529b900f660e7248\X0\', ( #264, #560 ), #614 ) ;
#1371 = ORIENTED_EDGE ( 'NONE', *, *, #983, .F. ) ;
#1372 = LINE ( 'NONE', #411, #1414 ) ;
#1373 = EDGE_CURVE ( 'NONE', #1132, #1480, #1010, .T. ) ;
#1374 = LINE ( 'NONE', #1524, #675 ) ;
#1375 = ORIENTED_EDGE ( 'NONE', *, *, #893, .T. ) ;
#1376 = CARTESIAN_POINT ( 'NONE',  ( 13.19999999999999929, 18.09999999999999787, 14.53553390593273953 ) ) ;
#1377 = ORIENTED_EDGE ( 'NONE', *, *, #1610, .T. ) ;
#1378 = EDGE_CURVE ( 'NONE', #1549, #507, #1265, .T. ) ;
#1379 = DIRECTION ( 'NONE',  ( 0.000000000000000000, 0.000000000000000000, -1.000000000000000000 ) ) ;
#1380 = SURFACE_STYLE_USAGE ( .BOTH. , #427 ) ;
#1381 = DIRECTION ( 'NONE',  ( 4.930380657631323784E-32, -2.850949024098342347E-47, 1.000000000000000000 ) ) ;
#1382 = EDGE_CURVE ( 'NONE', #109, #7, #1305, .T. ) ;
#1383 = CARTESIAN_POINT ( 'NONE',  ( 11.00000000000000000, -17.00000000000000000, 5.850000000000001421 ) ) ;
#1384 = CARTESIAN_POINT ( 'NONE',  ( 0.000000000000000000, -17.50000000000000355, 3.000000000000000000 ) ) ;
#1385 = AXIS2_PLACEMENT_3D ( 'NONE', #1156, #246, #1596 ) ;
#1386 = AXIS2_PLACEMENT_3D ( 'NONE', #1213, #239, #1767 ) ;
#1387 = ORIENTED_EDGE ( 'NONE', *, *, #229, .T. ) ;
#1388 = AXIS2_PLACEMENT_3D ( 'NONE', #632, #1167, #398 ) ;
#1389 = EDGE_CURVE ( 'NONE', #1544, #1236, #1578, .T. ) ;
#1390 = LINE ( 'NONE', #81, #753 ) ;
#1391 = FACE_BOUND ( 'NONE', #1750, .T. ) ;
#1392 = PLANE ( 'NONE',  #1768 ) ;
#1393 = ORIENTED_EDGE ( 'NONE', *, *, #930, .T. ) ;
#1394 = LINE ( 'NONE', #1258, #1071 ) ;
#1395 = ORIENTED_EDGE ( 'NONE', *, *, #1478, .T. ) ;
#1396 = DIRECTION ( 'NONE',  ( -1.000000000000000000, 0.000000000000000000, 0.000000000000000000 ) ) ;
#1397 = DIRECTION ( 'NONE',  ( 0.000000000000000000, 0.000000000000000000, -1.000000000000000000 ) ) ;
#1398 = LINE ( 'NONE', #979, #557 ) ;
#1399 = VERTEX_POINT ( 'NONE', #1565 ) ;
#1400 = FACE_OUTER_BOUND ( 'NONE', #886, .T. ) ;
#1401 =( NAMED_UNIT ( * ) SI_UNIT ( $, .STERADIAN. ) SOLID_ANGLE_UNIT ( ) );
#1402 = ORIENTED_EDGE ( 'NONE', *, *, #1286, .T. ) ;
#1403 = EDGE_CURVE ( 'NONE', #1619, #867, #475, .T. ) ;
#1404 = CYLINDRICAL_SURFACE ( 'NONE', #1299, 1.249999999999999334 ) ;
#1405 = CARTESIAN_POINT ( 'NONE',  ( -27.99999999999999289, -23.39999999999999858, -0.5000000000000000000 ) ) ;
#1406 = EDGE_CURVE ( 'NONE', #513, #165, #702, .T. ) ;
#1407 = LINE ( 'NONE', #178, #212 ) ;
#1408 = DIRECTION ( 'NONE',  ( 1.360567432138672328E-16, -1.000000000000000000, 0.000000000000000000 ) ) ;
#1409 = ORIENTED_EDGE ( 'NONE', *, *, #707, .T. ) ;
#1410 = DIRECTION ( 'NONE',  ( -0.000000000000000000, -1.000000000000000000, -0.000000000000000000 ) ) ;
#1411 = LINE ( 'NONE', #1295, #779 ) ;
#1412 = VECTOR ( 'NONE', #842, 1000.000000000000000 ) ;
#1413 = ORIENTED_EDGE ( 'NONE', *, *, #949, .T. ) ;
#1414 = VECTOR ( 'NONE', #935, 1000.000000000000000 ) ;
#1415 = DIRECTION ( 'NONE',  ( -4.930380657631323784E-32, 2.850949024098342347E-47, -1.000000000000000000 ) ) ;
#1416 = VECTOR ( 'NONE', #1038, 1000.000000000000000 ) ;
#1417 = PRODUCT_DEFINITION_SHAPE ( 'NONE', 'NONE',  #925 ) ;
#1418 = CARTESIAN_POINT ( 'NONE',  ( -12.20000000000000284, 18.30000000000000071, 11.00000000000000178 ) ) ;
#1419 = ORIENTED_EDGE ( 'NONE', *, *, #953, .F. ) ;
#1420 = CARTESIAN_POINT ( 'NONE',  ( 16.00000000000000000, -19.99999999999999645, 9.000000000000001776 ) ) ;
#1421 = LINE ( 'NONE', #196, #1124 ) ;
#1422 = EDGE_CURVE ( 'NONE', #563, #242, #877, .T. ) ;
#1423 = ORIENTED_EDGE ( 'NONE', *, *, #1276, .F. ) ;
#1424 = ORIENTED_EDGE ( 'NONE', *, *, #1382, .F. ) ;
#1425 = CARTESIAN_POINT ( 'NONE',  ( -10.65000000000000391, -17.30000000000000071, 9.000000000000001776 ) ) ;
#1426 = VERTEX_POINT ( 'NONE', #57 ) ;
#1427 = CARTESIAN_POINT ( 'NONE',  ( 11.95000000000000107, 18.09999999999999787, 9.000000000000001776 ) ) ;
#1428 = CARTESIAN_POINT ( 'NONE',  ( -16.99999999999999645, -2.312964634635742661E-15, -0.5000000000000000000 ) ) ;
#1429 = EDGE_CURVE ( 'NONE', #1323, #1284, #1600, .T. ) ;
#1430 = VERTEX_POINT ( 'NONE', #87 ) ;
#1431 = VERTEX_POINT ( 'NONE', #1319 ) ;
#1432 = CARTESIAN_POINT ( 'NONE',  ( 16.00000000000000000, -16.99999999999999645, 2.999999999999999112 ) ) ;
#1433 = VERTEX_POINT ( 'NONE', #1737 ) ;
#1434 = DIRECTION ( 'NONE',  ( 0.000000000000000000, -1.000000000000000000, 0.000000000000000000 ) ) ;
#1435 = DIRECTION ( 'NONE',  ( 0.000000000000000000, 0.000000000000000000, -1.000000000000000000 ) ) ;
#1436 = DIRECTION ( 'NONE',  ( -0.000000000000000000, -1.000000000000000000, -0.000000000000000000 ) ) ;
#1437 = ORIENTED_EDGE ( 'NONE', *, *, #639, .T. ) ;
#1438 = AXIS2_PLACEMENT_3D ( 'NONE', #1151, #757, #348 ) ;
#1439 = VECTOR ( 'NONE', #1597, 1000.000000000000000 ) ;
#1440 = AXIS2_PLACEMENT_3D ( 'NONE', #1642, #689, #556 ) ;
#1441 = DIRECTION ( 'NONE',  ( -1.000000000000000000, 5.782411586589357639E-16, -0.000000000000000000 ) ) ;
#1442 = AXIS2_PLACEMENT_3D ( 'NONE', #424, #1538, #820 ) ;
#1443 = CARTESIAN_POINT ( 'NONE',  ( 18.00000000000000000, 2.449021377849609992E-15, 3.000000000000000000 ) ) ;
#1444 = CARTESIAN_POINT ( 'NONE',  ( -12.50000000000000178, 30.00000000000000000, 13.69999999999999929 ) ) ;
#1445 = CIRCLE ( 'NONE', #1589, 1.249999999999999334 ) ;
#1446 = LINE ( 'NONE', #1572, #21 ) ;
#1447 = DIRECTION ( 'NONE',  ( 0.000000000000000000, -0.000000000000000000, 1.000000000000000000 ) ) ;
#1448 = ORIENTED_EDGE ( 'NONE', *, *, #1516, .T. ) ;
#1449 = EDGE_CURVE ( 'NONE', #99, #799, #391, .T. ) ;
#1450 = VERTEX_POINT ( 'NONE', #913 ) ;
#1451 = CARTESIAN_POINT ( 'NONE',  ( -17.00000000000000000, 24.50000000000000000, 3.000000000000000000 ) ) ;
#1452 = DIRECTION ( 'NONE',  ( 1.000000000000000000, 0.000000000000000000, -0.000000000000000000 ) ) ;
#1453 = ORIENTED_EDGE ( 'NONE', *, *, #149, .T. ) ;
#1454 = FACE_OUTER_BOUND ( 'NONE', #1566, .T. ) ;
#1455 = DIRECTION ( 'NONE',  ( 1.000000000000000000, 0.000000000000000000, -0.000000000000000000 ) ) ;
#1456 = DIRECTION ( 'NONE',  ( 1.000000000000000000, 1.360567432138672328E-16, -0.000000000000000000 ) ) ;
#1457 = EDGE_LOOP ( 'NONE', ( #663, #765, #827, #1484 ) ) ;
#1458 = ORIENTED_EDGE ( 'NONE', *, *, #1200, .F. ) ;
#1459 = CARTESIAN_POINT ( 'NONE',  ( -15.00000000000000355, 27.19999999999999929, 9.000000000000001776 ) ) ;
#1460 = CARTESIAN_POINT ( 'NONE',  ( -1.214306433183765597E-14, 24.50000000000000711, 3.000000000000000000 ) ) ;
#1461 = DIRECTION ( 'NONE',  ( 1.000000000000000000, 0.000000000000000000, 0.000000000000000000 ) ) ;
#1462 = ADVANCED_FACE ( 'NONE', ( #939 ), #1348, .F. ) ;
#1463 = LINE ( 'NONE', #662, #1533 ) ;
#1464 = PLANE ( 'NONE',  #1766 ) ;
#1465 = ORIENTED_EDGE ( 'NONE', *, *, #940, .F. ) ;
#1466 = VECTOR ( 'NONE', #220, 1000.000000000000000 ) ;
#1467 = ORIENTED_EDGE ( 'NONE', *, *, #149, .F. ) ;
#1468 = STYLED_ITEM ( 'NONE', ( #701 ), #264 ) ;
#1469 = DIRECTION ( 'NONE',  ( 1.000000000000000000, 0.000000000000000000, 0.000000000000000000 ) ) ;
#1470 = DIRECTION ( 'NONE',  ( 0.000000000000000000, 0.000000000000000000, 1.000000000000000000 ) ) ;
#1471 = ORIENTED_EDGE ( 'NONE', *, *, #1516, .F. ) ;
#1472 = VERTEX_POINT ( 'NONE', #801 ) ;
#1473 = CIRCLE ( 'NONE', #921, 1.199999999999999734 ) ;
#1474 = AXIS2_PLACEMENT_3D ( 'NONE', #46, #1410, #1129 ) ;
#1475 = EDGE_CURVE ( 'NONE', #626, #1236, #641, .T. ) ;
#1476 = FACE_OUTER_BOUND ( 'NONE', #1022, .T. ) ;
#1477 = VECTOR ( 'NONE', #179, 1000.000000000000000 ) ;
#1478 = EDGE_CURVE ( 'NONE', #233, #1647, #816, .T. ) ;
#1479 = DIRECTION ( 'NONE',  ( 0.000000000000000000, -1.000000000000000000, 0.000000000000000000 ) ) ;
#1480 = VERTEX_POINT ( 'NONE', #1078 ) ;
#1481 = ORIENTED_EDGE ( 'NONE', *, *, #432, .T. ) ;
#1482 = DIRECTION ( 'NONE',  ( -0.000000000000000000, -1.000000000000000000, -0.000000000000000000 ) ) ;
#1483 = ORIENTED_EDGE ( 'NONE', *, *, #1508, .F. ) ;
#1484 = ORIENTED_EDGE ( 'NONE', *, *, #537, .F. ) ;
#1485 = LINE ( 'NONE', #800, #1726 ) ;
#1486 = LINE ( 'NONE', #261, #730 ) ;
#1487 = DIRECTION ( 'NONE',  ( -1.000000000000000000, 0.000000000000000000, 0.000000000000000000 ) ) ;
#1488 = EDGE_CURVE ( 'NONE', #1142, #1433, #1463, .T. ) ;
#1489 = ORIENTED_EDGE ( 'NONE', *, *, #1272, .T. ) ;
#1490 = CARTESIAN_POINT ( 'NONE',  ( -27.99999999999999645, -3.809588809988282123E-15, 3.000000000000000000 ) ) ;
#1491 = DIRECTION ( 'NONE',  ( 1.000000000000000000, 4.956352788505164254E-16, 0.000000000000000000 ) ) ;
#1492 = ORIENTED_EDGE ( 'NONE', *, *, #494, .F. ) ;
#1493 = CARTESIAN_POINT ( 'NONE',  ( 28.99999999999999645, 1.972822776601074727E-15, -0.5000000000000000000 ) ) ;
#1494 = FACE_OUTER_BOUND ( 'NONE', #652, .T. ) ;
#1495 = DIRECTION ( 'NONE',  ( -1.000000000000000000, 0.000000000000000000, -0.000000000000000000 ) ) ;
#1496 = ORIENTED_EDGE ( 'NONE', *, *, #28, .F. ) ;
#1497 = PLANE ( 'NONE',  #1440 ) ;
#1498 = EDGE_CURVE ( 'NONE', #410, #1289, #1445, .T. ) ;
#1499 = ORIENTED_EDGE ( 'NONE', *, *, #66, .F. ) ;
#1500 = ORIENTED_EDGE ( 'NONE', *, *, #276, .F. ) ;
#1501 = DIRECTION ( 'NONE',  ( 0.000000000000000000, -1.000000000000000000, 0.000000000000000000 ) ) ;
#1502 = MECHANICAL_DESIGN_GEOMETRIC_PRESENTATION_REPRESENTATION (  '', ( #1468 ), #1528 ) ;
#1503 = DIRECTION ( 'NONE',  ( 1.000000000000000000, -0.000000000000000000, 0.000000000000000000 ) ) ;
#1504 = VECTOR ( 'NONE', #360, 1000.000000000000000 ) ;
#1505 = DIRECTION ( 'NONE',  ( 1.379491463273391291E-48, -1.232595164407830946E-32, -1.000000000000000000 ) ) ;
#1506 = VECTOR ( 'NONE', #295, 1000.000000000000000 ) ;
#1507 = VECTOR ( 'NONE', #1408, 1000.000000000000000 ) ;
#1508 = EDGE_CURVE ( 'NONE', #1314, #7, #506, .T. ) ;
#1509 = ORIENTED_EDGE ( 'NONE', *, *, #170, .F. ) ;
#1510 = CARTESIAN_POINT ( 'NONE',  ( -14.99999999999999822, -17.00000000000000000, 2.000000000000000000 ) ) ;
#1511 = DIRECTION ( 'NONE',  ( -0.000000000000000000, -0.000000000000000000, -1.000000000000000000 ) ) ;
#1512 = CYLINDRICAL_SURFACE ( 'NONE', #1273, 1.149999999999999911 ) ;
#1513 = ORIENTED_EDGE ( 'NONE', *, *, #1000, .T. ) ;
#1514 = DIRECTION ( 'NONE',  ( 0.000000000000000000, 0.000000000000000000, -1.000000000000000000 ) ) ;
#1515 = ORIENTED_EDGE ( 'NONE', *, *, #1720, .F. ) ;
#1516 = EDGE_CURVE ( 'NONE', #1627, #309, #1201, .T. ) ;
#1517 = LINE ( 'NONE', #257, #48 ) ;
#1518 = CARTESIAN_POINT ( 'NONE',  ( 12.90000000000000036, -17.30000000000000071, 9.000000000000001776 ) ) ;
#1519 = ORIENTED_EDGE ( 'NONE', *, *, #1042, .F. ) ;
#1520 = CYLINDRICAL_SURFACE ( 'NONE', #1560, 1.249999999999999334 ) ;
#1521 = EDGE_CURVE ( 'NONE', #40, #795, #107, .T. ) ;
#1522 = ORIENTED_EDGE ( 'NONE', *, *, #1186, .F. ) ;
#1523 = DIRECTION ( 'NONE',  ( 0.000000000000000000, 0.000000000000000000, -1.000000000000000000 ) ) ;
#1524 = CARTESIAN_POINT ( 'NONE',  ( 15.99999999999999289, 27.19999999999999929, 0.000000000000000000 ) ) ;
#1525 = ORIENTED_EDGE ( 'NONE', *, *, #1594, .F. ) ;
#1526 = VECTOR ( 'NONE', #62, 1000.000000000000000 ) ;
#1527 = EDGE_CURVE ( 'NONE', #1532, #1291, #1653, .T. ) ;
#1528 =( GEOMETRIC_REPRESENTATION_CONTEXT ( 3 ) GLOBAL_UNCERTAINTY_ASSIGNED_CONTEXT ( ( #1204 ) ) GLOBAL_UNIT_ASSIGNED_CONTEXT ( ( #1670, #145, #1401 ) ) REPRESENTATION_CONTEXT ( 'NONE', 'WORKASPACE' ) );
#1529 = LINE ( 'NONE', #310, #1271 ) ;
#1530 = AXIS2_PLACEMENT_3D ( 'NONE', #189, #1280, #459 ) ;
#1531 = AXIS2_PLACEMENT_3D ( 'NONE', #116, #664, #1487 ) ;
#1532 = VERTEX_POINT ( 'NONE', #1181 ) ;
#1533 = VECTOR ( 'NONE', #1632, 1000.000000000000000 ) ;
#1534 = CARTESIAN_POINT ( 'NONE',  ( 13.49999999999999289, 30.00000000000000000, 13.69999999999999929 ) ) ;
#1535 = DIRECTION ( 'NONE',  ( -1.000000000000000000, 0.000000000000000000, 0.000000000000000000 ) ) ;
#1536 = EDGE_LOOP ( 'NONE', ( #915, #924, #604, #615 ) ) ;
#1537 = EDGE_CURVE ( 'NONE', #134, #1480, #1721, .T. ) ;
#1538 = DIRECTION ( 'NONE',  ( 0.000000000000000000, 1.000000000000000000, 0.000000000000000000 ) ) ;
#1539 = EDGE_CURVE ( 'NONE', #1340, #1426, #496, .T. ) ;
#1540 = VERTEX_POINT ( 'NONE', #1590 ) ;
#1541 = CARTESIAN_POINT ( 'NONE',  ( 14.99999999999999645, 0.000000000000000000, 3.000000000000000000 ) ) ;
#1542 = CARTESIAN_POINT ( 'NONE',  ( -15.00000000000000355, -54.26444913401812187, 11.00000000000000178 ) ) ;
#1543 = LINE ( 'NONE', #1671, #1212 ) ;
#1544 = VERTEX_POINT ( 'NONE', #1747 ) ;
#1545 = DIRECTION ( 'NONE',  ( -1.360567432138672328E-16, 1.000000000000000000, 0.000000000000000000 ) ) ;
#1546 = LINE ( 'NONE', #744, #1675 ) ;
#1547 = ORIENTED_EDGE ( 'NONE', *, *, #853, .T. ) ;
#1548 = DIRECTION ( 'NONE',  ( -1.000000000000000000, 6.377659838150026227E-17, 0.000000000000000000 ) ) ;
#1549 = VERTEX_POINT ( 'NONE', #364 ) ;
#1550 = EDGE_CURVE ( 'NONE', #175, #1132, #901, .T. ) ;
#1551 = ADVANCED_FACE ( 'NONE', ( #1476 ), #931, .T. ) ;
#1552 = DIRECTION ( 'NONE',  ( 1.000000000000000000, 1.136998822792451151E-16, 0.000000000000000000 ) ) ;
#1553 = ORIENTED_EDGE ( 'NONE', *, *, #468, .F. ) ;
#1554 = FACE_OUTER_BOUND ( 'NONE', #756, .T. ) ;
#1555 = AXIS2_PLACEMENT_3D ( 'NONE', #1064, #1210, #536 ) ;
#1556 = CARTESIAN_POINT ( 'NONE',  ( -23.99999999999999289, -17.50000000000000355, 3.000000000000000000 ) ) ;
#1557 = CARTESIAN_POINT ( 'NONE',  ( -14.89999999999998614, 8.693143209368180103E-15, 7.395570986446978669E-31 ) ) ;
#1558 = VECTOR ( 'NONE', #354, 1000.000000000000000 ) ;
#1559 = ORIENTED_EDGE ( 'NONE', *, *, #742, .F. ) ;
#1560 = AXIS2_PLACEMENT_3D ( 'NONE', #1376, #150, #436 ) ;
#1561 = CIRCLE ( 'NONE', #786, 1.149999999999999911 ) ;
#1562 = DIRECTION ( 'NONE',  ( -1.000000000000000000, 0.000000000000000000, 0.000000000000000000 ) ) ;
#1563 = ORIENTED_EDGE ( 'NONE', *, *, #690, .T. ) ;
#1564 = CARTESIAN_POINT ( 'NONE',  ( 13.49999999999999289, 27.19999999999999929, 14.89999999999999858 ) ) ;
#1565 = CARTESIAN_POINT ( 'NONE',  ( -14.89999999999999858, -20.19999999999999929, 3.000000000000000000 ) ) ;
#1566 = EDGE_LOOP ( 'NONE', ( #1226, #646, #1313, #1500 ) ) ;
#1567 = EDGE_LOOP ( 'NONE', ( #1281, #1522, #714, #1467 ) ) ;
#1568 = EDGE_CURVE ( 'NONE', #1013, #1209, #359, .T. ) ;
#1569 = DIRECTION ( 'NONE',  ( 1.000000000000000000, 0.000000000000000000, -0.000000000000000000 ) ) ;
#1570 = ORIENTED_EDGE ( 'NONE', *, *, #385, .F. ) ;
#1571 = CARTESIAN_POINT ( 'NONE',  ( 11.00000000000000000, -20.19999999999999574, 7.000000000000000888 ) ) ;
#1572 = CARTESIAN_POINT ( 'NONE',  ( -12.50000000000000178, 33.59411254969542426, 12.49999999999999822 ) ) ;
#1573 = ORIENTED_EDGE ( 'NONE', *, *, #135, .T. ) ;
#1574 = EDGE_CURVE ( 'NONE', #1430, #859, #1486, .T. ) ;
#1575 = FACE_OUTER_BOUND ( 'NONE', #681, .T. ) ;
#1576 = EDGE_LOOP ( 'NONE', ( #287, #785, #1402, #219 ) ) ;
#1577 = CARTESIAN_POINT ( 'NONE',  ( -14.89999999999999858, -20.19999999999999929, 4.116621758073707359E-30 ) ) ;
#1578 = LINE ( 'NONE', #1714, #1244 ) ;
#1579 = FACE_OUTER_BOUND ( 'NONE', #771, .T. ) ;
#1580 = VERTEX_POINT ( 'NONE', #807 ) ;
#1581 = VECTOR ( 'NONE', #630, 1000.000000000000000 ) ;
#1582 = PLANE ( 'NONE',  #299 ) ;
#1583 = VECTOR ( 'NONE', #917, 1000.000000000000000 ) ;
#1584 = LINE ( 'NONE', #502, #1504 ) ;
#1585 = LINE ( 'NONE', #105, #1002 ) ;
#1586 = VECTOR ( 'NONE', #1523, 1000.000000000000000 ) ;
#1587 = ORIENTED_EDGE ( 'NONE', *, *, #1478, .F. ) ;
#1588 = DIRECTION ( 'NONE',  ( 0.000000000000000000, -1.000000000000000000, 0.000000000000000000 ) ) ;
#1589 = AXIS2_PLACEMENT_3D ( 'NONE', #407, #1611, #920 ) ;
#1590 = CARTESIAN_POINT ( 'NONE',  ( 15.90000000000000036, -16.99999999999999645, 2.999999999999999112 ) ) ;
#1591 = ADVANCED_FACE ( 'NONE', ( #963 ), #164, .F. ) ;
#1592 = CARTESIAN_POINT ( 'NONE',  ( 28.99999999999999645, -23.39999999999999858, -0.5000000000000000000 ) ) ;
#1593 = ORIENTED_EDGE ( 'NONE', *, *, #1568, .T. ) ;
#1594 = EDGE_CURVE ( 'NONE', #1450, #327, #394, .T. ) ;
#1595 = ORIENTED_EDGE ( 'NONE', *, *, #1723, .T. ) ;
#1596 = DIRECTION ( 'NONE',  ( 1.000000000000000000, 0.000000000000000000, -0.000000000000000000 ) ) ;
#1597 = DIRECTION ( 'NONE',  ( -0.000000000000000000, -1.000000000000000000, -0.000000000000000000 ) ) ;
#1598 = ORIENTED_EDGE ( 'NONE', *, *, #1389, .T. ) ;
#1599 = LINE ( 'NONE', #1443, #528 ) ;
#1600 = LINE ( 'NONE', #1331, #1148 ) ;
#1601 = LINE ( 'NONE', #539, #952 ) ;
#1602 = ORIENTED_EDGE ( 'NONE', *, *, #1751, .T. ) ;
#1603 = ORIENTED_EDGE ( 'NONE', *, *, #1449, .F. ) ;
#1604 = ADVANCED_FACE ( 'NONE', ( #969 ), #824, .T. ) ;
#1605 = DIRECTION ( 'NONE',  ( -1.000000000000000000, 0.000000000000000000, 0.000000000000000000 ) ) ;
#1606 = LINE ( 'NONE', #1075, #1120 ) ;
#1607 = ORIENTED_EDGE ( 'NONE', *, *, #832, .T. ) ;
#1608 = EDGE_LOOP ( 'NONE', ( #1395, #101 ) ) ;
#1609 = LINE ( 'NONE', #382, #670 ) ;
#1610 = EDGE_CURVE ( 'NONE', #1540, #43, #292, .T. ) ;
#1611 = DIRECTION ( 'NONE',  ( 0.000000000000000000, -0.000000000000000000, -1.000000000000000000 ) ) ;
#1612 = ORIENTED_EDGE ( 'NONE', *, *, #1205, .F. ) ;
#1613 = CARTESIAN_POINT ( 'NONE',  ( 0.000000000000000000, 0.000000000000000000, -0.5000000000000000000 ) ) ;
#1614 = ORIENTED_EDGE ( 'NONE', *, *, #1537, .F. ) ;
#1615 = VECTOR ( 'NONE', #638, 1000.000000000000000 ) ;
#1616 = ORIENTED_EDGE ( 'NONE', *, *, #1143, .T. ) ;
#1617 = CARTESIAN_POINT ( 'NONE',  ( 14.44999999999999929, 18.09999999999999787, 14.53553390593273953 ) ) ;
#1618 = LINE ( 'NONE', #1629, #890 ) ;
#1619 = VERTEX_POINT ( 'NONE', #841 ) ;
#1620 = DIRECTION ( 'NONE',  ( 6.802837160693361638E-17, -1.000000000000000000, 0.000000000000000000 ) ) ;
#1621 = AXIS2_PLACEMENT_3D ( 'NONE', #1534, #41, #590 ) ;
#1622 = EDGE_CURVE ( 'NONE', #1679, #410, #1012, .T. ) ;
#1623 = VECTOR ( 'NONE', #1320, 1000.000000000000000 ) ;
#1624 = CARTESIAN_POINT ( 'NONE',  ( -12.20000000000000284, 18.30000000000000071, 11.00000000000000178 ) ) ;
#1625 = AXIS2_PLACEMENT_3D ( 'NONE', #1624, #527, #1066 ) ;
#1626 = LINE ( 'NONE', #644, #130 ) ;
#1627 = VERTEX_POINT ( 'NONE', #140 ) ;
#1628 = CARTESIAN_POINT ( 'NONE',  ( 10.99999999999999112, 22.19999999999999574, 9.000000000000001776 ) ) ;
#1629 = CARTESIAN_POINT ( 'NONE',  ( 15.90000000000000036, 0.000000000000000000, 11.00000000000000178 ) ) ;
#1630 = ORIENTED_EDGE ( 'NONE', *, *, #1157, .T. ) ;
#1631 = LINE ( 'NONE', #406, #1094 ) ;
#1632 = DIRECTION ( 'NONE',  ( -4.930380657631324879E-32, -1.232595164407827935E-32, -1.000000000000000000 ) ) ;
#1633 = CARTESIAN_POINT ( 'NONE',  ( 14.99999999999999645, 2.000000000000001776, -0.5000000000000000000 ) ) ;
#1634 = ADVANCED_FACE ( 'NONE', ( #428 ), #1392, .F. ) ;
#1635 = EDGE_LOOP ( 'NONE', ( #1612, #902, #738, #268, #1113, #161, #1162, #1458, #1093, #422, #736, #803, #992, #964, #934 ) ) ;
#1636 = LINE ( 'NONE', #804, #184 ) ;
#1637 = DIRECTION ( 'NONE',  ( -0.000000000000000000, -1.000000000000000000, -0.000000000000000000 ) ) ;
#1638 = DIRECTION ( 'NONE',  ( -1.000000000000000000, -1.107270303814983417E-16, 0.000000000000000000 ) ) ;
#1639 = EDGE_CURVE ( 'NONE', #790, #1163, #421, .T. ) ;
#1640 = DIRECTION ( 'NONE',  ( 0.000000000000000000, -1.000000000000000000, 0.000000000000000000 ) ) ;
#1641 = ORIENTED_EDGE ( 'NONE', *, *, #1137, .T. ) ;
#1642 = CARTESIAN_POINT ( 'NONE',  ( 28.99999999999999645, 1.972822776601074727E-15, 3.000000000000000000 ) ) ;
#1643 = DIRECTION ( 'NONE',  ( 0.000000000000000000, -1.000000000000000000, 0.000000000000000000 ) ) ;
#1644 = VECTOR ( 'NONE', #1620, 1000.000000000000000 ) ;
#1645 = VECTOR ( 'NONE', #258, 1000.000000000000000 ) ;
#1646 = DIRECTION ( 'NONE',  ( -1.000000000000000000, 0.000000000000000000, 0.000000000000000000 ) ) ;
#1647 = VERTEX_POINT ( 'NONE', #704 ) ;
#1648 = EDGE_CURVE ( 'NONE', #1142, #193, #434, .T. ) ;
#1649 = CIRCLE ( 'NONE', #279, 1.249999999999999334 ) ;
#1650 = FACE_OUTER_BOUND ( 'NONE', #38, .T. ) ;
#1651 = VECTOR ( 'NONE', #544, 1000.000000000000000 ) ;
#1652 = EDGE_CURVE ( 'NONE', #309, #594, #1374, .T. ) ;
#1653 = CIRCLE ( 'NONE', #1388, 1.249999999999999334 ) ;
#1654 = VERTEX_POINT ( 'NONE', #946 ) ;
#1655 = FACE_OUTER_BOUND ( 'NONE', #882, .T. ) ;
#1656 = DIRECTION ( 'NONE',  ( 1.000000000000000000, 1.476360405086644309E-16, 0.000000000000000000 ) ) ;
#1657 = DIRECTION ( 'NONE',  ( 0.000000000000000000, 0.000000000000000000, 1.000000000000000000 ) ) ;
#1658 = EDGE_CURVE ( 'NONE', #1209, #1291, #271, .T. ) ;
#1659 = CARTESIAN_POINT ( 'NONE',  ( 28.99999999999999289, 30.00000000000000000, 3.000000000000000000 ) ) ;
#1660 = FACE_OUTER_BOUND ( 'NONE', #1770, .T. ) ;
#1661 = ORIENTED_EDGE ( 'NONE', *, *, #1310, .F. ) ;
#1662 = UNCERTAINTY_MEASURE_WITH_UNIT (LENGTH_MEASURE( 1.000000000000000082E-05 ), #462, 'distance_accuracy_value', 'NONE');
#1663 = DIRECTION ( 'NONE',  ( 0.000000000000000000, 0.000000000000000000, 1.000000000000000000 ) ) ;
#1664 = ADVANCED_FACE ( 'NONE', ( #957 ), #1238, .T. ) ;
#1665 = DIRECTION ( 'NONE',  ( 0.000000000000000000, 0.000000000000000000, -1.000000000000000000 ) ) ;
#1666 = LINE ( 'NONE', #302, #1412 ) ;
#1667 = CYLINDRICAL_SURFACE ( 'NONE', #1301, 1.249999999999999334 ) ;
#1668 = ORIENTED_EDGE ( 'NONE', *, *, #494, .T. ) ;
#1669 = FACE_BOUND ( 'NONE', #510, .T. ) ;
#1670 =( LENGTH_UNIT ( ) NAMED_UNIT ( * ) SI_UNIT ( .MILLI., .METRE. ) );
#1671 = CARTESIAN_POINT ( 'NONE',  ( 0.000000000000000000, 24.50000000000000000, 3.000000000000000000 ) ) ;
#1672 = DIRECTION ( 'NONE',  ( -1.000000000000000000, 0.000000000000000000, 0.000000000000000000 ) ) ;
#1673 = ORIENTED_EDGE ( 'NONE', *, *, #1508, .T. ) ;
#1674 = ADVANCED_FACE ( 'NONE', ( #10 ), #30, .F. ) ;
#1675 = VECTOR ( 'NONE', #858, 1000.000000000000000 ) ;
#1676 = LINE ( 'NONE', #1369, #892 ) ;
#1677 = VECTOR ( 'NONE', #285, 1000.000000000000000 ) ;
#1678 = AXIS2_PLACEMENT_3D ( 'NONE', #1048, #39, #1242 ) ;
#1679 = VERTEX_POINT ( 'NONE', #445 ) ;
#1680 = AXIS2_PLACEMENT_3D ( 'NONE', #1518, #1092, #685 ) ;
#1681 = DIRECTION ( 'NONE',  ( 1.000000000000000000, 0.000000000000000000, -0.000000000000000000 ) ) ;
#1682 = PLANE ( 'NONE',  #154 ) ;
#1683 = EDGE_LOOP ( 'NONE', ( #1184, #1686 ) ) ;
#1684 = CARTESIAN_POINT ( 'NONE',  ( 24.99999999999999289, 24.50000000000000000, -0.5000000000000000000 ) ) ;
#1685 = PLANE ( 'NONE',  #100 ) ;
#1686 = ORIENTED_EDGE ( 'NONE', *, *, #998, .T. ) ;
#1687 = ORIENTED_EDGE ( 'NONE', *, *, #13, .T. ) ;
#1688 = ADVANCED_FACE ( 'NONE', ( #1494 ), #1512, .F. ) ;
#1689 = CARTESIAN_POINT ( 'NONE',  ( -8.928723773410020202E-17, -1.399999999999997469, 3.000000000000000000 ) ) ;
#1690 = DIRECTION ( 'NONE',  ( 1.000000000000000000, 0.000000000000000000, 0.000000000000000000 ) ) ;
#1691 = LINE ( 'NONE', #848, #501 ) ;
#1692 = ORIENTED_EDGE ( 'NONE', *, *, #35, .F. ) ;
#1693 = LINE ( 'NONE', #1556, #1005 ) ;
#1694 = ADVANCED_FACE ( 'NONE', ( #1224 ), #5, .F. ) ;
#1695 = ORIENTED_EDGE ( 'NONE', *, *, #205, .T. ) ;
#1696 = DIRECTION ( 'NONE',  ( 0.000000000000000000, -0.000000000000000000, 1.000000000000000000 ) ) ;
#1697 = CARTESIAN_POINT ( 'NONE',  ( -11.90000000000000213, -17.30000000000000071, 9.000000000000001776 ) ) ;
#1698 = VECTOR ( 'NONE', #1511, 1000.000000000000000 ) ;
#1699 = PLANE ( 'NONE',  #532 ) ;
#1700 = AXIS2_PLACEMENT_3D ( 'NONE', #42, #740, #337 ) ;
#1701 = AXIS2_PLACEMENT_3D ( 'NONE', #898, #1051, #636 ) ;
#1702 = ORIENTED_EDGE ( 'NONE', *, *, #520, .F. ) ;
#1703 = EDGE_CURVE ( 'NONE', #1728, #1027, #282, .T. ) ;
#1704 = AXIS2_PLACEMENT_3D ( 'NONE', #728, #987, #341 ) ;
#1705 = CARTESIAN_POINT ( 'NONE',  ( 5.853179529716889921E-15, -51.98049716414141130, 9.000000000000001776 ) ) ;
#1706 = ORIENTED_EDGE ( 'NONE', *, *, #1652, .F. ) ;
#1707 = LINE ( 'NONE', #910, #1466 ) ;
#1708 = EDGE_CURVE ( 'NONE', #1426, #563, #61, .T. ) ;
#1709 = FACE_OUTER_BOUND ( 'NONE', #1710, .T. ) ;
#1710 = EDGE_LOOP ( 'NONE', ( #263, #1587, #1308, #1687, #942, #516 ) ) ;
#1711 = EDGE_LOOP ( 'NONE', ( #1377, #1168, #887, #480, #362, #1413 ) ) ;
#1712 = LINE ( 'NONE', #235, #645 ) ;
#1713 = LINE ( 'NONE', #884, #1581 ) ;
#1714 = CARTESIAN_POINT ( 'NONE',  ( 11.59999999999999609, -1.399999999999998135, 3.000000000000000000 ) ) ;
#1715 = DIRECTION ( 'NONE',  ( 0.000000000000000000, 0.000000000000000000, 1.000000000000000000 ) ) ;
#1716 = ORIENTED_EDGE ( 'NONE', *, *, #1087, .T. ) ;
#1717 = DIRECTION ( 'NONE',  ( -1.360567432138672328E-16, 1.000000000000000000, 0.000000000000000000 ) ) ;
#1718 = ORIENTED_EDGE ( 'NONE', *, *, #466, .F. ) ;
#1719 = FACE_OUTER_BOUND ( 'NONE', #499, .T. ) ;
#1720 = EDGE_CURVE ( 'NONE', #1260, #563, #1691, .T. ) ;
#1721 = LINE ( 'NONE', #653, #51 ) ;
#1722 = ORIENTED_EDGE ( 'NONE', *, *, #86, .F. ) ;
#1723 = EDGE_CURVE ( 'NONE', #735, #309, #172, .T. ) ;
#1724 = DIRECTION ( 'NONE',  ( 0.000000000000000000, 0.000000000000000000, -1.000000000000000000 ) ) ;
#1725 = ORIENTED_EDGE ( 'NONE', *, *, #658, .T. ) ;
#1726 = VECTOR ( 'NONE', #1347, 1000.000000000000000 ) ;
#1727 = VECTOR ( 'NONE', #1690, 1000.000000000000000 ) ;
#1728 = VERTEX_POINT ( 'NONE', #1303 ) ;
#1729 = PRODUCT_RELATED_PRODUCT_CATEGORY ( 'part', '', ( #1259 ) ) ;
#1730 = PRODUCT_DEFINITION_CONTEXT ( 'detailed design', #383, 'design' ) ;
#1731 = VECTOR ( 'NONE', #1089, 1000.000000000000000 ) ;
#1732 = FACE_OUTER_BOUND ( 'NONE', #119, .T. ) ;
#1733 = CARTESIAN_POINT ( 'NONE',  ( 15.99999999999999289, 27.19999999999999929, 2.999999999999999112 ) ) ;
#1734 = ORIENTED_EDGE ( 'NONE', *, *, #1157, .F. ) ;
#1735 = DIRECTION ( 'NONE',  ( -1.000000000000000000, -4.956352788505164254E-16, 0.000000000000000000 ) ) ;
#1736 = AXIS2_PLACEMENT_3D ( 'NONE', #558, #19, #1646 ) ;
#1737 = CARTESIAN_POINT ( 'NONE',  ( -14.89999999999999680, -17.00000000000000000, 3.000000000000000000 ) ) ;
#1738 = ORIENTED_EDGE ( 'NONE', *, *, #537, .T. ) ;
#1739 = LINE ( 'NONE', #253, #1416 ) ;
#1740 = EDGE_LOOP ( 'NONE', ( #1371, #1107, #733, #1073 ) ) ;
#1741 = ORIENTED_EDGE ( 'NONE', *, *, #1475, .T. ) ;
#1742 = ADVANCED_FACE ( 'NONE', ( #316, #1283, #883 ), #855, .T. ) ;
#1743 = LINE ( 'NONE', #1060, #583 ) ;
#1744 = FACE_OUTER_BOUND ( 'NONE', #343, .T. ) ;
#1745 = VERTEX_POINT ( 'NONE', #1150 ) ;
#1746 = CARTESIAN_POINT ( 'NONE',  ( -17.00000000000000000, 24.50000000000000000, -0.5000000000000000000 ) ) ;
#1747 = CARTESIAN_POINT ( 'NONE',  ( 11.59999999999999609, -1.399999999999998135, 2.000000000000000000 ) ) ;
#1748 = CARTESIAN_POINT ( 'NONE',  ( 1.938244714750681354E-15, -17.00000000000000000, 9.000000000000001776 ) ) ;
#1749 = ORIENTED_EDGE ( 'NONE', *, *, #1406, .T. ) ;
#1750 = EDGE_LOOP ( 'NONE', ( #395, #1593 ) ) ;
#1751 = EDGE_CURVE ( 'NONE', #1284, #404, #78, .T. ) ;
#1752 = FACE_OUTER_BOUND ( 'NONE', #1296, .T. ) ;
#1753 = DIRECTION ( 'NONE',  ( 0.000000000000000000, -1.000000000000000000, 0.000000000000000000 ) ) ;
#1754 = PLANE ( 'NONE',  #810 ) ;
#1755 = ORIENTED_EDGE ( 'NONE', *, *, #940, .T. ) ;
#1756 = ORIENTED_EDGE ( 'NONE', *, *, #1297, .F. ) ;
#1757 = DIRECTION ( 'NONE',  ( -0.000000000000000000, 0.000000000000000000, -1.000000000000000000 ) ) ;
#1758 = LINE ( 'NONE', #932, #1035 ) ;
#1759 = VERTEX_POINT ( 'NONE', #1134 ) ;
#1760 = CIRCLE ( 'NONE', #973, 1.249999999999999334 ) ;
#1761 = DIRECTION ( 'NONE',  ( 1.360567432138672328E-16, -1.000000000000000000, 0.000000000000000000 ) ) ;
#1762 = LINE ( 'NONE', #1197, #1357 ) ;
#1763 = ORIENTED_EDGE ( 'NONE', *, *, #551, .F. ) ;
#1764 = DIRECTION ( 'NONE',  ( 0.000000000000000000, -0.000000000000000000, 1.000000000000000000 ) ) ;
#1765 = VECTOR ( 'NONE', #1441, 1000.000000000000000 ) ;
#1766 = AXIS2_PLACEMENT_3D ( 'NONE', #669, #1202, #793 ) ;
#1767 = DIRECTION ( 'NONE',  ( 1.000000000000000000, 0.000000000000000000, 0.000000000000000000 ) ) ;
#1768 = AXIS2_PLACEMENT_3D ( 'NONE', #691, #286, #830 ) ;
#1769 = CARTESIAN_POINT ( 'NONE',  ( -14.89999999999999680, -17.00000000000000000, 9.000000000000001776 ) ) ;
#1770 = EDGE_LOOP ( 'NONE', ( #974, #1118, #249, #190 ) ) ;
ENDSEC;
END-ISO-10303-21;
