ISO-10303-21;
HEADER;
FILE_DESCRIPTION (( 'STEP AP214' ),
    '1' );
FILE_NAME ('trackerÏÂ°ëÃæ.STEP',
    '2026-08-16T01:18:26',
    ( '' ),
    ( '' ),
    'SwSTEP 2.0',
    'SolidWorks 2025',
    '' );
FILE_SCHEMA (( 'AUTOMOTIVE_DESIGN' ));
ENDSEC;

DATA;
#1 = ORIENTED_EDGE ( 'NONE', *, *, #717, .T. ) ;
#2 = CARTESIAN_POINT ( 'NONE',  ( 15.99999999999999289, 27.19999999999999929, 0.000000000000000000 ) ) ;
#3 = FACE_BOUND ( 'NONE', #302, .T. ) ;
#4 = DIRECTION ( 'NONE',  ( -1.379491463273391291E-48, 1.232595164407830946E-32, 1.000000000000000000 ) ) ;
#5 = DIRECTION ( 'NONE',  ( -1.000000000000000000, 0.000000000000000000, 0.000000000000000000 ) ) ;
#6 = PLANE ( 'NONE',  #520 ) ;
#7 = ADVANCED_FACE ( 'NONE', ( #796 ), #395, .T. ) ;
#8 = ORIENTED_EDGE ( 'NONE', *, *, #1711, .F. ) ;
#9 = LINE ( 'NONE', #547, #1509 ) ;
#10 = LINE ( 'NONE', #1116, #1377 ) ;
#11 = VECTOR ( 'NONE', #341, 1000.000000000000000 ) ;
#12 = EDGE_CURVE ( 'NONE', #139, #1300, #1232, .T. ) ;
#13 = VECTOR ( 'NONE', #173, 1000.000000000000000 ) ;
#14 = ORIENTED_EDGE ( 'NONE', *, *, #333, .F. ) ;
#15 = EDGE_CURVE ( 'NONE', #205, #1333, #552, .T. ) ;
#16 = CARTESIAN_POINT ( 'NONE',  ( -8.928723773410020202E-17, -1.399999999999997469, 2.000000000000000000 ) ) ;
#17 = VECTOR ( 'NONE', #400, 1000.000000000000000 ) ;
#18 = CARTESIAN_POINT ( 'NONE',  ( 15.99999999999999645, 30.19999999999999929, 3.000000000000000000 ) ) ;
#19 = ADVANCED_FACE ( 'NONE', ( #1198 ), #1226, .F. ) ;
#20 = ORIENTED_EDGE ( 'NONE', *, *, #740, .T. ) ;
#21 = CARTESIAN_POINT ( 'NONE',  ( 11.00000000000000000, 30.00100000000000122, 7.000000000000000888 ) ) ;
#22 = CARTESIAN_POINT ( 'NONE',  ( 15.99999999999999289, 27.19999999999999929, 2.999999999999999112 ) ) ;
#23 = CARTESIAN_POINT ( 'NONE',  ( -4.999999999999997335, -23.00000000000000000, 3.000000000000000000 ) ) ;
#24 = FACE_OUTER_BOUND ( 'NONE', #1590, .T. ) ;
#25 = ORIENTED_EDGE ( 'NONE', *, *, #1455, .T. ) ;
#26 = CARTESIAN_POINT ( 'NONE',  ( -10.00000000000000178, -23.00100000000000122, 7.000000000000000888 ) ) ;
#27 = ORIENTED_EDGE ( 'NONE', *, *, #291, .F. ) ;
#28 = LINE ( 'NONE', #418, #893 ) ;
#29 = DIRECTION ( 'NONE',  ( -0.000000000000000000, 0.000000000000000000, 1.000000000000000000 ) ) ;
#30 = CARTESIAN_POINT ( 'NONE',  ( 0.4999999999999987232, 27.19999999999999929, 7.000000000000000888 ) ) ;
#31 = FACE_OUTER_BOUND ( 'NONE', #727, .T. ) ;
#32 = EDGE_CURVE ( 'NONE', #990, #1750, #264, .T. ) ;
#33 = ORIENTED_EDGE ( 'NONE', *, *, #272, .F. ) ;
#34 = EDGE_CURVE ( 'NONE', #769, #398, #1216, .T. ) ;
#35 = APPLICATION_PROTOCOL_DEFINITION ( 'draft international standard', 'automotive_design', 1998, #654 ) ;
#36 = CARTESIAN_POINT ( 'NONE',  ( 11.95000000000000107, 18.09999999999999787, -0.5000000000000000000 ) ) ;
#37 = DIRECTION ( 'NONE',  ( 0.000000000000000000, 0.000000000000000000, -1.000000000000000000 ) ) ;
#38 = CIRCLE ( 'NONE', #1482, 1.149999999999999911 ) ;
#39 = DIRECTION ( 'NONE',  ( 0.000000000000000000, -0.000000000000000000, 1.000000000000000000 ) ) ;
#40 = VECTOR ( 'NONE', #1103, 1000.000000000000000 ) ;
#41 = ORIENTED_EDGE ( 'NONE', *, *, #32, .T. ) ;
#42 = DIRECTION ( 'NONE',  ( 0.000000000000000000, 0.000000000000000000, -1.000000000000000000 ) ) ;
#43 = VECTOR ( 'NONE', #47, 1000.000000000000000 ) ;
#44 = ORIENTED_EDGE ( 'NONE', *, *, #1188, .T. ) ;
#45 = CARTESIAN_POINT ( 'NONE',  ( -9.999999999999998224, -20.19999999999999929, 7.000000000000000888 ) ) ;
#46 = LINE ( 'NONE', #1507, #1044 ) ;
#47 = DIRECTION ( 'NONE',  ( -0.000000000000000000, 1.000000000000000000, -0.000000000000000000 ) ) ;
#48 = CARTESIAN_POINT ( 'NONE',  ( -13.45000000000000107, 18.30000000000000071, 2.000000000000000000 ) ) ;
#49 = DIRECTION ( 'NONE',  ( -0.000000000000000000, 1.000000000000000000, -0.000000000000000000 ) ) ;
#50 = ORIENTED_EDGE ( 'NONE', *, *, #1615, .T. ) ;
#51 = CARTESIAN_POINT ( 'NONE',  ( -11.90000000000000213, -17.30000000000000071, 0.000000000000000000 ) ) ;
#52 = EDGE_LOOP ( 'NONE', ( #1029, #1747 ) ) ;
#53 = CARTESIAN_POINT ( 'NONE',  ( 11.00000000000000000, 30.00100000000000122, 7.000000000000000888 ) ) ;
#54 = CARTESIAN_POINT ( 'NONE',  ( 0.000000000000000000, 0.000000000000000000, 9.000000000000001776 ) ) ;
#55 = VERTEX_POINT ( 'NONE', #1493 ) ;
#56 = FACE_OUTER_BOUND ( 'NONE', #563, .T. ) ;
#57 = VERTEX_POINT ( 'NONE', #282 ) ;
#58 = LINE ( 'NONE', #1161, #778 ) ;
#59 = ORIENTED_EDGE ( 'NONE', *, *, #1637, .T. ) ;
#60 = DIRECTION ( 'NONE',  ( -1.000000000000000000, 0.000000000000000000, 0.000000000000000000 ) ) ;
#61 = CARTESIAN_POINT ( 'NONE',  ( 11.00000000000000000, -23.19999999999999929, 7.000000000000000888 ) ) ;
#62 = EDGE_CURVE ( 'NONE', #1390, #238, #187, .T. ) ;
#63 = EDGE_LOOP ( 'NONE', ( #1444, #1059, #230, #502 ) ) ;
#64 = LINE ( 'NONE', #570, #1682 ) ;
#65 = COLOUR_RGB ( '',0.7921568627450980005, 0.8196078431372548767, 0.9333333333333333481 ) ;
#66 = ORIENTED_EDGE ( 'NONE', *, *, #626, .F. ) ;
#67 = CIRCLE ( 'NONE', #896, 1.249999999999999334 ) ;
#68 = DIRECTION ( 'NONE',  ( -0.000000000000000000, 1.000000000000000000, -0.000000000000000000 ) ) ;
#69 = ADVANCED_FACE ( 'NONE', ( #598 ), #427, .F. ) ;
#70 = AXIS2_PLACEMENT_3D ( 'NONE', #761, #81, #1063 ) ;
#71 = ORIENTED_EDGE ( 'NONE', *, *, #1327, .T. ) ;
#72 = DIRECTION ( 'NONE',  ( -0.000000000000000000, 0.000000000000000000, 1.000000000000000000 ) ) ;
#73 = VECTOR ( 'NONE', #1244, 1000.000000000000000 ) ;
#74 = LINE ( 'NONE', #617, #948 ) ;
#75 = AXIS2_PLACEMENT_3D ( 'NONE', #61, #1073, #514 ) ;
#76 = EDGE_LOOP ( 'NONE', ( #153, #443 ) ) ;
#77 = CARTESIAN_POINT ( 'NONE',  ( 16.00000000000000000, -19.99999999999999645, 3.000000000000000000 ) ) ;
#78 = ORIENTED_EDGE ( 'NONE', *, *, #1583, .T. ) ;
#79 = DIRECTION ( 'NONE',  ( 1.000000000000000000, 0.000000000000000000, 0.000000000000000000 ) ) ;
#80 = ORIENTED_EDGE ( 'NONE', *, *, #1297, .F. ) ;
#81 = DIRECTION ( 'NONE',  ( 0.000000000000000000, 0.000000000000000000, 1.000000000000000000 ) ) ;
#82 = LINE ( 'NONE', #628, #429 ) ;
#83 = EDGE_CURVE ( 'NONE', #1398, #957, #1110, .T. ) ;
#84 = ORIENTED_EDGE ( 'NONE', *, *, #262, .T. ) ;
#85 = CYLINDRICAL_SURFACE ( 'NONE', #123, 1.249999999999999334 ) ;
#86 = EDGE_LOOP ( 'NONE', ( #346, #445, #613, #1690 ) ) ;
#87 = CARTESIAN_POINT ( 'NONE',  ( -15.00000000000000355, 27.00000000000000000, 3.000000000000000000 ) ) ;
#88 = EDGE_CURVE ( 'NONE', #1541, #594, #702, .T. ) ;
#89 = ORIENTED_EDGE ( 'NONE', *, *, #1346, .T. ) ;
#90 = EDGE_CURVE ( 'NONE', #903, #147, #844, .T. ) ;
#91 = CARTESIAN_POINT ( 'NONE',  ( 16.00000000000000000, -20.19999999999999574, 2.000000000000000000 ) ) ;
#92 = ORIENTED_EDGE ( 'NONE', *, *, #1578, .F. ) ;
#93 = CARTESIAN_POINT ( 'NONE',  ( 18.00000000000000000, 2.449021377849609992E-15, 3.000000000000000000 ) ) ;
#94 = ORIENTED_EDGE ( 'NONE', *, *, #581, .T. ) ;
#95 = FACE_BOUND ( 'NONE', #1003, .T. ) ;
#96 = AXIS2_PLACEMENT_3D ( 'NONE', #1414, #214, #602 ) ;
#97 = VECTOR ( 'NONE', #1085, 1000.000000000000000 ) ;
#98 = ORIENTED_EDGE ( 'NONE', *, *, #62, .T. ) ;
#99 = VECTOR ( 'NONE', #1599, 1000.000000000000000 ) ;
#100 = DIRECTION ( 'NONE',  ( 6.377659838150026227E-17, 1.000000000000000000, -0.000000000000000000 ) ) ;
#101 = ORIENTED_EDGE ( 'NONE', *, *, #116, .F. ) ;
#102 = DIRECTION ( 'NONE',  ( 1.360567432138672328E-16, -1.000000000000000000, 0.000000000000000000 ) ) ;
#103 = ORIENTED_EDGE ( 'NONE', *, *, #1578, .T. ) ;
#104 = DIRECTION ( 'NONE',  ( -0.000000000000000000, -0.000000000000000000, 1.000000000000000000 ) ) ;
#105 = ORIENTED_EDGE ( 'NONE', *, *, #641, .T. ) ;
#106 = DIRECTION ( 'NONE',  ( 1.000000000000000000, 1.652117596168387756E-16, -0.000000000000000000 ) ) ;
#107 = EDGE_LOOP ( 'NONE', ( #1005, #1563, #1042, #683 ) ) ;
#108 = DIRECTION ( 'NONE',  ( 1.000000000000000000, 0.000000000000000000, 0.000000000000000000 ) ) ;
#109 = ORIENTED_EDGE ( 'NONE', *, *, #681, .F. ) ;
#110 = CARTESIAN_POINT ( 'NONE',  ( -9.999999999999998224, -23.19999999999999929, 8.150000000000000355 ) ) ;
#111 = ORIENTED_EDGE ( 'NONE', *, *, #1040, .T. ) ;
#112 = DIRECTION ( 'NONE',  ( -0.000000000000000000, -0.000000000000000000, -1.000000000000000000 ) ) ;
#113 = CARTESIAN_POINT ( 'NONE',  ( 11.00000000000000000, -20.19999999999999929, 7.000000000000000888 ) ) ;
#114 = CIRCLE ( 'NONE', #1201, 1.249999999999999334 ) ;
#115 = ORIENTED_EDGE ( 'NONE', *, *, #1097, .T. ) ;
#116 = EDGE_CURVE ( 'NONE', #1091, #1322, #578, .T. ) ;
#117 = CARTESIAN_POINT ( 'NONE',  ( -4.999999999999997335, -23.00000000000000000, 9.000000000000001776 ) ) ;
#118 = ORIENTED_EDGE ( 'NONE', *, *, #1527, .T. ) ;
#119 = CARTESIAN_POINT ( 'NONE',  ( 0.000000000000000000, 30.19999999999999929, 3.000000000000000000 ) ) ;
#120 = VERTEX_POINT ( 'NONE', #161 ) ;
#121 = VECTOR ( 'NONE', #622, 1000.000000000000000 ) ;
#122 = CARTESIAN_POINT ( 'NONE',  ( -16.99999999999999289, -17.50000000000000355, 3.000000000000000000 ) ) ;
#123 = AXIS2_PLACEMENT_3D ( 'NONE', #1462, #1589, #1582 ) ;
#124 = CARTESIAN_POINT ( 'NONE',  ( -23.99999999999999645, -3.965082230804130614E-15, 3.000000000000000000 ) ) ;
#125 = VECTOR ( 'NONE', #323, 1000.000000000000000 ) ;
#126 = VERTEX_POINT ( 'NONE', #48 ) ;
#127 = CARTESIAN_POINT ( 'NONE',  ( 10.99999999999999289, 30.19999999999999929, 5.850000000000001421 ) ) ;
#128 = ORIENTED_EDGE ( 'NONE', *, *, #1705, .F. ) ;
#129 = DIRECTION ( 'NONE',  ( 0.000000000000000000, 0.000000000000000000, 1.000000000000000000 ) ) ;
#130 = EDGE_LOOP ( 'NONE', ( #1336, #1567 ) ) ;
#131 = LINE ( 'NONE', #1386, #969 ) ;
#132 = LINE ( 'NONE', #506, #700 ) ;
#133 = ORIENTED_EDGE ( 'NONE', *, *, #888, .T. ) ;
#134 = DIRECTION ( 'NONE',  ( 1.000000000000000000, -6.377659838150026227E-17, 0.000000000000000000 ) ) ;
#135 = EDGE_CURVE ( 'NONE', #995, #1554, #859, .T. ) ;
#136 = AXIS2_PLACEMENT_3D ( 'NONE', #751, #220, #793 ) ;
#137 = ORIENTED_EDGE ( 'NONE', *, *, #116, .T. ) ;
#138 = FACE_BOUND ( 'NONE', #1284, .T. ) ;
#139 = VERTEX_POINT ( 'NONE', #976 ) ;
#140 = CARTESIAN_POINT ( 'NONE',  ( 6.000000000000000000, -20.19999999999999929, 9.000000000000001776 ) ) ;
#141 = EDGE_CURVE ( 'NONE', #139, #348, #1508, .T. ) ;
#142 = FACE_OUTER_BOUND ( 'NONE', #1082, .T. ) ;
#143 = ADVANCED_FACE ( 'NONE', ( #709, #1643 ), #1130, .T. ) ;
#144 = ORIENTED_EDGE ( 'NONE', *, *, #1142, .T. ) ;
#145 = FACE_OUTER_BOUND ( 'NONE', #819, .T. ) ;
#146 = DIRECTION ( 'NONE',  ( -1.000000000000000000, -1.107270303814983417E-16, 0.000000000000000000 ) ) ;
#147 = VERTEX_POINT ( 'NONE', #179 ) ;
#148 = FACE_OUTER_BOUND ( 'NONE', #1664, .T. ) ;
#149 = LINE ( 'NONE', #725, #496 ) ;
#150 = DIRECTION ( 'NONE',  ( -0.000000000000000000, -0.000000000000000000, 1.000000000000000000 ) ) ;
#151 = LINE ( 'NONE', #942, #1429 ) ;
#152 = CIRCLE ( 'NONE', #754, 1.249999999999999334 ) ;
#153 = ORIENTED_EDGE ( 'NONE', *, *, #713, .T. ) ;
#154 = DIRECTION ( 'NONE',  ( 0.000000000000000000, 0.000000000000000000, 1.000000000000000000 ) ) ;
#155 = AXIS2_PLACEMENT_3D ( 'NONE', #960, #803, #249 ) ;
#156 = VECTOR ( 'NONE', #4, 1000.000000000000000 ) ;
#157 = ORIENTED_EDGE ( 'NONE', *, *, #625, .T. ) ;
#158 = DIRECTION ( 'NONE',  ( 0.000000000000000000, 0.000000000000000000, 1.000000000000000000 ) ) ;
#159 = EDGE_CURVE ( 'NONE', #1451, #903, #567, .T. ) ;
#160 = DIRECTION ( 'NONE',  ( 0.000000000000000000, -1.000000000000000000, 0.000000000000000000 ) ) ;
#161 = CARTESIAN_POINT ( 'NONE',  ( -13.15000000000000213, -17.30000000000000071, 2.000000000000000000 ) ) ;
#162 = DIRECTION ( 'NONE',  ( 0.000000000000000000, 1.000000000000000000, 0.000000000000000000 ) ) ;
#163 = EDGE_CURVE ( 'NONE', #1687, #1330, #309, .T. ) ;
#164 = CARTESIAN_POINT ( 'NONE',  ( 10.99999999999999289, 27.19999999999999929, 5.850000000000001421 ) ) ;
#165 = ORIENTED_EDGE ( 'NONE', *, *, #1305, .T. ) ;
#166 = CARTESIAN_POINT ( 'NONE',  ( 14.99999999999999645, 2.000000000000001776, 3.000000000000000000 ) ) ;
#167 = DIRECTION ( 'NONE',  ( -1.360567432138672328E-16, 1.000000000000000000, 0.000000000000000000 ) ) ;
#168 = ORIENTED_EDGE ( 'NONE', *, *, #1125, .T. ) ;
#169 = LINE ( 'NONE', #994, #1437 ) ;
#170 = LINE ( 'NONE', #438, #386 ) ;
#171 = EDGE_CURVE ( 'NONE', #1068, #957, #525, .T. ) ;
#172 = ORIENTED_EDGE ( 'NONE', *, *, #740, .F. ) ;
#173 = DIRECTION ( 'NONE',  ( -5.782411586589358625E-16, -1.000000000000000000, 0.000000000000000000 ) ) ;
#174 = ORIENTED_EDGE ( 'NONE', *, *, #1746, .T. ) ;
#175 = SURFACE_SIDE_STYLE ('',( #748 ) ) ;
#176 = LINE ( 'NONE', #1668, #439 ) ;
#177 = EDGE_CURVE ( 'NONE', #1300, #1411, #851, .T. ) ;
#178 = ORIENTED_EDGE ( 'NONE', *, *, #240, .F. ) ;
#179 = CARTESIAN_POINT ( 'NONE',  ( -27.99999999999999289, -23.19999999999999929, -0.5000000000000000000 ) ) ;
#180 = AXIS2_PLACEMENT_3D ( 'NONE', #928, #1168, #494 ) ;
#181 = EDGE_CURVE ( 'NONE', #569, #57, #169, .T. ) ;
#182 = AXIS2_PLACEMENT_3D ( 'NONE', #1245, #258, #405 ) ;
#183 = DIRECTION ( 'NONE',  ( 1.000000000000000000, 0.000000000000000000, 0.000000000000000000 ) ) ;
#184 = AXIS2_PLACEMENT_3D ( 'NONE', #1309, #1301, #1154 ) ;
#185 = ORIENTED_EDGE ( 'NONE', *, *, #833, .T. ) ;
#186 = DIRECTION ( 'NONE',  ( -1.000000000000000000, 0.000000000000000000, 0.000000000000000000 ) ) ;
#187 = CIRCLE ( 'NONE', #388, 1.249999999999999334 ) ;
#188 = ORIENTED_EDGE ( 'NONE', *, *, #225, .T. ) ;
#189 = VECTOR ( 'NONE', #452, 1000.000000000000000 ) ;
#190 = LINE ( 'NONE', #737, #337 ) ;
#191 = EDGE_CURVE ( 'NONE', #1471, #55, #673, .T. ) ;
#192 = ORIENTED_EDGE ( 'NONE', *, *, #1362, .T. ) ;
#193 = CARTESIAN_POINT ( 'NONE',  ( 6.000000000000000000, -23.19999999999999929, 9.000000000000001776 ) ) ;
#194 = ORIENTED_EDGE ( 'NONE', *, *, #1146, .F. ) ;
#195 = CARTESIAN_POINT ( 'NONE',  ( -15.00000000000000355, 27.19999999999999929, 2.999999999999999112 ) ) ;
#196 = ORIENTED_EDGE ( 'NONE', *, *, #823, .T. ) ;
#197 = EDGE_CURVE ( 'NONE', #488, #1515, #1275, .T. ) ;
#198 = CYLINDRICAL_SURFACE ( 'NONE', #1345, 1.149999999999999911 ) ;
#199 = CARTESIAN_POINT ( 'NONE',  ( 0.000000000000000000, 24.50000000000000000, 3.000000000000000000 ) ) ;
#200 = EDGE_CURVE ( 'NONE', #1208, #1670, #1500, .T. ) ;
#201 = EDGE_LOOP ( 'NONE', ( #733, #280, #634, #178 ) ) ;
#202 = DIRECTION ( 'NONE',  ( 1.000000000000000000, 0.000000000000000000, 0.000000000000000000 ) ) ;
#203 = EDGE_LOOP ( 'NONE', ( #992, #1303, #766, #174 ) ) ;
#204 = CARTESIAN_POINT ( 'NONE',  ( 0.000000000000000000, 27.19999999999999929, 9.000000000000001776 ) ) ;
#205 = VERTEX_POINT ( 'NONE', #1001 ) ;
#206 = DIRECTION ( 'NONE',  ( 1.000000000000000000, 0.000000000000000000, -0.000000000000000000 ) ) ;
#207 = CARTESIAN_POINT ( 'NONE',  ( 14.99999999999999645, 0.000000000000000000, -0.5000000000000000000 ) ) ;
#208 = MECHANICAL_DESIGN_GEOMETRIC_PRESENTATION_REPRESENTATION (  '', ( #1064 ), #921 ) ;
#209 = ORIENTED_EDGE ( 'NONE', *, *, #534, .T. ) ;
#210 = DIRECTION ( 'NONE',  ( -1.000000000000000000, -1.136998822792451151E-16, 0.000000000000000000 ) ) ;
#211 = CIRCLE ( 'NONE', #1342, 1.149999999999999911 ) ;
#212 = EDGE_LOOP ( 'NONE', ( #1278, #168, #185, #1152 ) ) ;
#213 = VECTOR ( 'NONE', #868, 1000.000000000000000 ) ;
#214 = DIRECTION ( 'NONE',  ( 0.000000000000000000, 0.000000000000000000, 1.000000000000000000 ) ) ;
#215 = CIRCLE ( 'NONE', #580, 1.249999999999999334 ) ;
#216 = ORIENTED_EDGE ( 'NONE', *, *, #513, .T. ) ;
#217 = EDGE_CURVE ( 'NONE', #1208, #945, #190, .T. ) ;
#218 = AXIS2_PLACEMENT_3D ( 'NONE', #1101, #1394, #167 ) ;
#219 = CARTESIAN_POINT ( 'NONE',  ( 14.14999999999999858, -17.30000000000000071, 2.000000000000000000 ) ) ;
#220 = DIRECTION ( 'NONE',  ( 1.000000000000000000, -5.782411586589357639E-16, 0.000000000000000000 ) ) ;
#221 = VERTEX_POINT ( 'NONE', #1156 ) ;
#222 = ADVANCED_FACE ( 'NONE', ( #1701 ), #1416, .F. ) ;
#223 = DIRECTION ( 'NONE',  ( -0.000000000000000000, -0.000000000000000000, 1.000000000000000000 ) ) ;
#224 = EDGE_CURVE ( 'NONE', #221, #1333, #704, .T. ) ;
#225 = EDGE_CURVE ( 'NONE', #1684, #1079, #887, .T. ) ;
#226 = ORIENTED_EDGE ( 'NONE', *, *, #181, .F. ) ;
#227 = CARTESIAN_POINT ( 'NONE',  ( -9.999999999999998224, -23.19999999999999929, 7.000000000000000888 ) ) ;
#228 = ORIENTED_EDGE ( 'NONE', *, *, #1145, .F. ) ;
#229 = LINE ( 'NONE', #743, #1540 ) ;
#230 = ORIENTED_EDGE ( 'NONE', *, *, #1733, .F. ) ;
#231 = CARTESIAN_POINT ( 'NONE',  ( 11.65000000000000036, -17.30000000000000071, -0.5000000000000000000 ) ) ;
#232 = LINE ( 'NONE', #371, #1210 ) ;
#233 = ORIENTED_EDGE ( 'NONE', *, *, #1384, .T. ) ;
#234 = LINE ( 'NONE', #772, #1623 ) ;
#235 = ORIENTED_EDGE ( 'NONE', *, *, #135, .F. ) ;
#236 = ADVANCED_FACE ( 'NONE', ( #1292 ), #1020, .F. ) ;
#237 = CARTESIAN_POINT ( 'NONE',  ( 14.99999999999999645, -1.399999999999998357, 2.000000000000000000 ) ) ;
#238 = VERTEX_POINT ( 'NONE', #393 ) ;
#239 = FACE_OUTER_BOUND ( 'NONE', #829, .T. ) ;
#240 = EDGE_CURVE ( 'NONE', #1306, #651, #938, .T. ) ;
#241 = ORIENTED_EDGE ( 'NONE', *, *, #1455, .F. ) ;
#242 = DIRECTION ( 'NONE',  ( -1.000000000000000000, 0.000000000000000000, 0.000000000000000000 ) ) ;
#243 = VECTOR ( 'NONE', #723, 1000.000000000000000 ) ;
#244 = ORIENTED_EDGE ( 'NONE', *, *, #1169, .F. ) ;
#245 = VECTOR ( 'NONE', #1197, 1000.000000000000000 ) ;
#246 = CARTESIAN_POINT ( 'NONE',  ( 0.4999999999999987232, 30.19999999999999929, 7.000000000000000888 ) ) ;
#247 = VECTOR ( 'NONE', #261, 1000.000000000000000 ) ;
#248 = VECTOR ( 'NONE', #37, 1000.000000000000000 ) ;
#249 = DIRECTION ( 'NONE',  ( 1.000000000000000000, 0.000000000000000000, 0.000000000000000000 ) ) ;
#250 = DIRECTION ( 'NONE',  ( 1.000000000000000000, 1.136998822792451151E-16, 0.000000000000000000 ) ) ;
#251 = ORIENTED_EDGE ( 'NONE', *, *, #276, .T. ) ;
#252 = CARTESIAN_POINT ( 'NONE',  ( 14.44999999999999929, 18.09999999999999787, -0.5000000000000000000 ) ) ;
#253 = ORIENTED_EDGE ( 'NONE', *, *, #534, .F. ) ;
#254 = DIRECTION ( 'NONE',  ( -0.000000000000000000, 1.000000000000000000, -0.000000000000000000 ) ) ;
#255 = DIRECTION ( 'NONE',  ( 1.000000000000000000, 0.000000000000000000, -0.000000000000000000 ) ) ;
#256 = EDGE_CURVE ( 'NONE', #1167, #1208, #1010, .T. ) ;
#257 = ORIENTED_EDGE ( 'NONE', *, *, #1408, .T. ) ;
#258 = DIRECTION ( 'NONE',  ( 1.000000000000000000, 1.360567432138672328E-16, -0.000000000000000000 ) ) ;
#259 = DIRECTION ( 'NONE',  ( -1.000000000000000000, 0.000000000000000000, 0.000000000000000000 ) ) ;
#260 = ORIENTED_EDGE ( 'NONE', *, *, #484, .T. ) ;
#261 = DIRECTION ( 'NONE',  ( -0.000000000000000000, 1.000000000000000000, -0.000000000000000000 ) ) ;
#262 = EDGE_CURVE ( 'NONE', #1328, #1631, #338, .T. ) ;
#263 = FACE_BOUND ( 'NONE', #661, .T. ) ;
#264 = LINE ( 'NONE', #674, #815 ) ;
#265 = PLANE ( 'NONE',  #182 ) ;
#266 = ORIENTED_EDGE ( 'NONE', *, *, #997, .T. ) ;
#267 = LINE ( 'NONE', #677, #327 ) ;
#268 = ORIENTED_EDGE ( 'NONE', *, *, #90, .F. ) ;
#269 = CARTESIAN_POINT ( 'NONE',  ( -12.20000000000000284, 18.30000000000000071, 0.000000000000000000 ) ) ;
#270 = VECTOR ( 'NONE', #414, 1000.000000000000000 ) ;
#271 = PLANE ( 'NONE',  #1627 ) ;
#272 = EDGE_CURVE ( 'NONE', #621, #1068, #1028, .T. ) ;
#273 = CIRCLE ( 'NONE', #1265, 1.249999999999999334 ) ;
#274 = ORIENTED_EDGE ( 'NONE', *, *, #324, .F. ) ;
#275 = LINE ( 'NONE', #290, #1236 ) ;
#276 = EDGE_CURVE ( 'NONE', #1724, #769, #1605, .T. ) ;
#277 = ORIENTED_EDGE ( 'NONE', *, *, #1359, .F. ) ;
#278 = PLANE ( 'NONE',  #383 ) ;
#279 = EDGE_CURVE ( 'NONE', #238, #1390, #1332, .T. ) ;
#280 = ORIENTED_EDGE ( 'NONE', *, *, #1634, .F. ) ;
#281 = CYLINDRICAL_SURFACE ( 'NONE', #1456, 1.249999999999999334 ) ;
#282 = CARTESIAN_POINT ( 'NONE',  ( 24.99999999999999645, -17.50000000000000711, -0.5000000000000000000 ) ) ;
#283 = LINE ( 'NONE', #825, #356 ) ;
#284 = EDGE_LOOP ( 'NONE', ( #1254, #257, #80, #1529 ) ) ;
#285 = DIRECTION ( 'NONE',  ( -0.000000000000000000, -0.000000000000000000, 1.000000000000000000 ) ) ;
#286 = EDGE_LOOP ( 'NONE', ( #1032, #1 ) ) ;
#287 = LINE ( 'NONE', #166, #1498 ) ;
#288 = CARTESIAN_POINT ( 'NONE',  ( -10.00000000000000178, 27.19999999999999929, 7.000000000000000888 ) ) ;
#289 = DIRECTION ( 'NONE',  ( 8.260587980841936314E-17, -1.000000000000000000, 0.000000000000000000 ) ) ;
#290 = CARTESIAN_POINT ( 'NONE',  ( 16.00000000000000000, -19.99999999999999645, 9.000000000000001776 ) ) ;
#291 = EDGE_CURVE ( 'NONE', #914, #979, #1281, .T. ) ;
#292 = DIRECTION ( 'NONE',  ( -0.000000000000000000, 1.000000000000000000, -0.000000000000000000 ) ) ;
#293 = EDGE_LOOP ( 'NONE', ( #1502, #1106, #644, #1012 ) ) ;
#294 = DIRECTION ( 'NONE',  ( 0.000000000000000000, 0.000000000000000000, -1.000000000000000000 ) ) ;
#295 = AXIS2_PLACEMENT_3D ( 'NONE', #967, #1249, #1497 ) ;
#296 = AXIS2_PLACEMENT_3D ( 'NONE', #45, #347, #186 ) ;
#297 = EDGE_CURVE ( 'NONE', #1687, #790, #385, .T. ) ;
#298 = VECTOR ( 'NONE', #480, 1000.000000000000000 ) ;
#299 = CARTESIAN_POINT ( 'NONE',  ( -15.00000000000000000, -23.19999999999999929, 0.000000000000000000 ) ) ;
#300 = FACE_OUTER_BOUND ( 'NONE', #1315, .T. ) ;
#301 = AXIS2_PLACEMENT_3D ( 'NONE', #246, #1606, #932 ) ;
#302 = EDGE_LOOP ( 'NONE', ( #415, #1521 ) ) ;
#303 = FACE_OUTER_BOUND ( 'NONE', #284, .T. ) ;
#304 = VECTOR ( 'NONE', #112, 1000.000000000000000 ) ;
#305 = ORIENTED_EDGE ( 'NONE', *, *, #1448, .T. ) ;
#306 = CARTESIAN_POINT ( 'NONE',  ( 24.99999999999999645, -17.50000000000000711, 3.000000000000000000 ) ) ;
#307 = DIRECTION ( 'NONE',  ( 1.652117596168387756E-16, -1.000000000000000000, 0.000000000000000000 ) ) ;
#308 = ADVANCED_FACE ( 'NONE', ( #1164 ), #1551, .F. ) ;
#309 = LINE ( 'NONE', #1397, #1296 ) ;
#310 = DIRECTION ( 'NONE',  ( 0.000000000000000000, 0.000000000000000000, 1.000000000000000000 ) ) ;
#311 = ORIENTED_EDGE ( 'NONE', *, *, #823, .F. ) ;
#312 = CARTESIAN_POINT ( 'NONE',  ( -27.99999999999999289, -23.19999999999999929, 3.000000000000000000 ) ) ;
#313 = VECTOR ( 'NONE', #605, 1000.000000000000000 ) ;
#314 = ORIENTED_EDGE ( 'NONE', *, *, #871, .T. ) ;
#315 = LINE ( 'NONE', #1732, #1207 ) ;
#316 = ORIENTED_EDGE ( 'NONE', *, *, #694, .F. ) ;
#317 = CARTESIAN_POINT ( 'NONE',  ( -4.999999999999997335, -23.00000000000000000, 9.000000000000001776 ) ) ;
#318 = ORIENTED_EDGE ( 'NONE', *, *, #1031, .F. ) ;
#319 = DIRECTION ( 'NONE',  ( 0.000000000000000000, 0.000000000000000000, -1.000000000000000000 ) ) ;
#320 = ORIENTED_EDGE ( 'NONE', *, *, #588, .T. ) ;
#321 = FILL_AREA_STYLE_COLOUR ( '', #65 ) ;
#322 = ORIENTED_EDGE ( 'NONE', *, *, #1183, .T. ) ;
#323 = DIRECTION ( 'NONE',  ( -5.782411586589358625E-16, -1.000000000000000000, 0.000000000000000000 ) ) ;
#324 = EDGE_CURVE ( 'NONE', #1631, #596, #351, .T. ) ;
#325 = CARTESIAN_POINT ( 'NONE',  ( -27.99999999999999289, -23.19999999999999929, 0.000000000000000000 ) ) ;
#326 = VECTOR ( 'NONE', #955, 1000.000000000000000 ) ;
#327 = VECTOR ( 'NONE', #154, 1000.000000000000000 ) ;
#328 = DIRECTION ( 'NONE',  ( 0.000000000000000000, 0.000000000000000000, 1.000000000000000000 ) ) ;
#329 = VECTOR ( 'NONE', #1209, 1000.000000000000000 ) ;
#330 = EDGE_CURVE ( 'NONE', #377, #569, #74, .T. ) ;
#331 = EDGE_LOOP ( 'NONE', ( #1122, #358, #998, #771 ) ) ;
#332 = DIRECTION ( 'NONE',  ( -0.000000000000000000, 0.000000000000000000, -1.000000000000000000 ) ) ;
#333 = EDGE_CURVE ( 'NONE', #601, #769, #1695, .T. ) ;
#334 = ORIENTED_EDGE ( 'NONE', *, *, #561, .F. ) ;
#335 = EDGE_CURVE ( 'NONE', #1160, #120, #114, .T. ) ;
#336 = DIRECTION ( 'NONE',  ( -1.379491463273391291E-48, 1.232595164407830946E-32, 1.000000000000000000 ) ) ;
#337 = VECTOR ( 'NONE', #289, 1000.000000000000000 ) ;
#338 = LINE ( 'NONE', #122, #304 ) ;
#339 = LINE ( 'NONE', #1391, #13 ) ;
#340 = ORIENTED_EDGE ( 'NONE', *, *, #1475, .T. ) ;
#341 = DIRECTION ( 'NONE',  ( -1.000000000000000000, 0.000000000000000000, 0.000000000000000000 ) ) ;
#342 = CARTESIAN_POINT ( 'NONE',  ( 6.000000000000000000, -20.19999999999999929, 2.465190328815661892E-31 ) ) ;
#343 = DIRECTION ( 'NONE',  ( -0.000000000000000000, -0.000000000000000000, 1.000000000000000000 ) ) ;
#344 = ORIENTED_EDGE ( 'NONE', *, *, #713, .F. ) ;
#345 = CARTESIAN_POINT ( 'NONE',  ( 2.296381174307183540E-15, -20.19999999999999929, 2.465190328815661892E-31 ) ) ;
#346 = ORIENTED_EDGE ( 'NONE', *, *, #620, .T. ) ;
#347 = DIRECTION ( 'NONE',  ( 1.136998822792451151E-16, -1.000000000000000000, 1.232595164407830946E-32 ) ) ;
#348 = VERTEX_POINT ( 'NONE', #1433 ) ;
#349 = UNCERTAINTY_MEASURE_WITH_UNIT (LENGTH_MEASURE( 1.000000000000000082E-05 ), #1367, 'distance_accuracy_value', 'NONE');
#350 = CARTESIAN_POINT ( 'NONE',  ( 0.000000000000000000, -23.19999999999999929, 0.000000000000000000 ) ) ;
#351 = LINE ( 'NONE', #931, #1669 ) ;
#352 = EDGE_LOOP ( 'NONE', ( #1023, #1620, #1608, #268 ) ) ;
#353 = CARTESIAN_POINT ( 'NONE',  ( 11.59999999999999609, 2.000000000000001776, 2.000000000000000000 ) ) ;
#354 = VECTOR ( 'NONE', #134, 1000.000000000000000 ) ;
#355 = EDGE_LOOP ( 'NONE', ( #1484, #632, #1258, #1176, #165, #1310, #1726, #1681, #722, #192, #884, #847 ) ) ;
#356 = VECTOR ( 'NONE', #1361, 1000.000000000000000 ) ;
#357 = CARTESIAN_POINT ( 'NONE',  ( 28.99999999999999645, 1.972822776601074727E-15, 3.000000000000000000 ) ) ;
#358 = ORIENTED_EDGE ( 'NONE', *, *, #1150, .F. ) ;
#359 = VECTOR ( 'NONE', #1635, 1000.000000000000000 ) ;
#360 = DIRECTION ( 'NONE',  ( -0.000000000000000000, -1.000000000000000000, -0.000000000000000000 ) ) ;
#361 = ORIENTED_EDGE ( 'NONE', *, *, #1711, .T. ) ;
#362 = CARTESIAN_POINT ( 'NONE',  ( -15.00000000000000355, 27.19999999999999929, 2.000000000000000000 ) ) ;
#363 = LINE ( 'NONE', #1574, #1237 ) ;
#364 = VERTEX_POINT ( 'NONE', #762 ) ;
#365 = FACE_OUTER_BOUND ( 'NONE', #201, .T. ) ;
#366 = EDGE_CURVE ( 'NONE', #455, #1171, #82, .T. ) ;
#367 = EDGE_LOOP ( 'NONE', ( #1426, #274, #755, #481 ) ) ;
#368 = DIRECTION ( 'NONE',  ( -1.000000000000000000, 0.000000000000000000, 0.000000000000000000 ) ) ;
#369 = ORIENTED_EDGE ( 'NONE', *, *, #1169, .T. ) ;
#370 = CARTESIAN_POINT ( 'NONE',  ( -10.00000000000000178, 30.19999999999999929, 8.150000000000000355 ) ) ;
#371 = CARTESIAN_POINT ( 'NONE',  ( 0.000000000000000000, -23.19999999999999929, 3.000000000000000000 ) ) ;
#372 = ORIENTED_EDGE ( 'NONE', *, *, #487, .F. ) ;
#373 = FACE_BOUND ( 'NONE', #659, .T. ) ;
#374 = ORIENTED_EDGE ( 'NONE', *, *, #279, .F. ) ;
#375 = DIRECTION ( 'NONE',  ( 0.000000000000000000, 0.000000000000000000, 1.000000000000000000 ) ) ;
#376 = EDGE_CURVE ( 'NONE', #1750, #979, #287, .T. ) ;
#377 = VERTEX_POINT ( 'NONE', #1632 ) ;
#378 = CARTESIAN_POINT ( 'NONE',  ( 14.44999999999999929, 18.09999999999999787, 2.000000000000000000 ) ) ;
#379 = ORIENTED_EDGE ( 'NONE', *, *, #1031, .T. ) ;
#380 = DIRECTION ( 'NONE',  ( 0.000000000000000000, 0.000000000000000000, -1.000000000000000000 ) ) ;
#381 = CIRCLE ( 'NONE', #1370, 1.149999999999999911 ) ;
#382 = EDGE_CURVE ( 'NONE', #1461, #1687, #958, .T. ) ;
#383 = AXIS2_PLACEMENT_3D ( 'NONE', #1220, #146, #562 ) ;
#384 = VERTEX_POINT ( 'NONE', #539 ) ;
#385 = LINE ( 'NONE', #1334, #682 ) ;
#386 = VECTOR ( 'NONE', #1251, 1000.000000000000000 ) ;
#387 = FACE_OUTER_BOUND ( 'NONE', #212, .T. ) ;
#388 = AXIS2_PLACEMENT_3D ( 'NONE', #1381, #1259, #559 ) ;
#389 = DIRECTION ( 'NONE',  ( 0.000000000000000000, -0.000000000000000000, 1.000000000000000000 ) ) ;
#390 = LINE ( 'NONE', #422, #40 ) ;
#391 = LINE ( 'NONE', #936, #121 ) ;
#392 = VERTEX_POINT ( 'NONE', #1351 ) ;
#393 = CARTESIAN_POINT ( 'NONE',  ( -10.65000000000000391, -17.30000000000000071, -0.5000000000000000000 ) ) ;
#394 = DIRECTION ( 'NONE',  ( -0.000000000000000000, -0.000000000000000000, -1.000000000000000000 ) ) ;
#395 = PLANE ( 'NONE',  #155 ) ;
#396 = CARTESIAN_POINT ( 'NONE',  ( 0.000000000000000000, 27.19999999999999929, 2.000000000000000000 ) ) ;
#397 = FACE_OUTER_BOUND ( 'NONE', #1140, .T. ) ;
#398 = VERTEX_POINT ( 'NONE', #707 ) ;
#399 = FACE_OUTER_BOUND ( 'NONE', #1052, .T. ) ;
#400 = DIRECTION ( 'NONE',  ( 0.000000000000000000, 0.000000000000000000, 1.000000000000000000 ) ) ;
#401 = EDGE_CURVE ( 'NONE', #1288, #364, #131, .T. ) ;
#402 = PRODUCT_DEFINITION_SHAPE ( 'NONE', 'NONE',  #701 ) ;
#403 = CARTESIAN_POINT ( 'NONE',  ( 11.00000000000000000, 30.00100000000000122, 8.150000000000000355 ) ) ;
#404 = EDGE_CURVE ( 'NONE', #1322, #1554, #1195, .T. ) ;
#405 = DIRECTION ( 'NONE',  ( -1.360567432138672328E-16, 1.000000000000000000, 0.000000000000000000 ) ) ;
#406 = LINE ( 'NONE', #667, #97 ) ;
#407 = ORIENTED_EDGE ( 'NONE', *, *, #376, .T. ) ;
#408 = CIRCLE ( 'NONE', #1400, 1.149999999999999911 ) ;
#409 = DIRECTION ( 'NONE',  ( -0.000000000000000000, -0.000000000000000000, -1.000000000000000000 ) ) ;
#410 = AXIS2_PLACEMENT_3D ( 'NONE', #1495, #285, #259 ) ;
#411 = CARTESIAN_POINT ( 'NONE',  ( -8.928723773410020202E-17, -1.399999999999997469, 3.000000000000000000 ) ) ;
#412 = CIRCLE ( 'NONE', #301, 1.149999999999999911 ) ;
#413 = ORIENTED_EDGE ( 'NONE', *, *, #1581, .F. ) ;
#414 = DIRECTION ( 'NONE',  ( 0.000000000000000000, -1.000000000000000000, 0.000000000000000000 ) ) ;
#415 = ORIENTED_EDGE ( 'NONE', *, *, #1142, .F. ) ;
#416 = CARTESIAN_POINT ( 'NONE',  ( -14.99999999999999822, -20.19999999999999929, 2.999999999999999112 ) ) ;
#417 = ORIENTED_EDGE ( 'NONE', *, *, #335, .T. ) ;
#418 = CARTESIAN_POINT ( 'NONE',  ( 0.000000000000000000, 2.000000000000001776, -0.5000000000000000000 ) ) ;
#419 = CARTESIAN_POINT ( 'NONE',  ( 10.99999999999999289, -23.00100000000000122, 7.000000000000000888 ) ) ;
#420 = EDGE_CURVE ( 'NONE', #979, #741, #28, .T. ) ;
#421 = ORIENTED_EDGE ( 'NONE', *, *, #217, .T. ) ;
#422 = CARTESIAN_POINT ( 'NONE',  ( -15.00000000000000355, 27.00000000000000000, 2.000000000000000000 ) ) ;
#423 = DIRECTION ( 'NONE',  ( -0.000000000000000000, 1.000000000000000000, -0.000000000000000000 ) ) ;
#424 = EDGE_LOOP ( 'NONE', ( #599, #1000, #1479, #277 ) ) ;
#425 = CARTESIAN_POINT ( 'NONE',  ( 24.99999999999999645, 2.065146995210483660E-15, 3.000000000000000000 ) ) ;
#426 = DIRECTION ( 'NONE',  ( -1.000000000000000000, 0.000000000000000000, 0.000000000000000000 ) ) ;
#427 = PLANE ( 'NONE',  #1543 ) ;
#429 = VECTOR ( 'NONE', #254, 1000.000000000000000 ) ;
#428 = CARTESIAN_POINT ( 'NONE',  ( -4.999999999999997335, -23.19999999999999929, 9.000000000000001776 ) ) ;
#430 = DIRECTION ( 'NONE',  ( 0.000000000000000000, 0.000000000000000000, 1.000000000000000000 ) ) ;
#431 = ORIENTED_EDGE ( 'NONE', *, *, #641, .F. ) ;
#432 = DIRECTION ( 'NONE',  ( -1.000000000000000000, 0.000000000000000000, 0.000000000000000000 ) ) ;
#433 = EDGE_CURVE ( 'NONE', #1306, #858, #1080, .T. ) ;
#434 = PRESENTATION_LAYER_ASSIGNMENT (  '', '', ( #1064 ) ) ;
#435 = VECTOR ( 'NONE', #1383, 1000.000000000000000 ) ;
#436 = VECTOR ( 'NONE', #160, 1000.000000000000000 ) ;
#437 = DIRECTION ( 'NONE',  ( -0.000000000000000000, 0.000000000000000000, 1.000000000000000000 ) ) ;
#438 = CARTESIAN_POINT ( 'NONE',  ( 6.000000000000000000, -23.19999999999999929, 0.000000000000000000 ) ) ;
#439 = VECTOR ( 'NONE', #586, 1000.000000000000000 ) ;
#440 = ORIENTED_EDGE ( 'NONE', *, *, #1405, .T. ) ;
#441 = CYLINDRICAL_SURFACE ( 'NONE', #1317, 1.149999999999999911 ) ;
#442 = VECTOR ( 'NONE', #1662, 1000.000000000000000 ) ;
#443 = ORIENTED_EDGE ( 'NONE', *, *, #694, .T. ) ;
#444 = DIRECTION ( 'NONE',  ( 0.000000000000000000, 0.000000000000000000, 1.000000000000000000 ) ) ;
#445 = ORIENTED_EDGE ( 'NONE', *, *, #382, .F. ) ;
#446 = DIRECTION ( 'NONE',  ( 0.000000000000000000, 0.000000000000000000, 1.000000000000000000 ) ) ;
#447 = LINE ( 'NONE', #1530, #435 ) ;
#448 = ORIENTED_EDGE ( 'NONE', *, *, #1170, .F. ) ;
#449 = FACE_OUTER_BOUND ( 'NONE', #800, .T. ) ;
#450 = ADVANCED_FACE ( 'NONE', ( #399 ), #281, .F. ) ;
#451 = FACE_OUTER_BOUND ( 'NONE', #584, .T. ) ;
#452 = DIRECTION ( 'NONE',  ( -0.000000000000000000, -0.000000000000000000, -1.000000000000000000 ) ) ;
#453 = EDGE_CURVE ( 'NONE', #1612, #571, #381, .T. ) ;
#454 = ADVANCED_FACE ( 'NONE', ( #1114 ), #1613, .F. ) ;
#455 = VERTEX_POINT ( 'NONE', #679 ) ;
#456 = FACE_BOUND ( 'NONE', #1065, .T. ) ;
#457 = ORIENTED_EDGE ( 'NONE', *, *, #15, .T. ) ;
#458 = ORIENTED_EDGE ( 'NONE', *, *, #453, .F. ) ;
#459 = FACE_BOUND ( 'NONE', #1488, .T. ) ;
#460 = DIRECTION ( 'NONE',  ( 1.000000000000000000, 0.000000000000000000, 0.000000000000000000 ) ) ;
#461 = AXIS2_PLACEMENT_3D ( 'NONE', #1427, #1124, #876 ) ;
#462 = VECTOR ( 'NONE', #1477, 1000.000000000000000 ) ;
#463 = VERTEX_POINT ( 'NONE', #140 ) ;
#464 = DIRECTION ( 'NONE',  ( 1.000000000000000000, 0.000000000000000000, 0.000000000000000000 ) ) ;
#465 = AXIS2_PLACEMENT_3D ( 'NONE', #1749, #1081, #515 ) ;
#466 = ORIENTED_EDGE ( 'NONE', *, *, #191, .T. ) ;
#467 = CARTESIAN_POINT ( 'NONE',  ( -15.00000000000000355, 27.19999999999999929, 9.000000000000001776 ) ) ;
#468 = VERTEX_POINT ( 'NONE', #1748 ) ;
#469 = LINE ( 'NONE', #342, #1374 ) ;
#470 = DIRECTION ( 'NONE',  ( 0.000000000000000000, 0.000000000000000000, -1.000000000000000000 ) ) ;
#471 = EDGE_LOOP ( 'NONE', ( #618, #251, #1407, #1402, #266, #20, #1343, #111, #1294, #1699 ) ) ;
#472 = CYLINDRICAL_SURFACE ( 'NONE', #607, 1.249999999999999334 ) ;
#473 = ORIENTED_EDGE ( 'NONE', *, *, #888, .F. ) ;
#474 = FACE_OUTER_BOUND ( 'NONE', #988, .T. ) ;
#475 = EDGE_CURVE ( 'NONE', #1547, #1072, #9, .T. ) ;
#476 = VERTEX_POINT ( 'NONE', #530 ) ;
#477 = CARTESIAN_POINT ( 'NONE',  ( -15.00000000000000000, -23.19999999999999929, 9.000000000000001776 ) ) ;
#478 = DIRECTION ( 'NONE',  ( 1.107270303814983294E-16, -1.000000000000000000, 0.000000000000000000 ) ) ;
#479 = ORIENTED_EDGE ( 'NONE', *, *, #531, .F. ) ;
#480 = DIRECTION ( 'NONE',  ( -0.000000000000000000, 1.000000000000000000, -0.000000000000000000 ) ) ;
#481 = ORIENTED_EDGE ( 'NONE', *, *, #1637, .F. ) ;
#482 = CARTESIAN_POINT ( 'NONE',  ( 28.99999999999999289, 30.19999999999999929, -0.5000000000000000000 ) ) ;
#483 = ORIENTED_EDGE ( 'NONE', *, *, #833, .F. ) ;
#484 = EDGE_CURVE ( 'NONE', #957, #1068, #696, .T. ) ;
#485 = FACE_OUTER_BOUND ( 'NONE', #1465, .T. ) ;
#486 = VECTOR ( 'NONE', #1439, 1000.000000000000000 ) ;
#487 = EDGE_CURVE ( 'NONE', #945, #57, #949, .T. ) ;
#488 = VERTEX_POINT ( 'NONE', #1222 ) ;
#489 = DIRECTION ( 'NONE',  ( 0.000000000000000000, 0.000000000000000000, -1.000000000000000000 ) ) ;
#490 = CIRCLE ( 'NONE', #728, 1.249999999999999334 ) ;
#491 = CARTESIAN_POINT ( 'NONE',  ( 10.99999999999999289, -23.00100000000000122, 8.150000000000000355 ) ) ;
#492 = ORIENTED_EDGE ( 'NONE', *, *, #62, .F. ) ;
#493 = AXIS2_PLACEMENT_3D ( 'NONE', #1441, #72, #913 ) ;
#494 = DIRECTION ( 'NONE',  ( -1.000000000000000000, 0.000000000000000000, 0.000000000000000000 ) ) ;
#495 = ADVANCED_FACE ( 'NONE', ( #148 ), #1480, .F. ) ;
#496 = VECTOR ( 'NONE', #1517, 1000.000000000000000 ) ;
#497 = ORIENTED_EDGE ( 'NONE', *, *, #225, .F. ) ;
#498 = CARTESIAN_POINT ( 'NONE',  ( 0.000000000000000000, -17.50000000000000711, 3.000000000000000000 ) ) ;
#499 = EDGE_LOOP ( 'NONE', ( #1113, #629, #440, #891 ) ) ;
#500 = CARTESIAN_POINT ( 'NONE',  ( -15.00000000000000355, 27.00000000000000000, 9.000000000000001776 ) ) ;
#501 = CARTESIAN_POINT ( 'NONE',  ( -1.214306433183765597E-14, 24.50000000000000711, -0.5000000000000000000 ) ) ;
#502 = ORIENTED_EDGE ( 'NONE', *, *, #1145, .T. ) ;
#503 = FACE_OUTER_BOUND ( 'NONE', #504, .T. ) ;
#504 = EDGE_LOOP ( 'NONE', ( #937, #1420, #118, #1375 ) ) ;
#505 = ADVANCED_FACE ( 'NONE', ( #813 ), #1239, .F. ) ;
#506 = CARTESIAN_POINT ( 'NONE',  ( 17.99999999999999645, 24.50000000000000000, 3.000000000000000000 ) ) ;
#507 = VERTEX_POINT ( 'NONE', #1640 ) ;
#508 = ADVANCED_FACE ( 'NONE', ( #974 ), #1505, .T. ) ;
#509 = FACE_BOUND ( 'NONE', #1196, .T. ) ;
#510 = ORIENTED_EDGE ( 'NONE', *, *, #997, .F. ) ;
#511 = DIRECTION ( 'NONE',  ( -0.000000000000000000, 1.000000000000000000, -0.000000000000000000 ) ) ;
#512 = ORIENTED_EDGE ( 'NONE', *, *, #88, .F. ) ;
#513 = EDGE_CURVE ( 'NONE', #476, #507, #614, .T. ) ;
#514 = DIRECTION ( 'NONE',  ( 0.000000000000000000, 0.000000000000000000, -1.000000000000000000 ) ) ;
#515 = DIRECTION ( 'NONE',  ( 0.000000000000000000, 0.000000000000000000, 1.000000000000000000 ) ) ;
#516 = EDGE_LOOP ( 'NONE', ( #821, #226, #1549, #1102 ) ) ;
#517 = CARTESIAN_POINT ( 'NONE',  ( -15.00000000000000355, 27.19999999999999929, 0.000000000000000000 ) ) ;
#518 = DIRECTION ( 'NONE',  ( 1.000000000000000000, 6.802837160693361638E-17, -0.000000000000000000 ) ) ;
#519 = VECTOR ( 'NONE', #1228, 1000.000000000000000 ) ;
#520 = AXIS2_PLACEMENT_3D ( 'NONE', #705, #544, #430 ) ;
#521 = VERTEX_POINT ( 'NONE', #1285 ) ;
#522 = DIRECTION ( 'NONE',  ( 0.000000000000000000, -1.000000000000000000, 0.000000000000000000 ) ) ;
#523 = VECTOR ( 'NONE', #1215, 1000.000000000000000 ) ;
#524 = FACE_OUTER_BOUND ( 'NONE', #352, .T. ) ;
#525 = CIRCLE ( 'NONE', #1744, 1.249999999999999334 ) ;
#526 = ORIENTED_EDGE ( 'NONE', *, *, #581, .F. ) ;
#527 = LINE ( 'NONE', #16, #354 ) ;
#528 = CARTESIAN_POINT ( 'NONE',  ( 16.00000000000000000, -19.99999999999999645, 2.000000000000000000 ) ) ;
#529 = ORIENTED_EDGE ( 'NONE', *, *, #1008, .T. ) ;
#530 = CARTESIAN_POINT ( 'NONE',  ( -24.00000000000000000, 24.49999999999999645, 3.000000000000000000 ) ) ;
#531 = EDGE_CURVE ( 'NONE', #901, #221, #585, .T. ) ;
#532 = CARTESIAN_POINT ( 'NONE',  ( 16.00000000000000000, -23.19999999999999929, 3.000000000000000000 ) ) ;
#533 = EDGE_CURVE ( 'NONE', #1515, #1724, #58, .T. ) ;
#534 = EDGE_CURVE ( 'NONE', #1333, #221, #1234, .T. ) ;
#535 = CARTESIAN_POINT ( 'NONE',  ( -14.99999999999999822, -20.19999999999999929, 2.465190328815661892E-31 ) ) ;
#536 = DIRECTION ( 'NONE',  ( -1.360567432138672328E-16, 1.000000000000000000, 0.000000000000000000 ) ) ;
#537 = DIRECTION ( 'NONE',  ( 1.000000000000000000, -0.000000000000000000, 0.000000000000000000 ) ) ;
#538 = ORIENTED_EDGE ( 'NONE', *, *, #1405, .F. ) ;
#539 = CARTESIAN_POINT ( 'NONE',  ( 11.59999999999999609, -1.399999999999998135, -0.5000000000000000000 ) ) ;
#540 = CARTESIAN_POINT ( 'NONE',  ( 0.000000000000000000, 0.000000000000000000, 2.000000000000000000 ) ) ;
#541 = ORIENTED_EDGE ( 'NONE', *, *, #324, .T. ) ;
#542 = FACE_OUTER_BOUND ( 'NONE', #1674, .T. ) ;
#543 = ORIENTED_EDGE ( 'NONE', *, *, #853, .F. ) ;
#544 = DIRECTION ( 'NONE',  ( -1.000000000000000000, 0.000000000000000000, 0.000000000000000000 ) ) ;
#545 = ORIENTED_EDGE ( 'NONE', *, *, #272, .T. ) ;
#546 = VECTOR ( 'NONE', #1338, 1000.000000000000000 ) ;
#547 = CARTESIAN_POINT ( 'NONE',  ( 6.000000000000000000, -23.00000000000000000, 3.000000000000000000 ) ) ;
#548 = EDGE_CURVE ( 'NONE', #1330, #608, #1691, .T. ) ;
#549 = VECTOR ( 'NONE', #1030, 1000.000000000000000 ) ;
#550 = CYLINDRICAL_SURFACE ( 'NONE', #843, 1.149999999999999911 ) ;
#551 = VECTOR ( 'NONE', #984, 1000.000000000000000 ) ;
#552 = LINE ( 'NONE', #403, #359 ) ;
#553 = CARTESIAN_POINT ( 'NONE',  ( 14.99999999999999645, 0.000000000000000000, 2.000000000000000000 ) ) ;
#554 = EDGE_LOOP ( 'NONE', ( #1186, #587 ) ) ;
#555 = LINE ( 'NONE', #119, #698 ) ;
#556 = ORIENTED_EDGE ( 'NONE', *, *, #382, .T. ) ;
#557 = DIRECTION ( 'NONE',  ( -0.000000000000000000, -1.000000000000000000, -0.000000000000000000 ) ) ;
#558 = CARTESIAN_POINT ( 'NONE',  ( -9.999999999999998224, 30.00100000000000122, 7.000000000000000888 ) ) ;
#559 = DIRECTION ( 'NONE',  ( -1.000000000000000000, 0.000000000000000000, 0.000000000000000000 ) ) ;
#560 = DIRECTION ( 'NONE',  ( 0.000000000000000000, 1.000000000000000000, 0.000000000000000000 ) ) ;
#561 = EDGE_CURVE ( 'NONE', #676, #695, #1594, .T. ) ;
#562 = DIRECTION ( 'NONE',  ( 1.107270303814983417E-16, -1.000000000000000000, 0.000000000000000000 ) ) ;
#563 = EDGE_LOOP ( 'NONE', ( #1178, #1647, #44, #824 ) ) ;
#564 = DIRECTION ( 'NONE',  ( -0.000000000000000000, 1.000000000000000000, -0.000000000000000000 ) ) ;
#565 = DIRECTION ( 'NONE',  ( 0.000000000000000000, 0.000000000000000000, -1.000000000000000000 ) ) ;
#566 = ADVANCED_FACE ( 'NONE', ( #449 ), #1539, .F. ) ;
#567 = LINE ( 'NONE', #1410, #1074 ) ;
#568 = DIRECTION ( 'NONE',  ( 4.956352788505164254E-16, -1.000000000000000000, 0.000000000000000000 ) ) ;
#569 = VERTEX_POINT ( 'NONE', #1134 ) ;
#570 = CARTESIAN_POINT ( 'NONE',  ( -9.999999999999998224, 30.00100000000000122, 5.850000000000001421 ) ) ;
#571 = VERTEX_POINT ( 'NONE', #1419 ) ;
#572 = DIRECTION ( 'NONE',  ( 0.000000000000000000, 0.000000000000000000, -1.000000000000000000 ) ) ;
#573 = CIRCLE ( 'NONE', #461, 1.149999999999999911 ) ;
#574 = EDGE_LOOP ( 'NONE', ( #1722, #157 ) ) ;
#575 = VECTOR ( 'NONE', #292, 1000.000000000000000 ) ;
#576 = CARTESIAN_POINT ( 'NONE',  ( -13.15000000000000213, -17.30000000000000071, -0.5000000000000000000 ) ) ;
#577 = VECTOR ( 'NONE', #604, 1000.000000000000000 ) ;
#578 = LINE ( 'NONE', #870, #1602 ) ;
#579 = CARTESIAN_POINT ( 'NONE',  ( -10.00000000000000178, 30.19999999999999929, 7.000000000000000888 ) ) ;
#580 = AXIS2_PLACEMENT_3D ( 'NONE', #1242, #1126, #1231 ) ;
#581 = EDGE_CURVE ( 'NONE', #1127, #653, #573, .T. ) ;
#582 = EDGE_LOOP ( 'NONE', ( #1021, #374, #1655, #417 ) ) ;
#583 = CARTESIAN_POINT ( 'NONE',  ( 11.00000000000000000, -20.19999999999999929, 5.850000000000001421 ) ) ;
#584 = EDGE_LOOP ( 'NONE', ( #1556, #458, #196, #1076 ) ) ;
#585 = LINE ( 'NONE', #883, #954 ) ;
#586 = DIRECTION ( 'NONE',  ( -0.000000000000000000, -0.000000000000000000, 1.000000000000000000 ) ) ;
#587 = ORIENTED_EDGE ( 'NONE', *, *, #1272, .T. ) ;
#588 = EDGE_CURVE ( 'NONE', #670, #126, #839, .T. ) ;
#589 = ADVANCED_FACE ( 'NONE', ( #474 ), #1024, .F. ) ;
#590 = CARTESIAN_POINT ( 'NONE',  ( -4.999999999999997335, -20.19999999999999929, 9.000000000000001776 ) ) ;
#591 = CARTESIAN_POINT ( 'NONE',  ( 14.14999999999999858, -17.30000000000000071, 0.000000000000000000 ) ) ;
#592 = ORIENTED_EDGE ( 'NONE', *, *, #1218, .T. ) ;
#593 = FACE_BOUND ( 'NONE', #1018, .T. ) ;
#594 = VERTEX_POINT ( 'NONE', #1532 ) ;
#595 = FILL_AREA_STYLE ('',( #321 ) ) ;
#596 = VERTEX_POINT ( 'NONE', #1255 ) ;
#597 = CARTESIAN_POINT ( 'NONE',  ( 0.000000000000000000, 0.000000000000000000, 9.000000000000001776 ) ) ;
#598 = FACE_OUTER_BOUND ( 'NONE', #1580, .T. ) ;
#599 = ORIENTED_EDGE ( 'NONE', *, *, #163, .F. ) ;
#600 = CARTESIAN_POINT ( 'NONE',  ( -28.00000000000000000, 30.19999999999999929, -0.5000000000000000000 ) ) ;
#601 = VERTEX_POINT ( 'NONE', #195 ) ;
#602 = DIRECTION ( 'NONE',  ( 1.000000000000000000, 0.000000000000000000, 0.000000000000000000 ) ) ;
#603 = MANIFOLD_SOLID_BREP ( '\X2\52079664\X0\-\X2\62c94f38\X0\6', #1600 ) ;
#604 = DIRECTION ( 'NONE',  ( 0.000000000000000000, -1.000000000000000000, 0.000000000000000000 ) ) ;
#605 = DIRECTION ( 'NONE',  ( 0.000000000000000000, 1.000000000000000000, 0.000000000000000000 ) ) ;
#606 = VECTOR ( 'NONE', #1264, 1000.000000000000000 ) ;
#607 = AXIS2_PLACEMENT_3D ( 'NONE', #1417, #1147, #1399 ) ;
#608 = VERTEX_POINT ( 'NONE', #467 ) ;
#609 = LINE ( 'NONE', #1562, #1373 ) ;
#610 = AXIS2_PLACEMENT_3D ( 'NONE', #1019, #627, #1049 ) ;
#611 = EDGE_CURVE ( 'NONE', #858, #1639, #1017, .T. ) ;
#612 = AXIS2_PLACEMENT_3D ( 'NONE', #419, #968, #1499 ) ;
#613 = ORIENTED_EDGE ( 'NONE', *, *, #831, .F. ) ;
#614 = LINE ( 'NONE', #1667, #243 ) ;
#615 = EDGE_LOOP ( 'NONE', ( #1597, #1248, #260, #33 ) ) ;
#616 = DIRECTION ( 'NONE',  ( 0.000000000000000000, 0.000000000000000000, -1.000000000000000000 ) ) ;
#617 = CARTESIAN_POINT ( 'NONE',  ( 18.00000000000000355, -17.50000000000000711, 3.000000000000000000 ) ) ;
#618 = ORIENTED_EDGE ( 'NONE', *, *, #533, .T. ) ;
#619 = CYLINDRICAL_SURFACE ( 'NONE', #1538, 1.149999999999999911 ) ;
#620 = EDGE_CURVE ( 'NONE', #488, #1687, #315, .T. ) ;
#621 = VERTEX_POINT ( 'NONE', #252 ) ;
#622 = DIRECTION ( 'NONE',  ( 0.000000000000000000, 0.000000000000000000, 1.000000000000000000 ) ) ;
#623 = AXIS2_PLACEMENT_3D ( 'NONE', #744, #1422, #879 ) ;
#624 = EDGE_LOOP ( 'NONE', ( #1061, #172, #1454, #413 ) ) ;
#625 = EDGE_CURVE ( 'NONE', #1398, #621, #1428, .T. ) ;
#626 = EDGE_CURVE ( 'NONE', #678, #601, #660, .T. ) ;
#627 = DIRECTION ( 'NONE',  ( 1.000000000000000000, 0.000000000000000000, -0.000000000000000000 ) ) ;
#628 = CARTESIAN_POINT ( 'NONE',  ( -10.00000000000000178, -23.00100000000000122, 5.850000000000001421 ) ) ;
#629 = ORIENTED_EDGE ( 'NONE', *, *, #983, .F. ) ;
#630 = CARTESIAN_POINT ( 'NONE',  ( -12.20000000000000284, 18.30000000000000071, -0.5000000000000000000 ) ) ;
#631 = LINE ( 'NONE', #1704, #982 ) ;
#632 = ORIENTED_EDGE ( 'NONE', *, *, #611, .T. ) ;
#633 = CARTESIAN_POINT ( 'NONE',  ( -15.00000000000000355, 30.19999999999999929, 3.000000000000000000 ) ) ;
#634 = ORIENTED_EDGE ( 'NONE', *, *, #1527, .F. ) ;
#635 = CARTESIAN_POINT ( 'NONE',  ( 0.4999999999999988343, 30.19999999999999929, 5.850000000000001421 ) ) ;
#636 = AXIS2_PLACEMENT_3D ( 'NONE', #765, #791, #242 ) ;
#637 = VERTEX_POINT ( 'NONE', #1202 ) ;
#638 = DIRECTION ( 'NONE',  ( 0.000000000000000000, 0.000000000000000000, 1.000000000000000000 ) ) ;
#639 = VECTOR ( 'NONE', #1729, 1000.000000000000000 ) ;
#640 = LINE ( 'NONE', #501, #897 ) ;
#641 = EDGE_CURVE ( 'NONE', #678, #468, #391, .T. ) ;
#642 = CIRCLE ( 'NONE', #465, 1.149999999999999911 ) ;
#643 = DIRECTION ( 'NONE',  ( -0.000000000000000000, -1.000000000000000000, -0.000000000000000000 ) ) ;
#644 = ORIENTED_EDGE ( 'NONE', *, *, #1305, .F. ) ;
#645 = FACE_OUTER_BOUND ( 'NONE', #203, .T. ) ;
#646 = EDGE_CURVE ( 'NONE', #205, #901, #1121, .T. ) ;
#647 = EDGE_CURVE ( 'NONE', #571, #1471, #1698, .T. ) ;
#648 = ORIENTED_EDGE ( 'NONE', *, *, #871, .F. ) ;
#649 = CYLINDRICAL_SURFACE ( 'NONE', #752, 1.249999999999999334 ) ;
#650 = ADVANCED_FACE ( 'NONE', ( #1299 ), #1070, .F. ) ;
#651 = VERTEX_POINT ( 'NONE', #482 ) ;
#652 = DIRECTION ( 'NONE',  ( -1.000000000000000000, 0.000000000000000000, -0.000000000000000000 ) ) ;
#653 = VERTEX_POINT ( 'NONE', #1331 ) ;
#654 = APPLICATION_CONTEXT ( 'automotive_design' ) ;
#655 = CARTESIAN_POINT ( 'NONE',  ( 0.000000000000000000, -23.19999999999999929, 9.000000000000001776 ) ) ;
#656 = ORIENTED_EDGE ( 'NONE', *, *, #853, .T. ) ;
#657 = CARTESIAN_POINT ( 'NONE',  ( 5.999999999999998224, -23.19999999999999929, 3.000000000000000000 ) ) ;
#658 = CARTESIAN_POINT ( 'NONE',  ( 15.99999999999999289, 27.19999999999999929, 9.000000000000001776 ) ) ;
#659 = EDGE_LOOP ( 'NONE', ( #541, #1189, #1438, #1057 ) ) ;
#660 = LINE ( 'NONE', #87, #666 ) ;
#661 = EDGE_LOOP ( 'NONE', ( #41, #322, #1696, #1586 ) ) ;
#662 = DIRECTION ( 'NONE',  ( 1.000000000000000000, 0.000000000000000000, 0.000000000000000000 ) ) ;
#663 = LINE ( 'NONE', #1206, #927 ) ;
#664 = VERTEX_POINT ( 'NONE', #110 ) ;
#665 = LINE ( 'NONE', #1093, #329 ) ;
#666 = VECTOR ( 'NONE', #643, 1000.000000000000000 ) ;
#667 = CARTESIAN_POINT ( 'NONE',  ( -13.15000000000000213, -17.30000000000000071, 0.000000000000000000 ) ) ;
#668 = ADVANCED_FACE ( 'NONE', ( #365 ), #1033, .T. ) ;
#669 = AXIS2_PLACEMENT_3D ( 'NONE', #852, #162, #39 ) ;
#670 = VERTEX_POINT ( 'NONE', #1706 ) ;
#671 = CARTESIAN_POINT ( 'NONE',  ( -14.99999999999999822, -20.19999999999999929, 2.465190328815661892E-31 ) ) ;
#672 = LINE ( 'NONE', #787, #523 ) ;
#673 = CIRCLE ( 'NONE', #1573, 1.149999999999999911 ) ;
#674 = CARTESIAN_POINT ( 'NONE',  ( 0.000000000000000000, 2.000000000000001776, 2.000000000000000000 ) ) ;
#675 = CARTESIAN_POINT ( 'NONE',  ( -10.65000000000000391, -17.30000000000000071, 2.000000000000000000 ) ) ;
#676 = VERTEX_POINT ( 'NONE', #1564 ) ;
#677 = CARTESIAN_POINT ( 'NONE',  ( 16.00000000000000000, -23.19999999999999929, 0.000000000000000000 ) ) ;
#678 = VERTEX_POINT ( 'NONE', #633 ) ;
#679 = CARTESIAN_POINT ( 'NONE',  ( -10.00000000000000178, 27.19999999999999929, 5.850000000000001421 ) ) ;
#680 = FACE_BOUND ( 'NONE', #52, .T. ) ;
#681 = EDGE_CURVE ( 'NONE', #990, #741, #902, .T. ) ;
#682 = VECTOR ( 'NONE', #1686, 1000.000000000000000 ) ;
#683 = ORIENTED_EDGE ( 'NONE', *, *, #804, .T. ) ;
#684 = DIRECTION ( 'NONE',  ( 0.000000000000000000, 0.000000000000000000, -1.000000000000000000 ) ) ;
#685 = EDGE_LOOP ( 'NONE', ( #1308, #1313, #92, #311 ) ) ;
#686 = DIRECTION ( 'NONE',  ( 0.000000000000000000, -0.000000000000000000, -1.000000000000000000 ) ) ;
#687 = ORIENTED_EDGE ( 'NONE', *, *, #950, .T. ) ;
#688 = APPLICATION_CONTEXT ( 'automotive_design' ) ;
#689 = DIRECTION ( 'NONE',  ( 1.000000000000000000, 0.000000000000000000, 0.000000000000000000 ) ) ;
#690 = DIRECTION ( 'NONE',  ( -0.000000000000000000, -1.000000000000000000, -0.000000000000000000 ) ) ;
#691 = ORIENTED_EDGE ( 'NONE', *, *, #401, .F. ) ;
#692 = LINE ( 'NONE', #517, #1483 ) ;
#693 = LINE ( 'NONE', #528, #1181 ) ;
#694 = EDGE_CURVE ( 'NONE', #664, #1046, #38, .T. ) ;
#695 = VERTEX_POINT ( 'NONE', #1047 ) ;
#696 = CIRCLE ( 'NONE', #295, 1.249999999999999334 ) ;
#697 = CARTESIAN_POINT ( 'NONE',  ( 15.99999999999999289, 30.00000000000000000, 9.000000000000001776 ) ) ;
#698 = VECTOR ( 'NONE', #537, 1000.000000000000000 ) ;
#699 =( NAMED_UNIT ( * ) SI_UNIT ( $, .STERADIAN. ) SOLID_ANGLE_UNIT ( ) );
#700 = VECTOR ( 'NONE', #394, 1000.000000000000000 ) ;
#701 = PRODUCT_DEFINITION ( 'æœ', '', #1570, #1325 ) ;
#702 = LINE ( 'NONE', #299, #248 ) ;
#703 = CARTESIAN_POINT ( 'NONE',  ( -10.00000000000000178, 27.19999999999999929, 7.000000000000000888 ) ) ;
#704 = CIRCLE ( 'NONE', #75, 1.149999999999999911 ) ;
#705 = CARTESIAN_POINT ( 'NONE',  ( 16.00000000000000000, -19.99999999999999645, 9.000000000000001776 ) ) ;
#706 = ORIENTED_EDGE ( 'NONE', *, *, #1380, .F. ) ;
#707 = CARTESIAN_POINT ( 'NONE',  ( -14.99999999999999822, -20.19999999999999929, 9.000000000000001776 ) ) ;
#708 = LINE ( 'NONE', #1243, #551 ) ;
#709 = FACE_BOUND ( 'NONE', #1339, .T. ) ;
#710 = CARTESIAN_POINT ( 'NONE',  ( 11.65000000000000036, -17.30000000000000071, 2.000000000000000000 ) ) ;
#711 = DIRECTION ( 'NONE',  ( -0.000000000000000000, -1.000000000000000000, -0.000000000000000000 ) ) ;
#712 = ORIENTED_EDGE ( 'NONE', *, *, #1434, .F. ) ;
#713 = EDGE_CURVE ( 'NONE', #1046, #664, #726, .T. ) ;
#714 = DIRECTION ( 'NONE',  ( -0.000000000000000000, -0.000000000000000000, -1.000000000000000000 ) ) ;
#715 = APPLICATION_PROTOCOL_DEFINITION ( 'draft international standard', 'automotive_design', 1998, #688 ) ;
#716 = EDGE_LOOP ( 'NONE', ( #103, #466 ) ) ;
#717 = EDGE_CURVE ( 'NONE', #695, #676, #408, .T. ) ;
#718 = CARTESIAN_POINT ( 'NONE',  ( 0.4999999999999987232, 30.19999999999999929, 7.000000000000000888 ) ) ;
#719 = CARTESIAN_POINT ( 'NONE',  ( 28.99999999999999289, 30.19999999999999929, 3.000000000000000000 ) ) ;
#720 = DIRECTION ( 'NONE',  ( -0.000000000000000000, -0.000000000000000000, 1.000000000000000000 ) ) ;
#721 = EDGE_CURVE ( 'NONE', #364, #1631, #234, .T. ) ;
#722 = ORIENTED_EDGE ( 'NONE', *, *, #88, .T. ) ;
#723 = DIRECTION ( 'NONE',  ( -0.000000000000000000, -0.000000000000000000, -1.000000000000000000 ) ) ;
#724 = ADVANCED_FACE ( 'NONE', ( #95, #1187, #1719, #503, #373, #918, #1452, #784 ), #1323, .T. ) ;
#725 = CARTESIAN_POINT ( 'NONE',  ( -15.00000000000000355, 27.19999999999999929, 0.000000000000000000 ) ) ;
#726 = CIRCLE ( 'NONE', #1179, 1.149999999999999911 ) ;
#727 = EDGE_LOOP ( 'NONE', ( #101, #543, #1371, #144 ) ) ;
#728 = AXIS2_PLACEMENT_3D ( 'NONE', #1751, #836, #1077 ) ;
#729 = VECTOR ( 'NONE', #1677, 1000.000000000000000 ) ;
#730 = DIRECTION ( 'NONE',  ( -0.000000000000000000, -1.000000000000000000, 0.000000000000000000 ) ) ;
#731 = ORIENTED_EDGE ( 'NONE', *, *, #1658, .T. ) ;
#732 = CARTESIAN_POINT ( 'NONE',  ( 16.00000000000000000, -23.19999999999999929, 9.000000000000001776 ) ) ;
#733 = ORIENTED_EDGE ( 'NONE', *, *, #433, .T. ) ;
#734 = DIRECTION ( 'NONE',  ( 0.000000000000000000, 0.000000000000000000, -1.000000000000000000 ) ) ;
#735 = EDGE_LOOP ( 'NONE', ( #779, #1119, #1365, #1418 ) ) ;
#736 = CARTESIAN_POINT ( 'NONE',  ( -28.00000000000000000, 30.19999999999999929, 3.000000000000000000 ) ) ;
#737 = CARTESIAN_POINT ( 'NONE',  ( 24.99999999999999645, 2.065146995210483660E-15, 3.000000000000000000 ) ) ;
#738 = EDGE_LOOP ( 'NONE', ( #109, #1219, #1588, #712 ) ) ;
#739 = CARTESIAN_POINT ( 'NONE',  ( 6.000000000000000000, -23.00000000000000000, 9.000000000000001776 ) ) ;
#740 = EDGE_CURVE ( 'NONE', #348, #1547, #1725, .T. ) ;
#741 = VERTEX_POINT ( 'NONE', #946 ) ;
#742 = SURFACE_STYLE_USAGE ( .BOTH. , #175 ) ;
#743 = CARTESIAN_POINT ( 'NONE',  ( 24.99999999999999645, 2.065146995210483660E-15, -0.5000000000000000000 ) ) ;
#744 = CARTESIAN_POINT ( 'NONE',  ( -11.90000000000000213, -17.30000000000000071, -0.5000000000000000000 ) ) ;
#745 = ORIENTED_EDGE ( 'NONE', *, *, #1218, .F. ) ;
#746 = CYLINDRICAL_SURFACE ( 'NONE', #867, 1.249999999999999334 ) ;
#747 = VERTEX_POINT ( 'NONE', #808 ) ;
#748 = SURFACE_STYLE_FILL_AREA ( #595 ) ;
#749 = AXIS2_PLACEMENT_3D ( 'NONE', #425, #848, #1107 ) ;
#750 = PLANE ( 'NONE',  #610 ) ;
#751 = CARTESIAN_POINT ( 'NONE',  ( -14.99999999999999822, -20.00000000000000000, 9.000000000000001776 ) ) ;
#752 = AXIS2_PLACEMENT_3D ( 'NONE', #1166, #1200, #1443 ) ;
#753 = EDGE_CURVE ( 'NONE', #1504, #384, #1629, .T. ) ;
#754 = AXIS2_PLACEMENT_3D ( 'NONE', #1626, #961, #1494 ) ;
#755 = ORIENTED_EDGE ( 'NONE', *, *, #262, .F. ) ;
#756 = CARTESIAN_POINT ( 'NONE',  ( 2.296381174307183540E-15, -20.19999999999999929, 9.000000000000001776 ) ) ;
#757 = AXIS2_PLACEMENT_3D ( 'NONE', #113, #1075, #1481 ) ;
#758 = ORIENTED_EDGE ( 'NONE', *, *, #1713, .F. ) ;
#759 = DIRECTION ( 'NONE',  ( -1.476360405086644309E-16, 1.000000000000000000, 0.000000000000000000 ) ) ;
#760 = EDGE_LOOP ( 'NONE', ( #798, #788, #545, #1537 ) ) ;
#761 = CARTESIAN_POINT ( 'NONE',  ( -11.90000000000000213, -17.30000000000000071, 2.000000000000000000 ) ) ;
#762 = CARTESIAN_POINT ( 'NONE',  ( -23.99999999999999289, -17.50000000000000355, -0.5000000000000000000 ) ) ;
#763 = ORIENTED_EDGE ( 'NONE', *, *, #588, .F. ) ;
#764 = DIRECTION ( 'NONE',  ( -1.000000000000000000, 0.000000000000000000, 0.000000000000000000 ) ) ;
#765 = CARTESIAN_POINT ( 'NONE',  ( 13.19999999999999929, 18.09999999999999787, -0.5000000000000000000 ) ) ;
#766 = ORIENTED_EDGE ( 'NONE', *, *, #513, .F. ) ;
#767 = DIRECTION ( 'NONE',  ( 6.802837160693361638E-17, -1.000000000000000000, 0.000000000000000000 ) ) ;
#768 = EDGE_CURVE ( 'NONE', #521, #569, #1112, .T. ) ;
#769 = VERTEX_POINT ( 'NONE', #416 ) ;
#770 = DIRECTION ( 'NONE',  ( 1.000000000000000000, -0.000000000000000000, 0.000000000000000000 ) ) ;
#771 = ORIENTED_EDGE ( 'NONE', *, *, #533, .F. ) ;
#772 = CARTESIAN_POINT ( 'NONE',  ( 0.000000000000000000, -17.50000000000000355, -0.5000000000000000000 ) ) ;
#773 = ADVANCED_FACE ( 'NONE', ( #1611 ), #1347, .F. ) ;
#774 = ORIENTED_EDGE ( 'NONE', *, *, #1086, .T. ) ;
#775 = EDGE_CURVE ( 'NONE', #1639, #973, #267, .T. ) ;
#776 = DIRECTION ( 'NONE',  ( -1.476360405086644309E-16, 1.000000000000000000, 0.000000000000000000 ) ) ;
#777 = ADVANCED_FACE ( 'NONE', ( #397 ), #278, .F. ) ;
#778 = VECTOR ( 'NONE', #1404, 1000.000000000000000 ) ;
#779 = ORIENTED_EDGE ( 'NONE', *, *, #32, .F. ) ;
#780 = LINE ( 'NONE', #1320, #1067 ) ;
#781 = AXIS2_PLACEMENT_3D ( 'NONE', #500, #108, #489 ) ;
#782 = ORIENTED_EDGE ( 'NONE', *, *, #1658, .F. ) ;
#783 = CIRCLE ( 'NONE', #757, 1.149999999999999911 ) ;
#784 = FACE_BOUND ( 'NONE', #838, .T. ) ;
#785 = ORIENTED_EDGE ( 'NONE', *, *, #1008, .F. ) ;
#786 = VECTOR ( 'NONE', #150, 1000.000000000000000 ) ;
#787 = CARTESIAN_POINT ( 'NONE',  ( 0.000000000000000000, -23.19999999999999929, 3.000000000000000000 ) ) ;
#788 = ORIENTED_EDGE ( 'NONE', *, *, #1252, .F. ) ;
#789 = DIRECTION ( 'NONE',  ( -1.360567432138672328E-16, 1.000000000000000000, 0.000000000000000000 ) ) ;
#790 = VERTEX_POINT ( 'NONE', #18 ) ;
#791 = DIRECTION ( 'NONE',  ( -0.000000000000000000, -0.000000000000000000, 1.000000000000000000 ) ) ;
#792 = ORIENTED_EDGE ( 'NONE', *, *, #276, .F. ) ;
#793 = DIRECTION ( 'NONE',  ( 5.782411586589357639E-16, 1.000000000000000000, 0.000000000000000000 ) ) ;
#794 = PLANE ( 'NONE',  #1182 ) ;
#795 = EDGE_CURVE ( 'NONE', #1451, #678, #555, .T. ) ;
#796 = FACE_OUTER_BOUND ( 'NONE', #624, .T. ) ;
#797 = LINE ( 'NONE', #1609, #1038 ) ;
#798 = ORIENTED_EDGE ( 'NONE', *, *, #83, .F. ) ;
#799 = FACE_OUTER_BOUND ( 'NONE', #1353, .T. ) ;
#800 = EDGE_LOOP ( 'NONE', ( #745, #1054, #1561, #497 ) ) ;
#801 = CARTESIAN_POINT ( 'NONE',  ( -10.00000000000000178, -23.00100000000000122, 8.150000000000000355 ) ) ;
#802 = LINE ( 'NONE', #1224, #1155 ) ;
#803 = DIRECTION ( 'NONE',  ( -0.000000000000000000, 0.000000000000000000, 1.000000000000000000 ) ) ;
#804 = EDGE_CURVE ( 'NONE', #384, #914, #1372, .T. ) ;
#805 = DIRECTION ( 'NONE',  ( 1.000000000000000000, 0.000000000000000000, 0.000000000000000000 ) ) ;
#806 = AXIS2_PLACEMENT_3D ( 'NONE', #1307, #104, #79 ) ;
#807 = ORIENTED_EDGE ( 'NONE', *, *, #1408, .F. ) ;
#808 = CARTESIAN_POINT ( 'NONE',  ( 16.00000000000000000, -20.19999999999999574, 9.000000000000001776 ) ) ;
#809 = AXIS2_PLACEMENT_3D ( 'NONE', #1469, #1501, #1354 ) ;
#810 = AXIS2_PLACEMENT_3D ( 'NONE', #30, #1663, #986 ) ;
#811 = ORIENTED_EDGE ( 'NONE', *, *, #717, .F. ) ;
#812 = EDGE_CURVE ( 'NONE', #1390, #120, #406, .T. ) ;
#813 = FACE_OUTER_BOUND ( 'NONE', #1016, .T. ) ;
#814 = LINE ( 'NONE', #655, #245 ) ;
#815 = VECTOR ( 'NONE', #817, 1000.000000000000000 ) ;
#816 = ADVANCED_BREP_SHAPE_REPRESENTATION ( 'tracker\X2\4e0b534a9762\X0\', ( #603, #900 ), #1011 ) ;
#817 = DIRECTION ( 'NONE',  ( 1.000000000000000000, 0.000000000000000000, 0.000000000000000000 ) ) ;
#818 = CARTESIAN_POINT ( 'NONE',  ( -27.99999999999999645, -3.809588809988282123E-15, -0.5000000000000000000 ) ) ;
#819 = EDGE_LOOP ( 'NONE', ( #84, #1442, #691, #133 ) ) ;
#820 = FACE_OUTER_BOUND ( 'NONE', #1552, .T. ) ;
#821 = ORIENTED_EDGE ( 'NONE', *, *, #487, .T. ) ;
#822 = CARTESIAN_POINT ( 'NONE',  ( 12.90000000000000036, -17.30000000000000071, 2.000000000000000000 ) ) ;
#823 = EDGE_CURVE ( 'NONE', #1612, #55, #1364, .T. ) ;
#824 = ORIENTED_EDGE ( 'NONE', *, *, #950, .F. ) ;
#825 = CARTESIAN_POINT ( 'NONE',  ( 16.00000000000000000, -20.19999999999999574, 2.465190328815661892E-31 ) ) ;
#826 = ADVANCED_FACE ( 'NONE', ( #1095, #820, #1355, #138 ), #964, .T. ) ;
#827 = ORIENTED_EDGE ( 'NONE', *, *, #34, .F. ) ;
#828 = CARTESIAN_POINT ( 'NONE',  ( -13.45000000000000107, 18.30000000000000071, 0.000000000000000000 ) ) ;
#829 = EDGE_LOOP ( 'NONE', ( #244, #1413, #431, #912 ) ) ;
#830 = DIRECTION ( 'NONE',  ( -1.000000000000000000, 0.000000000000000000, 0.000000000000000000 ) ) ;
#831 = EDGE_CURVE ( 'NONE', #1515, #1461, #693, .T. ) ;
#832 = CARTESIAN_POINT ( 'NONE',  ( -14.99999999999999822, -20.19999999999999929, 2.000000000000000000 ) ) ;
#833 = EDGE_CURVE ( 'NONE', #1575, #914, #1104, .T. ) ;
#834 = DIRECTION ( 'NONE',  ( -1.000000000000000000, 0.000000000000000000, -0.000000000000000000 ) ) ;
#835 = ADVANCED_FACE ( 'NONE', ( #799 ), #6, .F. ) ;
#836 = DIRECTION ( 'NONE',  ( 0.000000000000000000, 0.000000000000000000, 1.000000000000000000 ) ) ;
#837 = DIRECTION ( 'NONE',  ( -0.000000000000000000, -0.000000000000000000, 1.000000000000000000 ) ) ;
#838 = EDGE_LOOP ( 'NONE', ( #1720, #98 ) ) ;
#839 = CIRCLE ( 'NONE', #96, 1.249999999999999334 ) ;
#840 = CARTESIAN_POINT ( 'NONE',  ( 11.59999999999999609, 0.000000000000000000, 3.000000000000000000 ) ) ;
#841 = VECTOR ( 'NONE', #102, 1000.000000000000000 ) ;
#842 = CIRCLE ( 'NONE', #184, 1.149999999999999911 ) ;
#843 = AXIS2_PLACEMENT_3D ( 'NONE', #991, #857, #1135 ) ;
#844 = LINE ( 'NONE', #325, #442 ) ;
#845 = PLANE ( 'NONE',  #1069 ) ;
#846 = PLANE ( 'NONE',  #925 ) ;
#847 = ORIENTED_EDGE ( 'NONE', *, *, #1115, .T. ) ;
#848 = DIRECTION ( 'NONE',  ( 1.000000000000000000, 8.260587980841936314E-17, -0.000000000000000000 ) ) ;
#849 = CARTESIAN_POINT ( 'NONE',  ( 0.000000000000000000, 0.000000000000000000, 0.000000000000000000 ) ) ;
#850 = LINE ( 'NONE', #1671, #213 ) ;
#851 = LINE ( 'NONE', #317, #987 ) ;
#852 = CARTESIAN_POINT ( 'NONE',  ( 0.000000000000000000, 24.50000000000000000, 3.000000000000000000 ) ) ;
#853 = EDGE_CURVE ( 'NONE', #995, #1091, #1153, .T. ) ;
#854 = FACE_BOUND ( 'NONE', #716, .T. ) ;
#855 = EDGE_LOOP ( 'NONE', ( #1435, #1238, #782, #529 ) ) ;
#856 =( NAMED_UNIT ( * ) PLANE_ANGLE_UNIT ( ) SI_UNIT ( $, .RADIAN. ) );
#857 = DIRECTION ( 'NONE',  ( -0.000000000000000000, 1.000000000000000000, -0.000000000000000000 ) ) ;
#858 = VERTEX_POINT ( 'NONE', #1212 ) ;
#859 = LINE ( 'NONE', #591, #73 ) ;
#860 = ORIENTED_EDGE ( 'NONE', *, *, #217, .F. ) ;
#861 = DIRECTION ( 'NONE',  ( -0.000000000000000000, -1.000000000000000000, -0.000000000000000000 ) ) ;
#862 = ORIENTED_EDGE ( 'NONE', *, *, #1528, .T. ) ;
#863 = DIRECTION ( 'NONE',  ( -0.000000000000000000, -1.000000000000000000, -0.000000000000000000 ) ) ;
#864 = AXIS2_PLACEMENT_3D ( 'NONE', #21, #557, #294 ) ;
#865 = EDGE_CURVE ( 'NONE', #392, #126, #1078, .T. ) ;
#866 = EDGE_LOOP ( 'NONE', ( #314, #305 ) ) ;
#867 = AXIS2_PLACEMENT_3D ( 'NONE', #1546, #720, #202 ) ;
#868 = DIRECTION ( 'NONE',  ( -0.000000000000000000, -1.000000000000000000, -0.000000000000000000 ) ) ;
#869 = CIRCLE ( 'NONE', #1654, 1.149999999999999911 ) ;
#870 = CARTESIAN_POINT ( 'NONE',  ( 11.65000000000000036, -17.30000000000000071, 0.000000000000000000 ) ) ;
#871 = EDGE_CURVE ( 'NONE', #1034, #875, #211, .T. ) ;
#872 = AXIS2_PLACEMENT_3D ( 'NONE', #1214, #1173, #460 ) ;
#873 = ORIENTED_EDGE ( 'NONE', *, *, #1359, .T. ) ;
#874 = CARTESIAN_POINT ( 'NONE',  ( 0.000000000000000000, -17.50000000000000355, 3.000000000000000000 ) ) ;
#875 = VERTEX_POINT ( 'NONE', #164 ) ;
#876 = DIRECTION ( 'NONE',  ( 0.000000000000000000, 0.000000000000000000, 1.000000000000000000 ) ) ;
#877 = ORIENTED_EDGE ( 'NONE', *, *, #256, .F. ) ;
#878 = DIRECTION ( 'NONE',  ( 0.000000000000000000, -1.000000000000000000, 0.000000000000000000 ) ) ;
#879 = DIRECTION ( 'NONE',  ( -1.000000000000000000, 0.000000000000000000, 0.000000000000000000 ) ) ;
#880 = PLANE ( 'NONE',  #1096 ) ;
#881 = VECTOR ( 'NONE', #981, 1000.000000000000000 ) ;
#882 = ORIENTED_EDGE ( 'NONE', *, *, #297, .F. ) ;
#883 = CARTESIAN_POINT ( 'NONE',  ( 11.00000000000000000, 30.00100000000000122, 5.850000000000001421 ) ) ;
#884 = ORIENTED_EDGE ( 'NONE', *, *, #90, .T. ) ;
#885 = ADVANCED_FACE ( 'NONE', ( #56 ), #472, .F. ) ;
#886 = CARTESIAN_POINT ( 'NONE',  ( 15.99999999999999289, 27.19999999999999929, 2.000000000000000000 ) ) ;
#887 = LINE ( 'NONE', #801, #247 ) ;
#888 = EDGE_CURVE ( 'NONE', #1288, #1328, #1283, .T. ) ;
#889 = ORIENTED_EDGE ( 'NONE', *, *, #224, .F. ) ;
#890 = DIRECTION ( 'NONE',  ( -1.136998822792451151E-16, 1.000000000000000000, -1.232595164407830946E-32 ) ) ;
#891 = ORIENTED_EDGE ( 'NONE', *, *, #1607, .F. ) ;
#892 = DIRECTION ( 'NONE',  ( 0.000000000000000000, 0.000000000000000000, 1.000000000000000000 ) ) ;
#893 = VECTOR ( 'NONE', #830, 1000.000000000000000 ) ;
#894 = CARTESIAN_POINT ( 'NONE',  ( 6.000000000000000000, -20.19999999999999929, 3.000000000000000000 ) ) ;
#895 = DIRECTION ( 'NONE',  ( 0.000000000000000000, 0.000000000000000000, 1.000000000000000000 ) ) ;
#896 = AXIS2_PLACEMENT_3D ( 'NONE', #630, #223, #764 ) ;
#897 = VECTOR ( 'NONE', #916, 1000.000000000000000 ) ;
#898 = ORIENTED_EDGE ( 'NONE', *, *, #404, .T. ) ;
#899 = LINE ( 'NONE', #93, #841 ) ;
#900 = AXIS2_PLACEMENT_3D ( 'NONE', #849, #444, #1387 ) ;
#901 = VERTEX_POINT ( 'NONE', #583 ) ;
#902 = LINE ( 'NONE', #1603, #486 ) ;
#903 = VERTEX_POINT ( 'NONE', #312 ) ;
#904 = ADVANCED_FACE ( 'NONE', ( #1679 ), #1412, .F. ) ;
#905 = DIRECTION ( 'NONE',  ( 0.000000000000000000, 0.000000000000000000, 1.000000000000000000 ) ) ;
#906 = EDGE_LOOP ( 'NONE', ( #763, #1577 ) ) ;
#907 = ADVANCED_FACE ( 'NONE', ( #854, #1139, #456, #593 ), #880, .T. ) ;
#908 = FACE_OUTER_BOUND ( 'NONE', #1193, .T. ) ;
#909 = EDGE_CURVE ( 'NONE', #769, #594, #339, .T. ) ;
#910 = VERTEX_POINT ( 'NONE', #193 ) ;
#911 = CARTESIAN_POINT ( 'NONE',  ( -9.999999999999998224, -20.19999999999999929, 7.000000000000000888 ) ) ;
#912 = ORIENTED_EDGE ( 'NONE', *, *, #626, .T. ) ;
#913 = DIRECTION ( 'NONE',  ( 1.000000000000000000, 0.000000000000000000, 0.000000000000000000 ) ) ;
#914 = VERTEX_POINT ( 'NONE', #1277 ) ;
#915 = LINE ( 'NONE', #756, #639 ) ;
#916 = DIRECTION ( 'NONE',  ( -1.000000000000000000, -4.956352788505164254E-16, 0.000000000000000000 ) ) ;
#917 = ORIENTED_EDGE ( 'NONE', *, *, #1693, .F. ) ;
#918 = FACE_BOUND ( 'NONE', #1430, .T. ) ;
#919 = ORIENTED_EDGE ( 'NONE', *, *, #200, .F. ) ;
#920 = CARTESIAN_POINT ( 'NONE',  ( 24.99999999999999289, 24.50000000000000000, -0.5000000000000000000 ) ) ;
#921 =( GEOMETRIC_REPRESENTATION_CONTEXT ( 3 ) GLOBAL_UNCERTAINTY_ASSIGNED_CONTEXT ( ( #1026 ) ) GLOBAL_UNIT_ASSIGNED_CONTEXT ( ( #1149, #856, #1279 ) ) REPRESENTATION_CONTEXT ( 'NONE', 'WORKASPACE' ) );
#922 = EDGE_LOOP ( 'NONE', ( #1087, #1533, #1221, #1625, #1584, #105, #774, #50 ) ) ;
#923 = ADVANCED_FACE ( 'NONE', ( #1132 ), #1253, .F. ) ;
#924 = CARTESIAN_POINT ( 'NONE',  ( 0.4999999999999987232, -23.00100000000000122, 7.000000000000000888 ) ) ;
#925 = AXIS2_PLACEMENT_3D ( 'NONE', #739, #183, #319 ) ;
#926 = ORIENTED_EDGE ( 'NONE', *, *, #909, .F. ) ;
#927 = VECTOR ( 'NONE', #1089, 1000.000000000000000 ) ;
#928 = CARTESIAN_POINT ( 'NONE',  ( 11.00000000000000000, -20.19999999999999929, 7.000000000000000888 ) ) ;
#929 = AXIS2_PLACEMENT_3D ( 'NONE', #558, #690, #565 ) ;
#930 = ORIENTED_EDGE ( 'NONE', *, *, #1557, .T. ) ;
#931 = CARTESIAN_POINT ( 'NONE',  ( -16.99999999999999645, -2.312964634635742661E-15, -0.5000000000000000000 ) ) ;
#932 = DIRECTION ( 'NONE',  ( 0.000000000000000000, 0.000000000000000000, 1.000000000000000000 ) ) ;
#933 = VERTEX_POINT ( 'NONE', #1688 ) ;
#934 = CARTESIAN_POINT ( 'NONE',  ( 6.000000000000000000, -23.00000000000000000, 9.000000000000001776 ) ) ;
#935 = DIRECTION ( 'NONE',  ( -0.000000000000000000, -1.000000000000000000, -0.000000000000000000 ) ) ;
#936 = CARTESIAN_POINT ( 'NONE',  ( -15.00000000000000355, 30.19999999999999929, 0.000000000000000000 ) ) ;
#937 = ORIENTED_EDGE ( 'NONE', *, *, #1204, .T. ) ;
#938 = LINE ( 'NONE', #1205, #1714 ) ;
#939 = PLANE ( 'NONE',  #1009 ) ;
#940 = ADVANCED_FACE ( 'NONE', ( #31 ), #746, .F. ) ;
#941 = DIRECTION ( 'NONE',  ( 0.000000000000000000, 0.000000000000000000, 1.000000000000000000 ) ) ;
#942 = CARTESIAN_POINT ( 'NONE',  ( 0.000000000000000000, -23.19999999999999929, -0.5000000000000000000 ) ) ;
#943 = ADVANCED_FACE ( 'NONE', ( #303 ), #441, .F. ) ;
#944 = LINE ( 'NONE', #491, #1514 ) ;
#945 = VERTEX_POINT ( 'NONE', #996 ) ;
#946 = CARTESIAN_POINT ( 'NONE',  ( 11.59999999999999609, 2.000000000000001776, -0.5000000000000000000 ) ) ;
#947 = EDGE_LOOP ( 'NONE', ( #379, #340 ) ) ;
#948 = VECTOR ( 'NONE', #1302, 1000.000000000000000 ) ;
#949 = LINE ( 'NONE', #306, #1287 ) ;
#950 = EDGE_CURVE ( 'NONE', #637, #670, #447, .T. ) ;
#951 = DIRECTION ( 'NONE',  ( 1.360567432138672328E-16, -1.000000000000000000, 0.000000000000000000 ) ) ;
#952 = CARTESIAN_POINT ( 'NONE',  ( 0.000000000000000000, 2.000000000000001776, 3.000000000000000000 ) ) ;
#953 = DIRECTION ( 'NONE',  ( -0.000000000000000000, 1.000000000000000000, -0.000000000000000000 ) ) ;
#954 = VECTOR ( 'NONE', #863, 1000.000000000000000 ) ;
#955 = DIRECTION ( 'NONE',  ( 1.000000000000000000, 1.136998822792451151E-16, 0.000000000000000000 ) ) ;
#956 = CIRCLE ( 'NONE', #70, 1.249999999999999334 ) ;
#957 = VERTEX_POINT ( 'NONE', #1535 ) ;
#958 = LINE ( 'NONE', #2, #881 ) ;
#959 = DIRECTION ( 'NONE',  ( -1.652117596168387756E-16, 1.000000000000000000, 0.000000000000000000 ) ) ;
#960 = CARTESIAN_POINT ( 'NONE',  ( 0.000000000000000000, 0.000000000000000000, 3.000000000000000000 ) ) ;
#961 = DIRECTION ( 'NONE',  ( -0.000000000000000000, -0.000000000000000000, 1.000000000000000000 ) ) ;
#962 = ADVANCED_FACE ( 'NONE', ( #1653 ), #846, .F. ) ;
#963 = VERTEX_POINT ( 'NONE', #600 ) ;
#964 = PLANE ( 'NONE',  #1737 ) ;
#965 = EDGE_CURVE ( 'NONE', #676, #1046, #64, .T. ) ;
#966 = ORIENTED_EDGE ( 'NONE', *, *, #333, .T. ) ;
#967 = CARTESIAN_POINT ( 'NONE',  ( 13.19999999999999929, 18.09999999999999787, 2.000000000000000000 ) ) ;
#968 = DIRECTION ( 'NONE',  ( -0.000000000000000000, 1.000000000000000000, -0.000000000000000000 ) ) ;
#969 = VECTOR ( 'NONE', #714, 1000.000000000000000 ) ;
#970 = CARTESIAN_POINT ( 'NONE',  ( 11.95000000000000107, 18.09999999999999787, 0.000000000000000000 ) ) ;
#971 = DIRECTION ( 'NONE',  ( 1.000000000000000000, -0.000000000000000000, 0.000000000000000000 ) ) ;
#972 = CARTESIAN_POINT ( 'NONE',  ( 10.99999999999999289, 27.19999999999999929, 7.000000000000000888 ) ) ;
#973 = VERTEX_POINT ( 'NONE', #732 ) ;
#974 = FACE_OUTER_BOUND ( 'NONE', #738, .T. ) ;
#975 = VECTOR ( 'NONE', #478, 1000.000000000000000 ) ;
#976 = CARTESIAN_POINT ( 'NONE',  ( -4.999999999999997335, -23.19999999999999929, 3.000000000000000000 ) ) ;
#977 = CARTESIAN_POINT ( 'NONE',  ( 0.000000000000000000, -17.50000000000000355, 3.000000000000000000 ) ) ;
#978 = DIRECTION ( 'NONE',  ( -1.476360405086644309E-16, 1.000000000000000000, 0.000000000000000000 ) ) ;
#979 = VERTEX_POINT ( 'NONE', #1269 ) ;
#980 = AXIS2_PLACEMENT_3D ( 'NONE', #26, #423, #129 ) ;
#981 = DIRECTION ( 'NONE',  ( -0.000000000000000000, 0.000000000000000000, 1.000000000000000000 ) ) ;
#982 = VECTOR ( 'NONE', #935, 1000.000000000000000 ) ;
#983 = EDGE_CURVE ( 'NONE', #398, #1411, #609, .T. ) ;
#984 = DIRECTION ( 'NONE',  ( 0.000000000000000000, 0.000000000000000000, 1.000000000000000000 ) ) ;
#985 = CARTESIAN_POINT ( 'NONE',  ( 13.19999999999999929, 18.09999999999999787, 2.000000000000000000 ) ) ;
#986 = DIRECTION ( 'NONE',  ( 0.000000000000000000, 0.000000000000000000, -1.000000000000000000 ) ) ;
#987 = VECTOR ( 'NONE', #1388, 1000.000000000000000 ) ;
#988 = EDGE_LOOP ( 'NONE', ( #492, #1360, #930, #758 ) ) ;
#989 = DIRECTION ( 'NONE',  ( -1.000000000000000000, 0.000000000000000000, -0.000000000000000000 ) ) ;
#990 = VERTEX_POINT ( 'NONE', #353 ) ;
#991 = CARTESIAN_POINT ( 'NONE',  ( 0.4999999999999987232, -23.00100000000000122, 7.000000000000000888 ) ) ;
#992 = ORIENTED_EDGE ( 'NONE', *, *, #401, .T. ) ;
#993 = CARTESIAN_POINT ( 'NONE',  ( -14.99999999999999822, -20.00000000000000000, 9.000000000000001776 ) ) ;
#994 = CARTESIAN_POINT ( 'NONE',  ( 0.000000000000000000, -17.50000000000000711, -0.5000000000000000000 ) ) ;
#995 = VERTEX_POINT ( 'NONE', #1304 ) ;
#996 = CARTESIAN_POINT ( 'NONE',  ( 24.99999999999999645, -17.50000000000000711, 3.000000000000000000 ) ) ;
#997 = EDGE_CURVE ( 'NONE', #1411, #348, #1295, .T. ) ;
#998 = ORIENTED_EDGE ( 'NONE', *, *, #1146, .T. ) ;
#999 = CARTESIAN_POINT ( 'NONE',  ( -10.00000000000000178, -23.00100000000000122, 7.000000000000000888 ) ) ;
#1000 = ORIENTED_EDGE ( 'NONE', *, *, #297, .T. ) ;
#1001 = CARTESIAN_POINT ( 'NONE',  ( 11.00000000000000000, -20.19999999999999929, 8.150000000000000355 ) ) ;
#1002 = DIRECTION ( 'NONE',  ( 0.000000000000000000, 0.000000000000000000, -1.000000000000000000 ) ) ;
#1003 = EDGE_LOOP ( 'NONE', ( #656, #361 ) ) ;
#1004 = VECTOR ( 'NONE', #1585, 1000.000000000000000 ) ;
#1005 = ORIENTED_EDGE ( 'NONE', *, *, #291, .T. ) ;
#1006 = AXIS2_PLACEMENT_3D ( 'NONE', #345, #890, #210 ) ;
#1007 = FACE_BOUND ( 'NONE', #76, .T. ) ;
#1008 = EDGE_CURVE ( 'NONE', #1167, #377, #899, .T. ) ;
#1009 = AXIS2_PLACEMENT_3D ( 'NONE', #411, #100, #1721 ) ;
#1010 = LINE ( 'NONE', #199, #1630 ) ;
#1011 =( GEOMETRIC_REPRESENTATION_CONTEXT ( 3 ) GLOBAL_UNCERTAINTY_ASSIGNED_CONTEXT ( ( #349 ) ) GLOBAL_UNIT_ASSIGNED_CONTEXT ( ( #1367, #1491, #699 ) ) REPRESENTATION_CONTEXT ( 'NONE', 'WORKASPACE' ) );
#1012 = ORIENTED_EDGE ( 'NONE', *, *, #1223, .F. ) ;
#1013 = DIRECTION ( 'NONE',  ( 0.000000000000000000, 0.000000000000000000, -1.000000000000000000 ) ) ;
#1014 = ADVANCED_FACE ( 'NONE', ( #1723 ), #619, .F. ) ;
#1015 = AXIS2_PLACEMENT_3D ( 'NONE', #1472, #522, #1340 ) ;
#1016 = EDGE_LOOP ( 'NONE', ( #1702, #457, #889, #479 ) ) ;
#1017 = LINE ( 'NONE', #1524, #11 ) ;
#1018 = EDGE_LOOP ( 'NONE', ( #71, #78 ) ) ;
#1019 = CARTESIAN_POINT ( 'NONE',  ( 14.99999999999999645, 0.000000000000000000, 3.000000000000000000 ) ) ;
#1020 = CYLINDRICAL_SURFACE ( 'NONE', #872, 1.249999999999999334 ) ;
#1021 = ORIENTED_EDGE ( 'NONE', *, *, #812, .F. ) ;
#1022 = FACE_OUTER_BOUND ( 'NONE', #471, .T. ) ;
#1023 = ORIENTED_EDGE ( 'NONE', *, *, #159, .F. ) ;
#1024 = CYLINDRICAL_SURFACE ( 'NONE', #1680, 1.249999999999999334 ) ;
#1025 = ORIENTED_EDGE ( 'NONE', *, *, #775, .F. ) ;
#1026 = UNCERTAINTY_MEASURE_WITH_UNIT (LENGTH_MEASURE( 1.000000000000000082E-05 ), #1149, 'distance_accuracy_value', 'NONE');
#1027 = FACE_OUTER_BOUND ( 'NONE', #355, .T. ) ;
#1028 = LINE ( 'NONE', #1544, #1241 ) ;
#1029 = ORIENTED_EDGE ( 'NONE', *, *, #335, .F. ) ;
#1030 = DIRECTION ( 'NONE',  ( 1.379491463273391291E-48, -1.232595164407830946E-32, -1.000000000000000000 ) ) ;
#1031 = EDGE_CURVE ( 'NONE', #637, #392, #67, .T. ) ;
#1032 = ORIENTED_EDGE ( 'NONE', *, *, #561, .T. ) ;
#1033 = PLANE ( 'NONE',  #1565 ) ;
#1034 = VERTEX_POINT ( 'NONE', #1192 ) ;
#1035 = VECTOR ( 'NONE', #1648, 1000.000000000000000 ) ;
#1036 = FACE_OUTER_BOUND ( 'NONE', #499, .T. ) ;
#1037 = ADVANCED_FACE ( 'NONE', ( #1185 ), #1058, .F. ) ;
#1038 = VECTOR ( 'NONE', #971, 1000.000000000000000 ) ;
#1039 = ADVANCED_FACE ( 'NONE', ( #1329 ), #85, .F. ) ;
#1040 = EDGE_CURVE ( 'NONE', #463, #747, #915, .T. ) ;
#1041 = VECTOR ( 'NONE', #1550, 1000.000000000000000 ) ;
#1042 = ORIENTED_EDGE ( 'NONE', *, *, #1434, .T. ) ;
#1043 = LINE ( 'NONE', #1572, #1123 ) ;
#1044 = VECTOR ( 'NONE', #307, 1000.000000000000000 ) ;
#1045 = DIRECTION ( 'NONE',  ( -0.000000000000000000, 1.000000000000000000, -0.000000000000000000 ) ) ;
#1046 = VERTEX_POINT ( 'NONE', #1425 ) ;
#1047 = CARTESIAN_POINT ( 'NONE',  ( -9.999999999999998224, -20.19999999999999929, 8.150000000000000355 ) ) ;
#1048 = ORIENTED_EDGE ( 'NONE', *, *, #200, .T. ) ;
#1049 = DIRECTION ( 'NONE',  ( -0.000000000000000000, 0.000000000000000000, -1.000000000000000000 ) ) ;
#1050 = ORIENTED_EDGE ( 'NONE', *, *, #1240, .T. ) ;
#1051 = DIRECTION ( 'NONE',  ( -1.000000000000000000, 0.000000000000000000, 0.000000000000000000 ) ) ;
#1052 = EDGE_LOOP ( 'NONE', ( #1229, #318, #687, #320 ) ) ;
#1053 = DIRECTION ( 'NONE',  ( 1.136998822792451151E-16, -1.000000000000000000, 1.232595164407830946E-32 ) ) ;
#1054 = ORIENTED_EDGE ( 'NONE', *, *, #366, .T. ) ;
#1055 = PLANE ( 'NONE',  #1683 ) ;
#1056 = ADVANCED_FACE ( 'NONE', ( #239 ), #1703, .F. ) ;
#1057 = ORIENTED_EDGE ( 'NONE', *, *, #721, .T. ) ;
#1058 = PLANE ( 'NONE',  #1403 ) ;
#1059 = ORIENTED_EDGE ( 'NONE', *, *, #1223, .T. ) ;
#1060 = CARTESIAN_POINT ( 'NONE',  ( 0.000000000000000000, 0.000000000000000000, -0.5000000000000000000 ) ) ;
#1061 = ORIENTED_EDGE ( 'NONE', *, *, #475, .F. ) ;
#1062 = CARTESIAN_POINT ( 'NONE',  ( -15.00000000000000355, 27.00000000000000000, 3.000000000000000000 ) ) ;
#1063 = DIRECTION ( 'NONE',  ( 1.000000000000000000, 0.000000000000000000, 0.000000000000000000 ) ) ;
#1064 = STYLED_ITEM ( 'NONE', ( #1141 ), #603 ) ;
#1065 = EDGE_LOOP ( 'NONE', ( #1731, #94 ) ) ;
#1066 = DIRECTION ( 'NONE',  ( -0.000000000000000000, 1.000000000000000000, -0.000000000000000000 ) ) ;
#1067 = VECTOR ( 'NONE', #770, 1000.000000000000000 ) ;
#1068 = VERTEX_POINT ( 'NONE', #378 ) ;
#1069 = AXIS2_PLACEMENT_3D ( 'NONE', #1520, #568, #1644 ) ;
#1070 = CYLINDRICAL_SURFACE ( 'NONE', #806, 1.249999999999999334 ) ;
#1071 = EDGE_CURVE ( 'NONE', #651, #963, #1043, .T. ) ;
#1072 = VERTEX_POINT ( 'NONE', #657 ) ;
#1073 = DIRECTION ( 'NONE',  ( -0.000000000000000000, 1.000000000000000000, -0.000000000000000000 ) ) ;
#1074 = VECTOR ( 'NONE', #1534, 1000.000000000000000 ) ;
#1075 = DIRECTION ( 'NONE',  ( 1.136998822792451151E-16, -1.000000000000000000, 1.232595164407830946E-32 ) ) ;
#1076 = ORIENTED_EDGE ( 'NONE', *, *, #191, .F. ) ;
#1077 = DIRECTION ( 'NONE',  ( 1.000000000000000000, 0.000000000000000000, 0.000000000000000000 ) ) ;
#1078 = LINE ( 'NONE', #828, #1624 ) ;
#1079 = VERTEX_POINT ( 'NONE', #370 ) ;
#1080 = LINE ( 'NONE', #1489, #1035 ) ;
#1081 = DIRECTION ( 'NONE',  ( -0.000000000000000000, -1.000000000000000000, 0.000000000000000000 ) ) ;
#1082 = EDGE_LOOP ( 'NONE', ( #807, #648, #1165, #526 ) ) ;
#1083 = CARTESIAN_POINT ( 'NONE',  ( 24.99999999999999289, 24.50000000000000000, 3.000000000000000000 ) ) ;
#1084 = VERTEX_POINT ( 'NONE', #362 ) ;
#1085 = DIRECTION ( 'NONE',  ( -0.000000000000000000, -0.000000000000000000, 1.000000000000000000 ) ) ;
#1086 = EDGE_CURVE ( 'NONE', #468, #1270, #780, .T. ) ;
#1087 = ORIENTED_EDGE ( 'NONE', *, *, #1170, .T. ) ;
#1088 = DIRECTION ( 'NONE',  ( 1.000000000000000000, 0.000000000000000000, 0.000000000000000000 ) ) ;
#1089 = DIRECTION ( 'NONE',  ( -0.000000000000000000, -0.000000000000000000, -1.000000000000000000 ) ) ;
#1090 = ADVANCED_FACE ( 'NONE', ( #908 ), #649, .F. ) ;
#1091 = VERTEX_POINT ( 'NONE', #231 ) ;
#1092 = ADVANCED_FACE ( 'NONE', ( #509, #1022, #1311 ), #1553, .T. ) ;
#1093 = CARTESIAN_POINT ( 'NONE',  ( -1.214306433183765597E-14, 24.50000000000000711, 3.000000000000000000 ) ) ;
#1094 = AXIS2_PLACEMENT_3D ( 'NONE', #1060, #1464, #652 ) ;
#1095 = FACE_BOUND ( 'NONE', #554, .T. ) ;
#1096 = AXIS2_PLACEMENT_3D ( 'NONE', #1673, #1158, #328 ) ;
#1097 = EDGE_CURVE ( 'NONE', #1639, #488, #1697, .T. ) ;
#1098 = AXIS2_PLACEMENT_3D ( 'NONE', #1111, #1382, #310 ) ;
#1099 = ORIENTED_EDGE ( 'NONE', *, *, #1257, .F. ) ;
#1100 = DIRECTION ( 'NONE',  ( -0.000000000000000000, -0.000000000000000000, 1.000000000000000000 ) ) ;
#1101 = CARTESIAN_POINT ( 'NONE',  ( -27.99999999999999645, -3.809588809988282123E-15, 3.000000000000000000 ) ) ;
#1102 = ORIENTED_EDGE ( 'NONE', *, *, #1528, .F. ) ;
#1103 = DIRECTION ( 'NONE',  ( 1.107270303814983294E-16, -1.000000000000000000, 0.000000000000000000 ) ) ;
#1104 = LINE ( 'NONE', #1638, #519 ) ;
#1105 = PRODUCT ( 'tracker\X2\4e0b534a9762\X0\', 'tracker\X2\4e0b534a9762\X0\', '', ( #1256 ) ) ;
#1106 = ORIENTED_EDGE ( 'NONE', *, *, #475, .T. ) ;
#1107 = DIRECTION ( 'NONE',  ( -8.260587980841936314E-17, 1.000000000000000000, 0.000000000000000000 ) ) ;
#1108 = CYLINDRICAL_SURFACE ( 'NONE', #612, 1.149999999999999911 ) ;
#1109 = ADVANCED_FACE ( 'NONE', ( #1742 ), #265, .T. ) ;
#1110 = LINE ( 'NONE', #970, #786 ) ;
#1111 = CARTESIAN_POINT ( 'NONE',  ( 10.99999999999999289, 30.19999999999999929, 7.000000000000000888 ) ) ;
#1112 = LINE ( 'NONE', #1503, #1536 ) ;
#1113 = ORIENTED_EDGE ( 'NONE', *, *, #177, .T. ) ;
#1114 = FACE_OUTER_BOUND ( 'NONE', #424, .T. ) ;
#1115 = EDGE_CURVE ( 'NONE', #147, #933, #151, .T. ) ;
#1116 = CARTESIAN_POINT ( 'NONE',  ( 0.000000000000000000, -23.19999999999999929, 9.000000000000001776 ) ) ;
#1117 = DIRECTION ( 'NONE',  ( 0.000000000000000000, 0.000000000000000000, -1.000000000000000000 ) ) ;
#1118 = PLANE ( 'NONE',  #1406 ) ;
#1119 = ORIENTED_EDGE ( 'NONE', *, *, #681, .T. ) ;
#1120 = DIRECTION ( 'NONE',  ( -0.000000000000000000, 1.000000000000000000, -0.000000000000000000 ) ) ;
#1121 = CIRCLE ( 'NONE', #180, 1.149999999999999911 ) ;
#1122 = ORIENTED_EDGE ( 'NONE', *, *, #831, .T. ) ;
#1123 = VECTOR ( 'NONE', #1051, 1000.000000000000000 ) ;
#1124 = DIRECTION ( 'NONE',  ( -0.000000000000000000, -1.000000000000000000, 0.000000000000000000 ) ) ;
#1125 = EDGE_CURVE ( 'NONE', #1504, #1575, #527, .T. ) ;
#1126 = DIRECTION ( 'NONE',  ( -0.000000000000000000, -0.000000000000000000, 1.000000000000000000 ) ) ;
#1127 = VERTEX_POINT ( 'NONE', #127 ) ;
#1128 = CARTESIAN_POINT ( 'NONE',  ( 10.99999999999999289, -23.00100000000000122, 5.850000000000001421 ) ) ;
#1129 = VECTOR ( 'NONE', #941, 1000.000000000000000 ) ;
#1130 = PLANE ( 'NONE',  #1159 ) ;
#1131 = PLANE ( 'NONE',  #669 ) ;
#1132 = FACE_OUTER_BOUND ( 'NONE', #63, .T. ) ;
#1133 = ORIENTED_EDGE ( 'NONE', *, *, #548, .T. ) ;
#1134 = CARTESIAN_POINT ( 'NONE',  ( 18.00000000000000355, -17.50000000000000711, -0.5000000000000000000 ) ) ;
#1135 = DIRECTION ( 'NONE',  ( 0.000000000000000000, 0.000000000000000000, 1.000000000000000000 ) ) ;
#1136 = FACE_OUTER_BOUND ( 'NONE', #1276, .T. ) ;
#1137 = DIRECTION ( 'NONE',  ( 1.379491463273391291E-48, -1.232595164407830946E-32, -1.000000000000000000 ) ) ;
#1138 = ORIENTED_EDGE ( 'NONE', *, *, #15, .F. ) ;
#1139 = FACE_OUTER_BOUND ( 'NONE', #922, .T. ) ;
#1140 = EDGE_LOOP ( 'NONE', ( #966, #792, #194, #128 ) ) ;
#1141 = PRESENTATION_STYLE_ASSIGNMENT (( #742 ) ) ;
#1142 = EDGE_CURVE ( 'NONE', #1554, #1322, #1566, .T. ) ;
#1143 = PLANE ( 'NONE',  #493 ) ;
#1144 = DIRECTION ( 'NONE',  ( 1.000000000000000000, 0.000000000000000000, 0.000000000000000000 ) ) ;
#1145 = EDGE_CURVE ( 'NONE', #973, #747, #275, .T. ) ;
#1146 = EDGE_CURVE ( 'NONE', #1084, #1724, #390, .T. ) ;
#1147 = DIRECTION ( 'NONE',  ( -0.000000000000000000, -0.000000000000000000, 1.000000000000000000 ) ) ;
#1148 = ORIENTED_EDGE ( 'NONE', *, *, #141, .T. ) ;
#1149 =( LENGTH_UNIT ( ) NAMED_UNIT ( * ) SI_UNIT ( .MILLI., .METRE. ) );
#1150 = EDGE_CURVE ( 'NONE', #1084, #1461, #1636, .T. ) ;
#1151 = AXIS2_PLACEMENT_3D ( 'NONE', #840, #1376, #332 ) ;
#1152 = ORIENTED_EDGE ( 'NONE', *, *, #804, .F. ) ;
#1153 = CIRCLE ( 'NONE', #410, 1.249999999999999334 ) ;
#1154 = DIRECTION ( 'NONE',  ( 0.000000000000000000, 0.000000000000000000, -1.000000000000000000 ) ) ;
#1155 = VECTOR ( 'NONE', #1457, 1000.000000000000000 ) ;
#1156 = CARTESIAN_POINT ( 'NONE',  ( 11.00000000000000000, -23.19999999999999929, 5.850000000000001421 ) ) ;
#1157 = ORIENTED_EDGE ( 'NONE', *, *, #1384, .F. ) ;
#1158 = DIRECTION ( 'NONE',  ( 0.000000000000000000, 1.000000000000000000, -0.000000000000000000 ) ) ;
#1159 = AXIS2_PLACEMENT_3D ( 'NONE', #1250, #29, #1144 ) ;
#1160 = VERTEX_POINT ( 'NONE', #675 ) ;
#1161 = CARTESIAN_POINT ( 'NONE',  ( 2.296381174307183540E-15, -20.19999999999999929, 2.000000000000000000 ) ) ;
#1162 = EDGE_LOOP ( 'NONE', ( #1157, #334, #1184, #316 ) ) ;
#1163 = LINE ( 'NONE', #1694, #1486 ) ;
#1164 = FACE_OUTER_BOUND ( 'NONE', #1174, .T. ) ;
#1165 = ORIENTED_EDGE ( 'NONE', *, *, #1348, .T. ) ;
#1166 = CARTESIAN_POINT ( 'NONE',  ( 12.90000000000000036, -17.30000000000000071, 0.000000000000000000 ) ) ;
#1167 = VERTEX_POINT ( 'NONE', #1344 ) ;
#1168 = DIRECTION ( 'NONE',  ( 1.136998822792451151E-16, -1.000000000000000000, 1.232595164407830946E-32 ) ) ;
#1169 = EDGE_CURVE ( 'NONE', #608, #601, #692, .T. ) ;
#1170 = EDGE_CURVE ( 'NONE', #790, #1306, #797, .T. ) ;
#1171 = VERTEX_POINT ( 'NONE', #1217 ) ;
#1172 = LINE ( 'NONE', #1700, #1568 ) ;
#1173 = DIRECTION ( 'NONE',  ( -0.000000000000000000, -0.000000000000000000, 1.000000000000000000 ) ) ;
#1174 = EDGE_LOOP ( 'NONE', ( #827, #1191, #512, #538 ) ) ;
#1175 = CARTESIAN_POINT ( 'NONE',  ( -16.99999999999999645, -2.312964634635742661E-15, 3.000000000000000000 ) ) ;
#1176 = ORIENTED_EDGE ( 'NONE', *, *, #1733, .T. ) ;
#1177 = DIRECTION ( 'NONE',  ( -0.000000000000000000, 1.000000000000000000, -0.000000000000000000 ) ) ;
#1178 = ORIENTED_EDGE ( 'NONE', *, *, #1475, .F. ) ;
#1179 = AXIS2_PLACEMENT_3D ( 'NONE', #1576, #511, #1591 ) ;
#1180 = LINE ( 'NONE', #498, #729 ) ;
#1181 = VECTOR ( 'NONE', #978, 1000.000000000000000 ) ;
#1182 = AXIS2_PLACEMENT_3D ( 'NONE', #124, #106, #959 ) ;
#1183 = EDGE_CURVE ( 'NONE', #1750, #1575, #1617, .T. ) ;
#1184 = ORIENTED_EDGE ( 'NONE', *, *, #965, .T. ) ;
#1185 = FACE_OUTER_BOUND ( 'NONE', #367, .T. ) ;
#1186 = ORIENTED_EDGE ( 'NONE', *, *, #453, .T. ) ;
#1187 = FACE_BOUND ( 'NONE', #947, .T. ) ;
#1188 = EDGE_CURVE ( 'NONE', #126, #670, #490, .T. ) ;
#1189 = ORIENTED_EDGE ( 'NONE', *, *, #1380, .T. ) ;
#1190 = CARTESIAN_POINT ( 'NONE',  ( -16.99999999999999645, -2.312964634635742661E-15, 3.000000000000000000 ) ) ;
#1191 = ORIENTED_EDGE ( 'NONE', *, *, #909, .T. ) ;
#1192 = CARTESIAN_POINT ( 'NONE',  ( 10.99999999999999289, 27.19999999999999929, 8.150000000000000355 ) ) ;
#1193 = EDGE_LOOP ( 'NONE', ( #8, #137, #898, #235 ) ) ;
#1194 = DIRECTION ( 'NONE',  ( -6.802837160693361638E-17, 1.000000000000000000, 0.000000000000000000 ) ) ;
#1195 = CIRCLE ( 'NONE', #1650, 1.249999999999999334 ) ;
#1196 = EDGE_LOOP ( 'NONE', ( #1385, #1363 ) ) ;
#1197 = DIRECTION ( 'NONE',  ( -1.000000000000000000, 0.000000000000000000, 0.000000000000000000 ) ) ;
#1198 = FACE_OUTER_BOUND ( 'NONE', #735, .T. ) ;
#1199 = PRODUCT_RELATED_PRODUCT_CATEGORY ( 'part', '', ( #1105 ) ) ;
#1200 = DIRECTION ( 'NONE',  ( -0.000000000000000000, -0.000000000000000000, 1.000000000000000000 ) ) ;
#1201 = AXIS2_PLACEMENT_3D ( 'NONE', #1559, #895, #1466 ) ;
#1202 = CARTESIAN_POINT ( 'NONE',  ( -10.95000000000000284, 18.30000000000000071, -0.5000000000000000000 ) ) ;
#1203 = ORIENTED_EDGE ( 'NONE', *, *, #1618, .F. ) ;
#1204 = EDGE_CURVE ( 'NONE', #147, #963, #1369, .T. ) ;
#1205 = CARTESIAN_POINT ( 'NONE',  ( 28.99999999999999289, 30.19999999999999929, 0.000000000000000000 ) ) ;
#1206 = CARTESIAN_POINT ( 'NONE',  ( -17.00000000000000000, 24.50000000000000000, 3.000000000000000000 ) ) ;
#1207 = VECTOR ( 'NONE', #759, 1000.000000000000000 ) ;
#1208 = VERTEX_POINT ( 'NONE', #1083 ) ;
#1209 = DIRECTION ( 'NONE',  ( -1.000000000000000000, -4.956352788505164254E-16, 0.000000000000000000 ) ) ;
#1210 = VECTOR ( 'NONE', #1312, 1000.000000000000000 ) ;
#1211 = DIRECTION ( 'NONE',  ( -0.000000000000000000, 1.000000000000000000, -0.000000000000000000 ) ) ;
#1212 = CARTESIAN_POINT ( 'NONE',  ( 28.99999999999999645, -23.19999999999999929, 3.000000000000000000 ) ) ;
#1213 = ORIENTED_EDGE ( 'NONE', *, *, #159, .T. ) ;
#1214 = CARTESIAN_POINT ( 'NONE',  ( -11.90000000000000213, -17.30000000000000071, 0.000000000000000000 ) ) ;
#1215 = DIRECTION ( 'NONE',  ( -1.000000000000000000, 0.000000000000000000, 0.000000000000000000 ) ) ;
#1216 = LINE ( 'NONE', #535, #156 ) ;
#1217 = CARTESIAN_POINT ( 'NONE',  ( -10.00000000000000178, 30.19999999999999929, 5.850000000000001421 ) ) ;
#1218 = EDGE_CURVE ( 'NONE', #455, #1684, #869, .T. ) ;
#1219 = ORIENTED_EDGE ( 'NONE', *, *, #1396, .T. ) ;
#1220 = CARTESIAN_POINT ( 'NONE',  ( -15.00000000000000355, 27.00000000000000000, 2.000000000000000000 ) ) ;
#1221 = ORIENTED_EDGE ( 'NONE', *, *, #1071, .T. ) ;
#1222 = CARTESIAN_POINT ( 'NONE',  ( 16.00000000000000000, -20.19999999999999574, 2.999999999999999112 ) ) ;
#1223 = EDGE_CURVE ( 'NONE', #463, #910, #1485, .T. ) ;
#1224 = CARTESIAN_POINT ( 'NONE',  ( 15.99999999999999289, 30.19999999999999929, 0.000000000000000000 ) ) ;
#1225 = ADVANCED_FACE ( 'NONE', ( #542 ), #1227, .F. ) ;
#1226 = PLANE ( 'NONE',  #1349 ) ;
#1227 = PLANE ( 'NONE',  #1596 ) ;
#1228 = DIRECTION ( 'NONE',  ( -0.000000000000000000, -0.000000000000000000, -1.000000000000000000 ) ) ;
#1229 = ORIENTED_EDGE ( 'NONE', *, *, #865, .F. ) ;
#1230 = DIRECTION ( 'NONE',  ( 0.000000000000000000, 0.000000000000000000, 1.000000000000000000 ) ) ;
#1231 = DIRECTION ( 'NONE',  ( -1.000000000000000000, 0.000000000000000000, 0.000000000000000000 ) ) ;
#1232 = LINE ( 'NONE', #1616, #1129 ) ;
#1233 = DIRECTION ( 'NONE',  ( 0.000000000000000000, 0.000000000000000000, -1.000000000000000000 ) ) ;
#1234 = CIRCLE ( 'NONE', #1286, 1.149999999999999911 ) ;
#1235 = DIRECTION ( 'NONE',  ( 1.360567432138672328E-16, -1.000000000000000000, 0.000000000000000000 ) ) ;
#1236 = VECTOR ( 'NONE', #1066, 1000.000000000000000 ) ;
#1237 = VECTOR ( 'NONE', #1211, 1000.000000000000000 ) ;
#1238 = ORIENTED_EDGE ( 'NONE', *, *, #768, .F. ) ;
#1239 = CYLINDRICAL_SURFACE ( 'NONE', #864, 1.149999999999999911 ) ;
#1240 = EDGE_CURVE ( 'NONE', #1571, #476, #665, .T. ) ;
#1241 = VECTOR ( 'NONE', #343, 1000.000000000000000 ) ;
#1242 = CARTESIAN_POINT ( 'NONE',  ( 12.90000000000000036, -17.30000000000000071, -0.5000000000000000000 ) ) ;
#1243 = CARTESIAN_POINT ( 'NONE',  ( -28.00000000000000000, 30.19999999999999929, 0.000000000000000000 ) ) ;
#1244 = DIRECTION ( 'NONE',  ( -0.000000000000000000, -0.000000000000000000, 1.000000000000000000 ) ) ;
#1245 = CARTESIAN_POINT ( 'NONE',  ( 18.00000000000000000, 2.449021377849609992E-15, 3.000000000000000000 ) ) ;
#1246 = ORIENTED_EDGE ( 'NONE', *, *, #12, .F. ) ;
#1247 = CARTESIAN_POINT ( 'NONE',  ( 2.296381174307183540E-15, -20.19999999999999929, 3.000000000000000000 ) ) ;
#1248 = ORIENTED_EDGE ( 'NONE', *, *, #83, .T. ) ;
#1249 = DIRECTION ( 'NONE',  ( 0.000000000000000000, 0.000000000000000000, 1.000000000000000000 ) ) ;
#1250 = CARTESIAN_POINT ( 'NONE',  ( 0.000000000000000000, 0.000000000000000000, 3.000000000000000000 ) ) ;
#1251 = DIRECTION ( 'NONE',  ( 0.000000000000000000, 0.000000000000000000, -1.000000000000000000 ) ) ;
#1252 = EDGE_CURVE ( 'NONE', #621, #1398, #152, .T. ) ;
#1253 = PLANE ( 'NONE',  #1652 ) ;
#1254 = ORIENTED_EDGE ( 'NONE', *, *, #1448, .F. ) ;
#1255 = CARTESIAN_POINT ( 'NONE',  ( -17.00000000000000000, 24.50000000000000000, -0.5000000000000000000 ) ) ;
#1256 = PRODUCT_CONTEXT ( 'NONE', #688, 'mechanical' ) ;
#1257 = EDGE_CURVE ( 'NONE', #747, #488, #283, .T. ) ;
#1258 = ORIENTED_EDGE ( 'NONE', *, *, #775, .T. ) ;
#1259 = DIRECTION ( 'NONE',  ( -0.000000000000000000, -0.000000000000000000, 1.000000000000000000 ) ) ;
#1260 = CARTESIAN_POINT ( 'NONE',  ( -23.99999999999999289, -17.50000000000000355, 3.000000000000000000 ) ) ;
#1261 = DIRECTION ( 'NONE',  ( 0.000000000000000000, 0.000000000000000000, 1.000000000000000000 ) ) ;
#1262 = AXIS2_PLACEMENT_3D ( 'NONE', #697, #432, #158 ) ;
#1263 = EDGE_LOOP ( 'NONE', ( #14, #66, #1324, #1213, #1356, #926 ) ) ;
#1264 = DIRECTION ( 'NONE',  ( -1.000000000000000000, 0.000000000000000000, 0.000000000000000000 ) ) ;
#1265 = AXIS2_PLACEMENT_3D ( 'NONE', #1432, #1274, #60 ) ;
#1266 = CYLINDRICAL_SURFACE ( 'NONE', #929, 1.149999999999999911 ) ;
#1267 = CARTESIAN_POINT ( 'NONE',  ( 16.00000000000000000, -20.19999999999999574, 2.465190328815661892E-31 ) ) ;
#1268 = ADVANCED_FACE ( 'NONE', ( #145 ), #1118, .T. ) ;
#1269 = CARTESIAN_POINT ( 'NONE',  ( 14.99999999999999645, 2.000000000000001776, -0.5000000000000000000 ) ) ;
#1270 = VERTEX_POINT ( 'NONE', #1651 ) ;
#1271 = DIRECTION ( 'NONE',  ( -0.000000000000000000, 1.000000000000000000, -0.000000000000000000 ) ) ;
#1272 = EDGE_CURVE ( 'NONE', #571, #1612, #1431, .T. ) ;
#1273 = ADVANCED_FACE ( 'NONE', ( #24 ), #845, .T. ) ;
#1274 = DIRECTION ( 'NONE',  ( -0.000000000000000000, -0.000000000000000000, 1.000000000000000000 ) ) ;
#1275 = LINE ( 'NONE', #1267, #1490 ) ;
#1276 = EDGE_LOOP ( 'NONE', ( #1138, #1203, #1718, #253 ) ) ;
#1277 = CARTESIAN_POINT ( 'NONE',  ( 14.99999999999999645, -1.399999999999998357, -0.5000000000000000000 ) ) ;
#1278 = ORIENTED_EDGE ( 'NONE', *, *, #753, .F. ) ;
#1279 =( NAMED_UNIT ( * ) SI_UNIT ( $, .STERADIAN. ) SOLID_ANGLE_UNIT ( ) );
#1280 = FACE_OUTER_BOUND ( 'NONE', #1263, .T. ) ;
#1281 = LINE ( 'NONE', #207, #313 ) ;
#1282 = ORIENTED_EDGE ( 'NONE', *, *, #1693, .T. ) ;
#1283 = LINE ( 'NONE', #874, #1513 ) ;
#1284 = EDGE_LOOP ( 'NONE', ( #1282, #592 ) ) ;
#1285 = CARTESIAN_POINT ( 'NONE',  ( 17.99999999999999645, 24.50000000000000000, -0.5000000000000000000 ) ) ;
#1286 = AXIS2_PLACEMENT_3D ( 'NONE', #1393, #68, #734 ) ;
#1287 = VECTOR ( 'NONE', #1366, 1000.000000000000000 ) ;
#1288 = VERTEX_POINT ( 'NONE', #1260 ) ;
#1289 = VECTOR ( 'NONE', #1753, 1000.000000000000000 ) ;
#1290 = LINE ( 'NONE', #1447, #577 ) ;
#1291 = VECTOR ( 'NONE', #951, 1000.000000000000000 ) ;
#1292 = FACE_OUTER_BOUND ( 'NONE', #582, .T. ) ;
#1293 = VECTOR ( 'NONE', #1593, 1000.000000000000000 ) ;
#1294 = ORIENTED_EDGE ( 'NONE', *, *, #1257, .T. ) ;
#1295 = LINE ( 'NONE', #1436, #549 ) ;
#1296 = VECTOR ( 'NONE', #437, 1000.000000000000000 ) ;
#1297 = EDGE_CURVE ( 'NONE', #653, #1127, #1318, .T. ) ;
#1298 = ORIENTED_EDGE ( 'NONE', *, *, #548, .F. ) ;
#1299 = FACE_OUTER_BOUND ( 'NONE', #760, .T. ) ;
#1300 = VERTEX_POINT ( 'NONE', #428 ) ;
#1301 = DIRECTION ( 'NONE',  ( -0.000000000000000000, 1.000000000000000000, -0.000000000000000000 ) ) ;
#1302 = DIRECTION ( 'NONE',  ( -0.000000000000000000, -0.000000000000000000, -1.000000000000000000 ) ) ;
#1303 = ORIENTED_EDGE ( 'NONE', *, *, #1453, .F. ) ;
#1304 = CARTESIAN_POINT ( 'NONE',  ( 14.14999999999999858, -17.30000000000000071, -0.5000000000000000000 ) ) ;
#1305 = EDGE_CURVE ( 'NONE', #910, #1072, #170, .T. ) ;
#1306 = VERTEX_POINT ( 'NONE', #719 ) ;
#1307 = CARTESIAN_POINT ( 'NONE',  ( 13.19999999999999929, 18.09999999999999787, 0.000000000000000000 ) ) ;
#1308 = ORIENTED_EDGE ( 'NONE', *, *, #1272, .F. ) ;
#1309 = CARTESIAN_POINT ( 'NONE',  ( 10.99999999999999289, 27.19999999999999929, 7.000000000000000888 ) ) ;
#1310 = ORIENTED_EDGE ( 'NONE', *, *, #1581, .T. ) ;
#1311 = FACE_BOUND ( 'NONE', #286, .T. ) ;
#1312 = DIRECTION ( 'NONE',  ( -1.000000000000000000, 0.000000000000000000, 0.000000000000000000 ) ) ;
#1313 = ORIENTED_EDGE ( 'NONE', *, *, #647, .T. ) ;
#1314 = DIRECTION ( 'NONE',  ( 1.000000000000000000, 0.000000000000000000, 0.000000000000000000 ) ) ;
#1315 = EDGE_LOOP ( 'NONE', ( #731, #1592, #919, #877 ) ) ;
#1316 = FACE_BOUND ( 'NONE', #906, .T. ) ;
#1317 = AXIS2_PLACEMENT_3D ( 'NONE', #1522, #1120, #1261 ) ;
#1318 = CIRCLE ( 'NONE', #1098, 1.149999999999999911 ) ;
#1319 = EDGE_LOOP ( 'NONE', ( #1392, #917, #188, #1531 ) ) ;
#1320 = CARTESIAN_POINT ( 'NONE',  ( 0.000000000000000000, 30.19999999999999929, 9.000000000000001776 ) ) ;
#1321 = ADVANCED_FACE ( 'NONE', ( #300 ), #1131, .F. ) ;
#1322 = VERTEX_POINT ( 'NONE', #710 ) ;
#1323 = PLANE ( 'NONE',  #1094 ) ;
#1324 = ORIENTED_EDGE ( 'NONE', *, *, #795, .F. ) ;
#1325 = PRODUCT_DEFINITION_CONTEXT ( 'detailed design', #654, 'design' ) ;
#1326 = FACE_OUTER_BOUND ( 'NONE', #86, .T. ) ;
#1327 = EDGE_CURVE ( 'NONE', #1079, #1171, #1740, .T. ) ;
#1328 = VERTEX_POINT ( 'NONE', #1743 ) ;
#1329 = FACE_OUTER_BOUND ( 'NONE', #615, .T. ) ;
#1330 = VERTEX_POINT ( 'NONE', #658 ) ;
#1331 = CARTESIAN_POINT ( 'NONE',  ( 10.99999999999999289, 30.19999999999999929, 8.150000000000000355 ) ) ;
#1332 = CIRCLE ( 'NONE', #623, 1.249999999999999334 ) ;
#1333 = VERTEX_POINT ( 'NONE', #1601 ) ;
#1334 = CARTESIAN_POINT ( 'NONE',  ( 15.99999999999999289, 30.00000000000000000, 3.000000000000000000 ) ) ;
#1335 = DIRECTION ( 'NONE',  ( 1.000000000000000000, 1.476360405086644309E-16, 0.000000000000000000 ) ) ;
#1336 = ORIENTED_EDGE ( 'NONE', *, *, #171, .F. ) ;
#1337 = DIRECTION ( 'NONE',  ( 0.000000000000000000, 0.000000000000000000, 1.000000000000000000 ) ) ;
#1338 = DIRECTION ( 'NONE',  ( -0.000000000000000000, -0.000000000000000000, -1.000000000000000000 ) ) ;
#1339 = EDGE_LOOP ( 'NONE', ( #785, #1496, #421, #862 ) ) ;
#1340 = DIRECTION ( 'NONE',  ( 0.000000000000000000, -0.000000000000000000, -1.000000000000000000 ) ) ;
#1341 = FACE_BOUND ( 'NONE', #130, .T. ) ;
#1342 = AXIS2_PLACEMENT_3D ( 'NONE', #972, #49, #42 ) ;
#1343 = ORIENTED_EDGE ( 'NONE', *, *, #1474, .T. ) ;
#1344 = CARTESIAN_POINT ( 'NONE',  ( 17.99999999999999645, 24.50000000000000000, 3.000000000000000000 ) ) ;
#1345 = AXIS2_PLACEMENT_3D ( 'NONE', #53, #360, #616 ) ;
#1346 = EDGE_CURVE ( 'NONE', #468, #608, #631, .T. ) ;
#1347 = CYLINDRICAL_SURFACE ( 'NONE', #980, 1.149999999999999911 ) ;
#1348 = EDGE_CURVE ( 'NONE', #1034, #653, #944, .T. ) ;
#1349 = AXIS2_PLACEMENT_3D ( 'NONE', #952, #1728, #389 ) ;
#1350 = EDGE_LOOP ( 'NONE', ( #1715, #59, #473, #1395 ) ) ;
#1351 = CARTESIAN_POINT ( 'NONE',  ( -13.45000000000000107, 18.30000000000000071, -0.5000000000000000000 ) ) ;
#1352 = LINE ( 'NONE', #1587, #17 ) ;
#1353 = EDGE_LOOP ( 'NONE', ( #1099, #228, #1025, #115 ) ) ;
#1354 = DIRECTION ( 'NONE',  ( 1.000000000000000000, 0.000000000000000000, 0.000000000000000000 ) ) ;
#1355 = FACE_BOUND ( 'NONE', #866, .T. ) ;
#1356 = ORIENTED_EDGE ( 'NONE', *, *, #1362, .F. ) ;
#1357 = DIRECTION ( 'NONE',  ( 0.000000000000000000, 0.000000000000000000, -1.000000000000000000 ) ) ;
#1358 = DIRECTION ( 'NONE',  ( -0.000000000000000000, 1.000000000000000000, -0.000000000000000000 ) ) ;
#1359 = EDGE_CURVE ( 'NONE', #1330, #1270, #363, .T. ) ;
#1360 = ORIENTED_EDGE ( 'NONE', *, *, #812, .T. ) ;
#1361 = DIRECTION ( 'NONE',  ( 1.379491463273391291E-48, -1.232595164407830946E-32, -1.000000000000000000 ) ) ;
#1362 = EDGE_CURVE ( 'NONE', #594, #903, #232, .T. ) ;
#1363 = ORIENTED_EDGE ( 'NONE', *, *, #646, .T. ) ;
#1364 = LINE ( 'NONE', #1487, #575 ) ;
#1365 = ORIENTED_EDGE ( 'NONE', *, *, #420, .F. ) ;
#1366 = DIRECTION ( 'NONE',  ( -0.000000000000000000, -0.000000000000000000, -1.000000000000000000 ) ) ;
#1367 =( LENGTH_UNIT ( ) NAMED_UNIT ( * ) SI_UNIT ( .MILLI., .METRE. ) );
#1368 = DIRECTION ( 'NONE',  ( -0.000000000000000000, -0.000000000000000000, 1.000000000000000000 ) ) ;
#1369 = LINE ( 'NONE', #818, #1707 ) ;
#1370 = AXIS2_PLACEMENT_3D ( 'NONE', #1621, #564, #1357 ) ;
#1371 = ORIENTED_EDGE ( 'NONE', *, *, #135, .T. ) ;
#1372 = LINE ( 'NONE', #1619, #1289 ) ;
#1373 = VECTOR ( 'NONE', #250, 1000.000000000000000 ) ;
#1374 = VECTOR ( 'NONE', #336, 1000.000000000000000 ) ;
#1375 = ORIENTED_EDGE ( 'NONE', *, *, #1115, .F. ) ;
#1376 = DIRECTION ( 'NONE',  ( 1.000000000000000000, 0.000000000000000000, -0.000000000000000000 ) ) ;
#1377 = VECTOR ( 'NONE', #426, 1000.000000000000000 ) ;
#1378 = CARTESIAN_POINT ( 'NONE',  ( 14.99999999999999645, 2.000000000000001776, 2.000000000000000000 ) ) ;
#1379 = VECTOR ( 'NONE', #1649, 1000.000000000000000 ) ;
#1380 = EDGE_CURVE ( 'NONE', #596, #507, #640, .T. ) ;
#1381 = CARTESIAN_POINT ( 'NONE',  ( -11.90000000000000213, -17.30000000000000071, -0.5000000000000000000 ) ) ;
#1382 = DIRECTION ( 'NONE',  ( -0.000000000000000000, -1.000000000000000000, 0.000000000000000000 ) ) ;
#1383 = DIRECTION ( 'NONE',  ( -0.000000000000000000, -0.000000000000000000, 1.000000000000000000 ) ) ;
#1384 = EDGE_CURVE ( 'NONE', #695, #664, #850, .T. ) ;
#1385 = ORIENTED_EDGE ( 'NONE', *, *, #1618, .T. ) ;
#1386 = CARTESIAN_POINT ( 'NONE',  ( -23.99999999999999289, -17.50000000000000355, 3.000000000000000000 ) ) ;
#1387 = DIRECTION ( 'NONE',  ( 1.000000000000000000, 0.000000000000000000, 0.000000000000000000 ) ) ;
#1388 = DIRECTION ( 'NONE',  ( 0.000000000000000000, 1.000000000000000000, 0.000000000000000000 ) ) ;
#1389 = DIRECTION ( 'NONE',  ( 0.000000000000000000, -0.000000000000000000, 1.000000000000000000 ) ) ;
#1390 = VERTEX_POINT ( 'NONE', #576 ) ;
#1391 = CARTESIAN_POINT ( 'NONE',  ( -14.99999999999999822, -20.00000000000000000, 3.000000000000000000 ) ) ;
#1392 = ORIENTED_EDGE ( 'NONE', *, *, #366, .F. ) ;
#1393 = CARTESIAN_POINT ( 'NONE',  ( 11.00000000000000000, -23.19999999999999929, 7.000000000000000888 ) ) ;
#1394 = DIRECTION ( 'NONE',  ( 1.000000000000000000, 1.360567432138672328E-16, -0.000000000000000000 ) ) ;
#1395 = ORIENTED_EDGE ( 'NONE', *, *, #1746, .F. ) ;
#1396 = EDGE_CURVE ( 'NONE', #990, #1504, #1409, .T. ) ;
#1397 = CARTESIAN_POINT ( 'NONE',  ( 15.99999999999999289, 27.19999999999999929, 0.000000000000000000 ) ) ;
#1398 = VERTEX_POINT ( 'NONE', #36 ) ;
#1399 = DIRECTION ( 'NONE',  ( 1.000000000000000000, 0.000000000000000000, 0.000000000000000000 ) ) ;
#1400 = AXIS2_PLACEMENT_3D ( 'NONE', #911, #1053, #1445 ) ;
#1401 = EDGE_CURVE ( 'NONE', #963, #1451, #708, .T. ) ;
#1402 = ORIENTED_EDGE ( 'NONE', *, *, #983, .T. ) ;
#1403 = AXIS2_PLACEMENT_3D ( 'NONE', #1175, #1716, #789 ) ;
#1404 = DIRECTION ( 'NONE',  ( -1.000000000000000000, -1.136998822792451151E-16, 0.000000000000000000 ) ) ;
#1405 = EDGE_CURVE ( 'NONE', #398, #1541, #1661, .T. ) ;
#1406 = AXIS2_PLACEMENT_3D ( 'NONE', #977, #560, #1389 ) ;
#1407 = ORIENTED_EDGE ( 'NONE', *, *, #34, .T. ) ;
#1408 = EDGE_CURVE ( 'NONE', #875, #1127, #1518, .T. ) ;
#1409 = LINE ( 'NONE', #1642, #436 ) ;
#1410 = CARTESIAN_POINT ( 'NONE',  ( -27.99999999999999645, -3.809588809988282123E-15, 3.000000000000000000 ) ) ;
#1411 = VERTEX_POINT ( 'NONE', #590 ) ;
#1412 = CYLINDRICAL_SURFACE ( 'NONE', #1458, 1.149999999999999911 ) ;
#1413 = ORIENTED_EDGE ( 'NONE', *, *, #1346, .F. ) ;
#1414 = CARTESIAN_POINT ( 'NONE',  ( -12.20000000000000284, 18.30000000000000071, 2.000000000000000000 ) ) ;
#1415 = DIRECTION ( 'NONE',  ( -8.260587980841936314E-17, 1.000000000000000000, 0.000000000000000000 ) ) ;
#1416 = PLANE ( 'NONE',  #1015 ) ;
#1417 = CARTESIAN_POINT ( 'NONE',  ( -12.20000000000000284, 18.30000000000000071, 0.000000000000000000 ) ) ;
#1418 = ORIENTED_EDGE ( 'NONE', *, *, #376, .F. ) ;
#1419 = CARTESIAN_POINT ( 'NONE',  ( 0.4999999999999988343, 27.19999999999999929, 5.850000000000001421 ) ) ;
#1420 = ORIENTED_EDGE ( 'NONE', *, *, #1071, .F. ) ;
#1421 = CARTESIAN_POINT ( 'NONE',  ( 11.59999999999999609, -1.399999999999998135, 2.000000000000000000 ) ) ;
#1422 = DIRECTION ( 'NONE',  ( -0.000000000000000000, -0.000000000000000000, 1.000000000000000000 ) ) ;
#1423 = ADVANCED_FACE ( 'NONE', ( #1136 ), #198, .F. ) ;
#1424 = ORIENTED_EDGE ( 'NONE', *, *, #611, .F. ) ;
#1425 = CARTESIAN_POINT ( 'NONE',  ( -9.999999999999998224, -23.19999999999999929, 5.850000000000001421 ) ) ;
#1426 = ORIENTED_EDGE ( 'NONE', *, *, #1675, .T. ) ;
#1427 = CARTESIAN_POINT ( 'NONE',  ( 10.99999999999999289, 30.19999999999999929, 7.000000000000000888 ) ) ;
#1428 = CIRCLE ( 'NONE', #636, 1.249999999999999334 ) ;
#1429 = VECTOR ( 'NONE', #805, 1000.000000000000000 ) ;
#1430 = EDGE_LOOP ( 'NONE', ( #1741, #1657, #1734, #25 ) ) ;
#1431 = CIRCLE ( 'NONE', #810, 1.149999999999999911 ) ;
#1432 = CARTESIAN_POINT ( 'NONE',  ( -12.20000000000000284, 18.30000000000000071, -0.5000000000000000000 ) ) ;
#1433 = CARTESIAN_POINT ( 'NONE',  ( -4.999999999999997335, -20.19999999999999929, 3.000000000000000000 ) ) ;
#1434 = EDGE_CURVE ( 'NONE', #741, #384, #1290, .T. ) ;
#1435 = ORIENTED_EDGE ( 'NONE', *, *, #330, .T. ) ;
#1436 = CARTESIAN_POINT ( 'NONE',  ( -4.999999999999997335, -20.19999999999999929, 2.465190328815661892E-31 ) ) ;
#1437 = VECTOR ( 'NONE', #1678, 1000.000000000000000 ) ;
#1438 = ORIENTED_EDGE ( 'NONE', *, *, #1453, .T. ) ;
#1439 = DIRECTION ( 'NONE',  ( -0.000000000000000000, -0.000000000000000000, -1.000000000000000000 ) ) ;
#1440 = EDGE_LOOP ( 'NONE', ( #811, #233, #344, #1449 ) ) ;
#1441 = CARTESIAN_POINT ( 'NONE',  ( 0.000000000000000000, 0.000000000000000000, 3.000000000000000000 ) ) ;
#1442 = ORIENTED_EDGE ( 'NONE', *, *, #721, .F. ) ;
#1443 = DIRECTION ( 'NONE',  ( 1.000000000000000000, 0.000000000000000000, 0.000000000000000000 ) ) ;
#1444 = ORIENTED_EDGE ( 'NONE', *, *, #1040, .F. ) ;
#1445 = DIRECTION ( 'NONE',  ( -1.000000000000000000, 0.000000000000000000, 0.000000000000000000 ) ) ;
#1446 = ORIENTED_EDGE ( 'NONE', *, *, #224, .T. ) ;
#1447 = CARTESIAN_POINT ( 'NONE',  ( 11.59999999999999609, 0.000000000000000000, -0.5000000000000000000 ) ) ;
#1448 = EDGE_CURVE ( 'NONE', #875, #1034, #842, .T. ) ;
#1449 = ORIENTED_EDGE ( 'NONE', *, *, #965, .F. ) ;
#1450 = DIRECTION ( 'NONE',  ( -0.000000000000000000, 1.000000000000000000, -0.000000000000000000 ) ) ;
#1451 = VERTEX_POINT ( 'NONE', #736 ) ;
#1452 = FACE_BOUND ( 'NONE', #574, .T. ) ;
#1453 = EDGE_CURVE ( 'NONE', #507, #364, #1579, .T. ) ;
#1454 = ORIENTED_EDGE ( 'NONE', *, *, #141, .F. ) ;
#1455 = EDGE_CURVE ( 'NONE', #57, #1670, #229, .T. ) ;
#1456 = AXIS2_PLACEMENT_3D ( 'NONE', #269, #1100, #689 ) ;
#1457 = DIRECTION ( 'NONE',  ( 0.000000000000000000, -0.000000000000000000, -1.000000000000000000 ) ) ;
#1458 = AXIS2_PLACEMENT_3D ( 'NONE', #1512, #711, #1013 ) ;
#1459 = EDGE_CURVE ( 'NONE', #1670, #521, #1172, .T. ) ;
#1460 = AXIS2_PLACEMENT_3D ( 'NONE', #597, #905, #206 ) ;
#1461 = VERTEX_POINT ( 'NONE', #886 ) ;
#1462 = CARTESIAN_POINT ( 'NONE',  ( 13.19999999999999929, 18.09999999999999787, 0.000000000000000000 ) ) ;
#1463 = ORIENTED_EDGE ( 'NONE', *, *, #1097, .F. ) ;
#1464 = DIRECTION ( 'NONE',  ( 0.000000000000000000, 0.000000000000000000, -1.000000000000000000 ) ) ;
#1465 = EDGE_LOOP ( 'NONE', ( #1476, #407, #27, #483 ) ) ;
#1466 = DIRECTION ( 'NONE',  ( 1.000000000000000000, 0.000000000000000000, 0.000000000000000000 ) ) ;
#1467 = FACE_OUTER_BOUND ( 'NONE', #331, .T. ) ;
#1468 = ORIENTED_EDGE ( 'NONE', *, *, #163, .T. ) ;
#1469 = CARTESIAN_POINT ( 'NONE',  ( 12.90000000000000036, -17.30000000000000071, 2.000000000000000000 ) ) ;
#1470 = CARTESIAN_POINT ( 'NONE',  ( 0.4999999999999988343, -23.00100000000000122, 5.850000000000001421 ) ) ;
#1471 = VERTEX_POINT ( 'NONE', #635 ) ;
#1472 = CARTESIAN_POINT ( 'NONE',  ( 0.000000000000000000, -17.50000000000000711, 3.000000000000000000 ) ) ;
#1473 = CARTESIAN_POINT ( 'NONE',  ( 16.00000000000000000, -19.99999999999999645, 2.000000000000000000 ) ) ;
#1474 = EDGE_CURVE ( 'NONE', #1547, #463, #469, .T. ) ;
#1475 = EDGE_CURVE ( 'NONE', #392, #637, #273, .T. ) ;
#1476 = ORIENTED_EDGE ( 'NONE', *, *, #1183, .F. ) ;
#1477 = DIRECTION ( 'NONE',  ( 1.000000000000000000, 0.000000000000000000, 0.000000000000000000 ) ) ;
#1478 = CARTESIAN_POINT ( 'NONE',  ( 11.59999999999999609, -1.399999999999998135, 3.000000000000000000 ) ) ;
#1479 = ORIENTED_EDGE ( 'NONE', *, *, #1615, .F. ) ;
#1480 = PLANE ( 'NONE',  #749 ) ;
#1481 = DIRECTION ( 'NONE',  ( -1.000000000000000000, 0.000000000000000000, 0.000000000000000000 ) ) ;
#1482 = AXIS2_PLACEMENT_3D ( 'NONE', #227, #1177, #380 ) ;
#1483 = VECTOR ( 'NONE', #1233, 1000.000000000000000 ) ;
#1484 = ORIENTED_EDGE ( 'NONE', *, *, #1634, .T. ) ;
#1485 = LINE ( 'NONE', #934, #99 ) ;
#1486 = VECTOR ( 'NONE', #767, 1000.000000000000000 ) ;
#1487 = CARTESIAN_POINT ( 'NONE',  ( 0.4999999999999987232, -23.00100000000000122, 8.150000000000000355 ) ) ;
#1488 = EDGE_LOOP ( 'NONE', ( #1446, #209 ) ) ;
#1489 = CARTESIAN_POINT ( 'NONE',  ( 28.99999999999999645, 1.972822776601074727E-15, 3.000000000000000000 ) ) ;
#1490 = VECTOR ( 'NONE', #1137, 1000.000000000000000 ) ;
#1491 =( NAMED_UNIT ( * ) PLANE_ANGLE_UNIT ( ) SI_UNIT ( $, .RADIAN. ) );
#1492 = ADVANCED_FACE ( 'NONE', ( #485 ), #750, .F. ) ;
#1493 = CARTESIAN_POINT ( 'NONE',  ( 0.4999999999999987232, 30.19999999999999929, 8.150000000000000355 ) ) ;
#1494 = DIRECTION ( 'NONE',  ( -1.000000000000000000, 0.000000000000000000, 0.000000000000000000 ) ) ;
#1495 = CARTESIAN_POINT ( 'NONE',  ( 12.90000000000000036, -17.30000000000000071, -0.5000000000000000000 ) ) ;
#1496 = ORIENTED_EDGE ( 'NONE', *, *, #256, .T. ) ;
#1497 = DIRECTION ( 'NONE',  ( 1.000000000000000000, 0.000000000000000000, 0.000000000000000000 ) ) ;
#1498 = VECTOR ( 'NONE', #409, 1000.000000000000000 ) ;
#1499 = DIRECTION ( 'NONE',  ( 0.000000000000000000, 0.000000000000000000, 1.000000000000000000 ) ) ;
#1500 = LINE ( 'NONE', #1672, #189 ) ;
#1501 = DIRECTION ( 'NONE',  ( 0.000000000000000000, 0.000000000000000000, 1.000000000000000000 ) ) ;
#1502 = ORIENTED_EDGE ( 'NONE', *, *, #1474, .F. ) ;
#1503 = CARTESIAN_POINT ( 'NONE',  ( 18.00000000000000000, 2.449021377849609992E-15, -0.5000000000000000000 ) ) ;
#1504 = VERTEX_POINT ( 'NONE', #1421 ) ;
#1505 = PLANE ( 'NONE',  #1151 ) ;
#1506 = ADVANCED_FACE ( 'NONE', ( #1036 ), #1569, .T. ) ;
#1507 = CARTESIAN_POINT ( 'NONE',  ( -23.99999999999999645, -3.965082230804130614E-15, 3.000000000000000000 ) ) ;
#1508 = LINE ( 'NONE', #23, #1379 ) ;
#1509 = VECTOR ( 'NONE', #1516, 1000.000000000000000 ) ;
#1510 = DIRECTION ( 'NONE',  ( -0.000000000000000000, -1.000000000000000000, 0.000000000000000000 ) ) ;
#1511 = ORIENTED_EDGE ( 'NONE', *, *, #1150, .T. ) ;
#1512 = CARTESIAN_POINT ( 'NONE',  ( -9.999999999999998224, 30.00100000000000122, 7.000000000000000888 ) ) ;
#1513 = VECTOR ( 'NONE', #464, 1000.000000000000000 ) ;
#1514 = VECTOR ( 'NONE', #1045, 1000.000000000000000 ) ;
#1515 = VERTEX_POINT ( 'NONE', #91 ) ;
#1516 = DIRECTION ( 'NONE',  ( -0.000000000000000000, -1.000000000000000000, -0.000000000000000000 ) ) ;
#1517 = DIRECTION ( 'NONE',  ( 0.000000000000000000, 0.000000000000000000, -1.000000000000000000 ) ) ;
#1518 = LINE ( 'NONE', #1128, #43 ) ;
#1519 = DIRECTION ( 'NONE',  ( 1.000000000000000000, 0.000000000000000000, 0.000000000000000000 ) ) ;
#1520 = CARTESIAN_POINT ( 'NONE',  ( -1.214306433183765597E-14, 24.50000000000000711, 3.000000000000000000 ) ) ;
#1521 = ORIENTED_EDGE ( 'NONE', *, *, #404, .F. ) ;
#1522 = CARTESIAN_POINT ( 'NONE',  ( 10.99999999999999289, -23.00100000000000122, 7.000000000000000888 ) ) ;
#1523 = ORIENTED_EDGE ( 'NONE', *, *, #177, .F. ) ;
#1524 = CARTESIAN_POINT ( 'NONE',  ( 0.000000000000000000, -23.19999999999999929, 3.000000000000000000 ) ) ;
#1525 = ADVANCED_FACE ( 'NONE', ( #1710, #1280 ), #1143, .T. ) ;
#1526 = DIRECTION ( 'NONE',  ( 0.000000000000000000, 0.000000000000000000, 1.000000000000000000 ) ) ;
#1527 = EDGE_CURVE ( 'NONE', #651, #933, #1163, .T. ) ;
#1528 = EDGE_CURVE ( 'NONE', #945, #377, #1180, .T. ) ;
#1529 = ORIENTED_EDGE ( 'NONE', *, *, #1348, .F. ) ;
#1530 = CARTESIAN_POINT ( 'NONE',  ( -10.95000000000000284, 18.30000000000000071, 0.000000000000000000 ) ) ;
#1531 = ORIENTED_EDGE ( 'NONE', *, *, #1583, .F. ) ;
#1532 = CARTESIAN_POINT ( 'NONE',  ( -15.00000000000000000, -23.19999999999999929, 3.000000000000000000 ) ) ;
#1533 = ORIENTED_EDGE ( 'NONE', *, *, #240, .T. ) ;
#1534 = DIRECTION ( 'NONE',  ( 1.360567432138672328E-16, -1.000000000000000000, 0.000000000000000000 ) ) ;
#1535 = CARTESIAN_POINT ( 'NONE',  ( 11.95000000000000107, 18.09999999999999787, 2.000000000000000000 ) ) ;
#1536 = VECTOR ( 'NONE', #1235, 1000.000000000000000 ) ;
#1537 = ORIENTED_EDGE ( 'NONE', *, *, #171, .T. ) ;
#1538 = AXIS2_PLACEMENT_3D ( 'NONE', #924, #1450, #638 ) ;
#1539 = CYLINDRICAL_SURFACE ( 'NONE', #1735, 1.149999999999999911 ) ;
#1540 = VECTOR ( 'NONE', #1415, 1000.000000000000000 ) ;
#1541 = VERTEX_POINT ( 'NONE', #477 ) ;
#1542 = DIRECTION ( 'NONE',  ( 0.000000000000000000, -0.000000000000000000, -1.000000000000000000 ) ) ;
#1543 = AXIS2_PLACEMENT_3D ( 'NONE', #54, #1117, #834 ) ;
#1544 = CARTESIAN_POINT ( 'NONE',  ( 14.44999999999999929, 18.09999999999999787, 0.000000000000000000 ) ) ;
#1545 = ADVANCED_FACE ( 'NONE', ( #459, #1027, #1007 ), #1558, .T. ) ;
#1546 = CARTESIAN_POINT ( 'NONE',  ( 12.90000000000000036, -17.30000000000000071, 0.000000000000000000 ) ) ;
#1547 = VERTEX_POINT ( 'NONE', #894 ) ;
#1548 = DIRECTION ( 'NONE',  ( 1.000000000000000000, 0.000000000000000000, 0.000000000000000000 ) ) ;
#1549 = ORIENTED_EDGE ( 'NONE', *, *, #330, .F. ) ;
#1550 = DIRECTION ( 'NONE',  ( 1.652117596168388002E-16, -1.000000000000000000, 0.000000000000000000 ) ) ;
#1551 = PLANE ( 'NONE',  #136 ) ;
#1552 = EDGE_LOOP ( 'NONE', ( #1511, #556, #1468, #1133, #369, #1692 ) ) ;
#1553 = PLANE ( 'NONE',  #1006 ) ;
#1554 = VERTEX_POINT ( 'NONE', #219 ) ;
#1555 = DIRECTION ( 'NONE',  ( -0.000000000000000000, -0.000000000000000000, 1.000000000000000000 ) ) ;
#1556 = ORIENTED_EDGE ( 'NONE', *, *, #647, .F. ) ;
#1557 = EDGE_CURVE ( 'NONE', #120, #1160, #956, .T. ) ;
#1558 = PLANE ( 'NONE',  #1709 ) ;
#1559 = CARTESIAN_POINT ( 'NONE',  ( -11.90000000000000213, -17.30000000000000071, 2.000000000000000000 ) ) ;
#1560 = ADVANCED_FACE ( 'NONE', ( #645 ), #794, .T. ) ;
#1561 = ORIENTED_EDGE ( 'NONE', *, *, #1327, .F. ) ;
#1562 = CARTESIAN_POINT ( 'NONE',  ( 2.296381174307183540E-15, -20.19999999999999929, 9.000000000000001776 ) ) ;
#1563 = ORIENTED_EDGE ( 'NONE', *, *, #420, .T. ) ;
#1564 = CARTESIAN_POINT ( 'NONE',  ( -9.999999999999998224, -20.19999999999999929, 5.850000000000001421 ) ) ;
#1565 = AXIS2_PLACEMENT_3D ( 'NONE', #357, #518, #1194 ) ;
#1566 = CIRCLE ( 'NONE', #809, 1.249999999999999334 ) ;
#1567 = ORIENTED_EDGE ( 'NONE', *, *, #484, .F. ) ;
#1568 = VECTOR ( 'NONE', #368, 1000.000000000000000 ) ;
#1569 = PLANE ( 'NONE',  #1460 ) ;
#1570 = PRODUCT_DEFINITION_FORMATION_WITH_SPECIFIED_SOURCE ( 'ä»', '', #1105, .NOT_KNOWN. ) ;
#1571 = VERTEX_POINT ( 'NONE', #1614 ) ;
#1572 = CARTESIAN_POINT ( 'NONE',  ( 0.000000000000000000, 30.19999999999999929, -0.5000000000000000000 ) ) ;
#1573 = AXIS2_PLACEMENT_3D ( 'NONE', #718, #730, #1526 ) ;
#1574 = CARTESIAN_POINT ( 'NONE',  ( 15.99999999999999289, 30.00000000000000000, 9.000000000000001776 ) ) ;
#1575 = VERTEX_POINT ( 'NONE', #237 ) ;
#1576 = CARTESIAN_POINT ( 'NONE',  ( -9.999999999999998224, -23.19999999999999929, 7.000000000000000888 ) ) ;
#1577 = ORIENTED_EDGE ( 'NONE', *, *, #1188, .F. ) ;
#1578 = EDGE_CURVE ( 'NONE', #55, #1471, #412, .T. ) ;
#1579 = LINE ( 'NONE', #1685, #1041 ) ;
#1580 = EDGE_LOOP ( 'NONE', ( #1298, #873, #1610, #89 ) ) ;
#1581 = EDGE_CURVE ( 'NONE', #1072, #139, #672, .T. ) ;
#1582 = DIRECTION ( 'NONE',  ( 1.000000000000000000, 0.000000000000000000, 0.000000000000000000 ) ) ;
#1583 = EDGE_CURVE ( 'NONE', #1171, #1079, #642, .T. ) ;
#1584 = ORIENTED_EDGE ( 'NONE', *, *, #795, .T. ) ;
#1585 = DIRECTION ( 'NONE',  ( -0.000000000000000000, 1.000000000000000000, -0.000000000000000000 ) ) ;
#1586 = ORIENTED_EDGE ( 'NONE', *, *, #1396, .F. ) ;
#1587 = CARTESIAN_POINT ( 'NONE',  ( 28.99999999999999645, -23.19999999999999929, 0.000000000000000000 ) ) ;
#1588 = ORIENTED_EDGE ( 'NONE', *, *, #753, .T. ) ;
#1589 = DIRECTION ( 'NONE',  ( -0.000000000000000000, -0.000000000000000000, 1.000000000000000000 ) ) ;
#1590 = EDGE_LOOP ( 'NONE', ( #216, #706, #1604, #1050 ) ) ;
#1591 = DIRECTION ( 'NONE',  ( 0.000000000000000000, 0.000000000000000000, -1.000000000000000000 ) ) ;
#1592 = ORIENTED_EDGE ( 'NONE', *, *, #1459, .F. ) ;
#1593 = DIRECTION ( 'NONE',  ( -1.379491463273391291E-48, 1.232595164407830946E-32, 1.000000000000000000 ) ) ;
#1594 = CIRCLE ( 'NONE', #296, 1.149999999999999911 ) ;
#1595 = CARTESIAN_POINT ( 'NONE',  ( -16.99999999999999289, -17.50000000000000355, -0.5000000000000000000 ) ) ;
#1596 = AXIS2_PLACEMENT_3D ( 'NONE', #117, #5, #1337 ) ;
#1597 = ORIENTED_EDGE ( 'NONE', *, *, #625, .F. ) ;
#1598 = ADVANCED_FACE ( 'NONE', ( #1326 ), #271, .F. ) ;
#1599 = DIRECTION ( 'NONE',  ( -0.000000000000000000, -1.000000000000000000, -0.000000000000000000 ) ) ;
#1600 = CLOSED_SHELL ( 'NONE', ( #589, #1090, #1039, #885, #1717, #505, #566, #1014, #943, #454, #1056, #69, #1689, #1752, #773, #7, #962, #835, #923, #308, #1225, #1506, #1423, #904, #143, #1525, #19, #1492, #1659, #508, #668, #1676, #1273, #1037, #1268, #1109, #1321, #495, #1560, #222, #1660, #1598, #777, #450, #650, #940, #236, #724, #907, #1545, #1092, #826 ) ) ;
#1601 = CARTESIAN_POINT ( 'NONE',  ( 11.00000000000000000, -23.19999999999999929, 8.150000000000000355 ) ) ;
#1602 = VECTOR ( 'NONE', #1368, 1000.000000000000000 ) ;
#1603 = CARTESIAN_POINT ( 'NONE',  ( 11.59999999999999609, 2.000000000000001776, 3.000000000000000000 ) ) ;
#1604 = ORIENTED_EDGE ( 'NONE', *, *, #1675, .F. ) ;
#1605 = LINE ( 'NONE', #671, #1293 ) ;
#1606 = DIRECTION ( 'NONE',  ( -0.000000000000000000, -1.000000000000000000, 0.000000000000000000 ) ) ;
#1607 = EDGE_CURVE ( 'NONE', #1300, #1541, #814, .T. ) ;
#1608 = ORIENTED_EDGE ( 'NONE', *, *, #1204, .F. ) ;
#1609 = CARTESIAN_POINT ( 'NONE',  ( 0.000000000000000000, 30.19999999999999929, 3.000000000000000000 ) ) ;
#1610 = ORIENTED_EDGE ( 'NONE', *, *, #1086, .F. ) ;
#1611 = FACE_OUTER_BOUND ( 'NONE', #1319, .T. ) ;
#1612 = VERTEX_POINT ( 'NONE', #1738 ) ;
#1613 = PLANE ( 'NONE',  #1262 ) ;
#1614 = CARTESIAN_POINT ( 'NONE',  ( -17.00000000000000000, 24.50000000000000000, 3.000000000000000000 ) ) ;
#1615 = EDGE_CURVE ( 'NONE', #1270, #790, #802, .T. ) ;
#1616 = CARTESIAN_POINT ( 'NONE',  ( -4.999999999999997335, -23.19999999999999929, 0.000000000000000000 ) ) ;
#1617 = LINE ( 'NONE', #553, #270 ) ;
#1618 = EDGE_CURVE ( 'NONE', #901, #205, #783, .T. ) ;
#1619 = CARTESIAN_POINT ( 'NONE',  ( -8.928723773410020202E-17, -1.399999999999997469, -0.5000000000000000000 ) ) ;
#1620 = ORIENTED_EDGE ( 'NONE', *, *, #1401, .F. ) ;
#1621 = CARTESIAN_POINT ( 'NONE',  ( 0.4999999999999987232, 27.19999999999999929, 7.000000000000000888 ) ) ;
#1622 = PLANE ( 'NONE',  #218 ) ;
#1623 = VECTOR ( 'NONE', #1314, 1000.000000000000000 ) ;
#1624 = VECTOR ( 'NONE', #837, 1000.000000000000000 ) ;
#1625 = ORIENTED_EDGE ( 'NONE', *, *, #1401, .T. ) ;
#1626 = CARTESIAN_POINT ( 'NONE',  ( 13.19999999999999929, 18.09999999999999787, -0.5000000000000000000 ) ) ;
#1627 = AXIS2_PLACEMENT_3D ( 'NONE', #1473, #1335, #776 ) ;
#1628 = CIRCLE ( 'NONE', #1712, 1.149999999999999911 ) ;
#1629 = LINE ( 'NONE', #1478, #546 ) ;
#1630 = VECTOR ( 'NONE', #662, 1000.000000000000000 ) ;
#1631 = VERTEX_POINT ( 'NONE', #1595 ) ;
#1632 = CARTESIAN_POINT ( 'NONE',  ( 18.00000000000000355, -17.50000000000000711, 3.000000000000000000 ) ) ;
#1633 = CARTESIAN_POINT ( 'NONE',  ( -10.00000000000000178, 27.19999999999999929, 8.150000000000000355 ) ) ;
#1634 = EDGE_CURVE ( 'NONE', #933, #858, #1352, .T. ) ;
#1635 = DIRECTION ( 'NONE',  ( -0.000000000000000000, -1.000000000000000000, -0.000000000000000000 ) ) ;
#1636 = LINE ( 'NONE', #396, #462 ) ;
#1637 = EDGE_CURVE ( 'NONE', #1571, #1328, #1727, .T. ) ;
#1638 = CARTESIAN_POINT ( 'NONE',  ( 14.99999999999999645, -1.399999999999998357, 3.000000000000000000 ) ) ;
#1639 = VERTEX_POINT ( 'NONE', #532 ) ;
#1640 = CARTESIAN_POINT ( 'NONE',  ( -24.00000000000000000, 24.49999999999999645, -0.5000000000000000000 ) ) ;
#1641 = FACE_OUTER_BOUND ( 'NONE', #1440, .T. ) ;
#1642 = CARTESIAN_POINT ( 'NONE',  ( 11.59999999999999609, 0.000000000000000000, 2.000000000000000000 ) ) ;
#1643 = FACE_OUTER_BOUND ( 'NONE', #1708, .T. ) ;
#1644 = DIRECTION ( 'NONE',  ( 1.000000000000000000, 4.956352788505164254E-16, 0.000000000000000000 ) ) ;
#1645 = ORIENTED_EDGE ( 'NONE', *, *, #620, .F. ) ;
#1646 = CARTESIAN_POINT ( 'NONE',  ( 0.000000000000000000, 27.19999999999999929, 0.000000000000000000 ) ) ;
#1647 = ORIENTED_EDGE ( 'NONE', *, *, #865, .T. ) ;
#1648 = DIRECTION ( 'NONE',  ( 6.802837160693361638E-17, -1.000000000000000000, 0.000000000000000000 ) ) ;
#1649 = DIRECTION ( 'NONE',  ( 0.000000000000000000, 1.000000000000000000, 0.000000000000000000 ) ) ;
#1650 = AXIS2_PLACEMENT_3D ( 'NONE', #822, #1230, #1088 ) ;
#1651 = CARTESIAN_POINT ( 'NONE',  ( 15.99999999999999289, 30.19999999999999929, 9.000000000000001776 ) ) ;
#1652 = AXIS2_PLACEMENT_3D ( 'NONE', #1665, #1002, #989 ) ;
#1653 = FACE_OUTER_BOUND ( 'NONE', #293, .T. ) ;
#1654 = AXIS2_PLACEMENT_3D ( 'NONE', #703, #953, #684 ) ;
#1655 = ORIENTED_EDGE ( 'NONE', *, *, #1713, .T. ) ;
#1656 = SHAPE_DEFINITION_REPRESENTATION ( #402, #816 ) ;
#1657 = ORIENTED_EDGE ( 'NONE', *, *, #768, .T. ) ;
#1658 = EDGE_CURVE ( 'NONE', #1167, #521, #132, .T. ) ;
#1659 = ADVANCED_FACE ( 'NONE', ( #387 ), #939, .T. ) ;
#1660 = ADVANCED_FACE ( 'NONE', ( #680, #3, #1341, #1316, #1467, #263 ), #1055, .T. ) ;
#1661 = LINE ( 'NONE', #993, #125 ) ;
#1662 = DIRECTION ( 'NONE',  ( 0.000000000000000000, 0.000000000000000000, -1.000000000000000000 ) ) ;
#1663 = DIRECTION ( 'NONE',  ( -0.000000000000000000, 1.000000000000000000, -0.000000000000000000 ) ) ;
#1664 = EDGE_LOOP ( 'NONE', ( #1048, #241, #372, #860 ) ) ;
#1665 = CARTESIAN_POINT ( 'NONE',  ( 0.000000000000000000, 0.000000000000000000, 9.000000000000001776 ) ) ;
#1666 = ORIENTED_EDGE ( 'NONE', *, *, #433, .F. ) ;
#1667 = CARTESIAN_POINT ( 'NONE',  ( -24.00000000000000000, 24.49999999999999645, 3.000000000000000000 ) ) ;
#1668 = CARTESIAN_POINT ( 'NONE',  ( -10.65000000000000391, -17.30000000000000071, 0.000000000000000000 ) ) ;
#1669 = VECTOR ( 'NONE', #1736, 1000.000000000000000 ) ;
#1670 = VERTEX_POINT ( 'NONE', #920 ) ;
#1671 = CARTESIAN_POINT ( 'NONE',  ( -9.999999999999998224, 30.00100000000000122, 8.150000000000000355 ) ) ;
#1672 = CARTESIAN_POINT ( 'NONE',  ( 24.99999999999999289, 24.50000000000000000, 3.000000000000000000 ) ) ;
#1673 = CARTESIAN_POINT ( 'NONE',  ( 0.000000000000000000, 30.19999999999999929, 0.000000000000000000 ) ) ;
#1674 = EDGE_LOOP ( 'NONE', ( #510, #1523, #1246, #1148 ) ) ;
#1675 = EDGE_CURVE ( 'NONE', #1571, #596, #663, .T. ) ;
#1676 = ADVANCED_FACE ( 'NONE', ( #524 ), #1622, .F. ) ;
#1677 = DIRECTION ( 'NONE',  ( -1.000000000000000000, 0.000000000000000000, 0.000000000000000000 ) ) ;
#1678 = DIRECTION ( 'NONE',  ( 1.000000000000000000, -0.000000000000000000, 0.000000000000000000 ) ) ;
#1679 = FACE_OUTER_BOUND ( 'NONE', #1162, .T. ) ;
#1680 = AXIS2_PLACEMENT_3D ( 'NONE', #51, #1555, #1548 ) ;
#1681 = ORIENTED_EDGE ( 'NONE', *, *, #1607, .T. ) ;
#1682 = VECTOR ( 'NONE', #861, 1000.000000000000000 ) ;
#1683 = AXIS2_PLACEMENT_3D ( 'NONE', #540, #375, #255 ) ;
#1684 = VERTEX_POINT ( 'NONE', #1633 ) ;
#1685 = CARTESIAN_POINT ( 'NONE',  ( -23.99999999999999645, -3.965082230804131403E-15, -0.5000000000000000000 ) ) ;
#1686 = DIRECTION ( 'NONE',  ( -0.000000000000000000, 1.000000000000000000, -0.000000000000000000 ) ) ;
#1687 = VERTEX_POINT ( 'NONE', #22 ) ;
#1688 = CARTESIAN_POINT ( 'NONE',  ( 28.99999999999999645, -23.19999999999999929, -0.5000000000000000000 ) ) ;
#1689 = ADVANCED_FACE ( 'NONE', ( #142 ), #1108, .F. ) ;
#1690 = ORIENTED_EDGE ( 'NONE', *, *, #197, .F. ) ;
#1691 = LINE ( 'NONE', #204, #606 ) ;
#1692 = ORIENTED_EDGE ( 'NONE', *, *, #1705, .T. ) ;
#1693 = EDGE_CURVE ( 'NONE', #1684, #455, #1628, .T. ) ;
#1694 = CARTESIAN_POINT ( 'NONE',  ( 28.99999999999999645, 1.972822776601074727E-15, -0.5000000000000000000 ) ) ;
#1695 = LINE ( 'NONE', #1062, #975 ) ;
#1696 = ORIENTED_EDGE ( 'NONE', *, *, #1125, .F. ) ;
#1697 = LINE ( 'NONE', #77, #298 ) ;
#1698 = LINE ( 'NONE', #1470, #1004 ) ;
#1699 = ORIENTED_EDGE ( 'NONE', *, *, #197, .T. ) ;
#1700 = CARTESIAN_POINT ( 'NONE',  ( 0.000000000000000000, 24.50000000000000000, -0.5000000000000000000 ) ) ;
#1701 = FACE_OUTER_BOUND ( 'NONE', #516, .T. ) ;
#1702 = ORIENTED_EDGE ( 'NONE', *, *, #646, .F. ) ;
#1703 = PLANE ( 'NONE',  #781 ) ;
#1704 = CARTESIAN_POINT ( 'NONE',  ( -15.00000000000000355, 27.00000000000000000, 9.000000000000001776 ) ) ;
#1705 = EDGE_CURVE ( 'NONE', #601, #1084, #149, .T. ) ;
#1706 = CARTESIAN_POINT ( 'NONE',  ( -10.95000000000000284, 18.30000000000000071, 2.000000000000000000 ) ) ;
#1707 = VECTOR ( 'NONE', #536, 1000.000000000000000 ) ;
#1708 = EDGE_LOOP ( 'NONE', ( #1666, #448, #882, #1645, #1463, #1424 ) ) ;
#1709 = AXIS2_PLACEMENT_3D ( 'NONE', #350, #878, #1542 ) ;
#1710 = FACE_BOUND ( 'NONE', #1350, .T. ) ;
#1711 = EDGE_CURVE ( 'NONE', #1091, #995, #215, .T. ) ;
#1712 = AXIS2_PLACEMENT_3D ( 'NONE', #288, #1358, #572 ) ;
#1713 = EDGE_CURVE ( 'NONE', #238, #1160, #176, .T. ) ;
#1714 = VECTOR ( 'NONE', #470, 1000.000000000000000 ) ;
#1715 = ORIENTED_EDGE ( 'NONE', *, *, #1240, .F. ) ;
#1716 = DIRECTION ( 'NONE',  ( 1.000000000000000000, 1.360567432138672328E-16, -0.000000000000000000 ) ) ;
#1717 = ADVANCED_FACE ( 'NONE', ( #1641 ), #1266, .F. ) ;
#1718 = ORIENTED_EDGE ( 'NONE', *, *, #531, .T. ) ;
#1719 = FACE_BOUND ( 'NONE', #107, .T. ) ;
#1720 = ORIENTED_EDGE ( 'NONE', *, *, #279, .T. ) ;
#1721 = DIRECTION ( 'NONE',  ( -1.000000000000000000, 6.377659838150026227E-17, 0.000000000000000000 ) ) ;
#1722 = ORIENTED_EDGE ( 'NONE', *, *, #1252, .T. ) ;
#1723 = FACE_OUTER_BOUND ( 'NONE', #685, .T. ) ;
#1724 = VERTEX_POINT ( 'NONE', #832 ) ;
#1725 = LINE ( 'NONE', #1247, #326 ) ;
#1726 = ORIENTED_EDGE ( 'NONE', *, *, #12, .T. ) ;
#1727 = LINE ( 'NONE', #1190, #1291 ) ;
#1728 = DIRECTION ( 'NONE',  ( 0.000000000000000000, 1.000000000000000000, 0.000000000000000000 ) ) ;
#1729 = DIRECTION ( 'NONE',  ( 1.000000000000000000, 1.136998822792451151E-16, 0.000000000000000000 ) ) ;
#1730 = DIRECTION ( 'NONE',  ( 0.000000000000000000, 0.000000000000000000, 1.000000000000000000 ) ) ;
#1731 = ORIENTED_EDGE ( 'NONE', *, *, #1297, .T. ) ;
#1732 = CARTESIAN_POINT ( 'NONE',  ( 16.00000000000000000, -19.99999999999999645, 3.000000000000000000 ) ) ;
#1733 = EDGE_CURVE ( 'NONE', #973, #910, #10, .T. ) ;
#1734 = ORIENTED_EDGE ( 'NONE', *, *, #181, .T. ) ;
#1735 = AXIS2_PLACEMENT_3D ( 'NONE', #999, #1271, #892 ) ;
#1736 = DIRECTION ( 'NONE',  ( -1.360567432138672328E-16, 1.000000000000000000, 0.000000000000000000 ) ) ;
#1737 = AXIS2_PLACEMENT_3D ( 'NONE', #1646, #1745, #686 ) ;
#1738 = CARTESIAN_POINT ( 'NONE',  ( 0.4999999999999987232, 27.19999999999999929, 8.150000000000000355 ) ) ;
#1739 = AXIS2_PLACEMENT_3D ( 'NONE', #579, #1510, #1730 ) ;
#1740 = CIRCLE ( 'NONE', #1739, 1.149999999999999911 ) ;
#1741 = ORIENTED_EDGE ( 'NONE', *, *, #1459, .T. ) ;
#1742 = FACE_OUTER_BOUND ( 'NONE', #855, .T. ) ;
#1743 = CARTESIAN_POINT ( 'NONE',  ( -16.99999999999999289, -17.50000000000000355, 3.000000000000000000 ) ) ;
#1744 = AXIS2_PLACEMENT_3D ( 'NONE', #985, #446, #1519 ) ;
#1745 = DIRECTION ( 'NONE',  ( 0.000000000000000000, -1.000000000000000000, 0.000000000000000000 ) ) ;
#1746 = EDGE_CURVE ( 'NONE', #476, #1288, #46, .T. ) ;
#1747 = ORIENTED_EDGE ( 'NONE', *, *, #1557, .F. ) ;
#1748 = CARTESIAN_POINT ( 'NONE',  ( -15.00000000000000355, 30.19999999999999929, 9.000000000000001776 ) ) ;
#1749 = CARTESIAN_POINT ( 'NONE',  ( -10.00000000000000178, 30.19999999999999929, 7.000000000000000888 ) ) ;
#1750 = VERTEX_POINT ( 'NONE', #1378 ) ;
#1751 = CARTESIAN_POINT ( 'NONE',  ( -12.20000000000000284, 18.30000000000000071, 2.000000000000000000 ) ) ;
#1752 = ADVANCED_FACE ( 'NONE', ( #451 ), #550, .F. ) ;
#1753 = DIRECTION ( 'NONE',  ( 1.000000000000000000, -6.377659838150026227E-17, 0.000000000000000000 ) ) ;
ENDSEC;
END-ISO-10303-21;
