ISO-10303-21;
HEADER;
FILE_DESCRIPTION (( 'STEP AP214' ),
    '1' );
FILE_NAME ('tracker上半面亚克力版.STEP',
    '2026-08-16T01:14:35',
    ( '' ),
    ( '' ),
    'SwSTEP 2.0',
    'SolidWorks 2025',
    '' );
FILE_SCHEMA (( 'AUTOMOTIVE_DESIGN' ));
ENDSEC;

DATA;
#1 = ORIENTED_EDGE ( 'NONE', *, *, #571, .T. ) ;
#2 = CARTESIAN_POINT ( 'NONE',  ( 13.00000000000000888, -30.00000000000000711, 12.44999999999999929 ) ) ;
#3 = VECTOR ( 'NONE', #420, 1000.000000000000000 ) ;
#4 = VECTOR ( 'NONE', #1068, 1000.000000000000000 ) ;
#5 = VECTOR ( 'NONE', #576, 1000.000000000000000 ) ;
#6 = EDGE_CURVE ( 'NONE', #139, #724, #1516, .T. ) ;
#7 = LINE ( 'NONE', #860, #1337 ) ;
#8 = ORIENTED_EDGE ( 'NONE', *, *, #1291, .T. ) ;
#9 = EDGE_LOOP ( 'NONE', ( #88, #1297, #850, #853 ) ) ;
#10 = LINE ( 'NONE', #643, #176 ) ;
#11 = APPLICATION_CONTEXT ( 'automotive_design' ) ;
#12 = DIRECTION ( 'NONE',  ( 0.000000000000000000, 1.000000000000000000, 0.000000000000000000 ) ) ;
#13 = DIRECTION ( 'NONE',  ( 1.000000000000000000, -1.334402673828313586E-16, 0.000000000000000000 ) ) ;
#14 = ORIENTED_EDGE ( 'NONE', *, *, #1018, .F. ) ;
#15 = CARTESIAN_POINT ( 'NONE',  ( 18.10000000000000853, 0.000000000000000000, 0.000000000000000000 ) ) ;
#16 = DIRECTION ( 'NONE',  ( 0.000000000000000000, 0.000000000000000000, -1.000000000000000000 ) ) ;
#17 = LINE ( 'NONE', #1015, #434 ) ;
#18 = DIRECTION ( 'NONE',  ( 0.000000000000000000, -1.000000000000000000, 0.000000000000000000 ) ) ;
#19 = ORIENTED_EDGE ( 'NONE', *, *, #526, .T. ) ;
#20 = LINE ( 'NONE', #886, #693 ) ;
#21 = CARTESIAN_POINT ( 'NONE',  ( -10.50000000000000178, -23.00000000000000000, 0.000000000000000000 ) ) ;
#22 = FACE_OUTER_BOUND ( 'NONE', #1528, .T. ) ;
#23 = EDGE_CURVE ( 'NONE', #812, #802, #283, .T. ) ;
#24 = CARTESIAN_POINT ( 'NONE',  ( 15.49999999999999645, -23.00000000000000000, -3.000000000000000000 ) ) ;
#25 = FACE_BOUND ( 'NONE', #1209, .T. ) ;
#26 = EDGE_CURVE ( 'NONE', #727, #818, #908, .T. ) ;
#27 = VECTOR ( 'NONE', #507, 1000.000000000000000 ) ;
#28 = DIRECTION ( 'NONE',  ( -0.000000000000000000, -0.000000000000000000, -1.000000000000000000 ) ) ;
#29 = FACE_OUTER_BOUND ( 'NONE', #310, .T. ) ;
#30 = VECTOR ( 'NONE', #1449, 1000.000000000000000 ) ;
#31 = DIRECTION ( 'NONE',  ( 1.309225264888156130E-16, -1.000000000000000000, 0.000000000000000000 ) ) ;
#32 = EDGE_CURVE ( 'NONE', #1525, #53, #425, .T. ) ;
#33 = DIRECTION ( 'NONE',  ( 1.000000000000000000, -1.334402673828313586E-16, 0.000000000000000000 ) ) ;
#34 = CARTESIAN_POINT ( 'NONE',  ( -13.09999999999999609, -12.49999999999999822, 0.000000000000000000 ) ) ;
#35 = CARTESIAN_POINT ( 'NONE',  ( -15.00000000000000178, -12.50000000000000000, 0.000000000000000000 ) ) ;
#36 = PLANE ( 'NONE',  #328 ) ;
#37 = CARTESIAN_POINT ( 'NONE',  ( -13.00000000000000178, 20.00000000000000000, -3.000000000000000000 ) ) ;
#38 = EDGE_LOOP ( 'NONE', ( #1451, #92, #1033, #1277 ) ) ;
#39 = CARTESIAN_POINT ( 'NONE',  ( -10.49999999999999467, 14.00000000000000533, 5.700000000000001066 ) ) ;
#40 = LINE ( 'NONE', #1144, #1054 ) ;
#41 = CYLINDRICAL_SURFACE ( 'NONE', #1488, 1.200000000000002176 ) ;
#42 = CARTESIAN_POINT ( 'NONE',  ( -13.09999999999999432, -30.00000000000000711, 15.19999999999999929 ) ) ;
#43 = VERTEX_POINT ( 'NONE', #1141 ) ;
#44 = LINE ( 'NONE', #899, #1252 ) ;
#45 = ADVANCED_FACE ( 'NONE', ( #1123 ), #865, .T. ) ;
#46 = ORIENTED_EDGE ( 'NONE', *, *, #1294, .T. ) ;
#47 = DIRECTION ( 'NONE',  ( 0.000000000000000000, -0.000000000000000000, 1.000000000000000000 ) ) ;
#48 = VECTOR ( 'NONE', #1479, 1000.000000000000000 ) ;
#49 = DIRECTION ( 'NONE',  ( 0.000000000000000000, 0.000000000000000000, -1.000000000000000000 ) ) ;
#50 = VECTOR ( 'NONE', #1301, 1000.000000000000000 ) ;
#51 = VECTOR ( 'NONE', #1448, 1000.000000000000000 ) ;
#52 = CARTESIAN_POINT ( 'NONE',  ( -10.50000000000000178, 0.000000000000000000, -1.000000000000000000 ) ) ;
#53 = VERTEX_POINT ( 'NONE', #24 ) ;
#54 = DIRECTION ( 'NONE',  ( 0.000000000000000000, -0.000000000000000000, 1.000000000000000000 ) ) ;
#55 = EDGE_CURVE ( 'NONE', #1118, #1518, #508, .T. ) ;
#56 = ORIENTED_EDGE ( 'NONE', *, *, #1375, .F. ) ;
#57 = ADVANCED_FACE ( 'NONE', ( #623 ), #1486, .F. ) ;
#58 = CARTESIAN_POINT ( 'NONE',  ( -13.09999999999999787, 14.00000000000000533, 0.000000000000000000 ) ) ;
#59 = ORIENTED_EDGE ( 'NONE', *, *, #1234, .T. ) ;
#60 = CARTESIAN_POINT ( 'NONE',  ( -4.499999999999990230, -33.00000000000000000, 7.000000000000000888 ) ) ;
#61 = VERTEX_POINT ( 'NONE', #1502 ) ;
#62 = LINE ( 'NONE', #968, #228 ) ;
#63 = ORIENTED_EDGE ( 'NONE', *, *, #361, .T. ) ;
#64 = LINE ( 'NONE', #829, #4 ) ;
#65 = LINE ( 'NONE', #1428, #971 ) ;
#66 = EDGE_LOOP ( 'NONE', ( #348, #1334 ) ) ;
#67 = ADVANCED_FACE ( 'NONE', ( #138 ), #260, .F. ) ;
#68 = LINE ( 'NONE', #1099, #974 ) ;
#69 = CARTESIAN_POINT ( 'NONE',  ( 18.10000000000000853, 0.000000000000000000, 6.999999999999999112 ) ) ;
#70 = ORIENTED_EDGE ( 'NONE', *, *, #835, .T. ) ;
#71 = EDGE_LOOP ( 'NONE', ( #854, #19, #225, #220 ) ) ;
#72 = FACE_OUTER_BOUND ( 'NONE', #421, .T. ) ;
#73 = CARTESIAN_POINT ( 'NONE',  ( 13.00000000000000888, -33.00000000000000000, 11.19999999999999929 ) ) ;
#74 = EDGE_CURVE ( 'NONE', #1038, #336, #1496, .T. ) ;
#75 = ORIENTED_EDGE ( 'NONE', *, *, #1288, .T. ) ;
#76 = AXIS2_PLACEMENT_3D ( 'NONE', #85, #792, #47 ) ;
#77 = AXIS2_PLACEMENT_3D ( 'NONE', #1445, #458, #337 ) ;
#78 = AXIS2_PLACEMENT_3D ( 'NONE', #391, #743, #1259 ) ;
#79 = VECTOR ( 'NONE', #1345, 1000.000000000000000 ) ;
#80 = ADVANCED_FACE ( 'NONE', ( #500, #1011 ), #254, .T. ) ;
#81 = LINE ( 'NONE', #679, #816 ) ;
#82 = ORIENTED_EDGE ( 'NONE', *, *, #1581, .F. ) ;
#83 = ORIENTED_EDGE ( 'NONE', *, *, #591, .F. ) ;
#84 = FACE_BOUND ( 'NONE', #38, .T. ) ;
#85 = CARTESIAN_POINT ( 'NONE',  ( -12.99999999999999467, 14.00000000000000533, 46.34482300479488259 ) ) ;
#86 = ORIENTED_EDGE ( 'NONE', *, *, #32, .F. ) ;
#87 = ORIENTED_EDGE ( 'NONE', *, *, #621, .T. ) ;
#88 = ORIENTED_EDGE ( 'NONE', *, *, #1190, .T. ) ;
#89 = CARTESIAN_POINT ( 'NONE',  ( -12.99999999999999645, -27.00000000000003553, -1.000000000000000000 ) ) ;
#90 = DIRECTION ( 'NONE',  ( 1.000000000000000000, 0.000000000000000000, 0.000000000000000000 ) ) ;
#91 = CARTESIAN_POINT ( 'NONE',  ( -12.99999999999999645, -27.00000000000003553, -0.8999999999999998002 ) ) ;
#92 = ORIENTED_EDGE ( 'NONE', *, *, #1100, .T. ) ;
#93 = ORIENTED_EDGE ( 'NONE', *, *, #207, .T. ) ;
#94 = LINE ( 'NONE', #332, #50 ) ;
#95 = DIRECTION ( 'NONE',  ( -1.000000000000000000, 0.000000000000000000, -0.000000000000000000 ) ) ;
#96 = FACE_BOUND ( 'NONE', #1324, .T. ) ;
#97 = EDGE_CURVE ( 'NONE', #196, #1059, #1176, .T. ) ;
#98 = ORIENTED_EDGE ( 'NONE', *, *, #1375, .T. ) ;
#99 = ORIENTED_EDGE ( 'NONE', *, *, #732, .F. ) ;
#100 = FACE_OUTER_BOUND ( 'NONE', #366, .T. ) ;
#101 = AXIS2_PLACEMENT_3D ( 'NONE', #280, #1021, #522 ) ;
#102 = CIRCLE ( 'NONE', #918, 1.249999999999999334 ) ;
#103 = AXIS2_PLACEMENT_3D ( 'NONE', #733, #559, #800 ) ;
#104 = ORIENTED_EDGE ( 'NONE', *, *, #1430, .F. ) ;
#105 = AXIS2_PLACEMENT_3D ( 'NONE', #125, #970, #983 ) ;
#106 = ADVANCED_FACE ( 'NONE', ( #878 ), #143, .T. ) ;
#107 = ORIENTED_EDGE ( 'NONE', *, *, #660, .F. ) ;
#108 = VECTOR ( 'NONE', #359, 1000.000000000000000 ) ;
#109 = DIRECTION ( 'NONE',  ( -1.000000000000000000, 0.000000000000000000, 0.000000000000000000 ) ) ;
#110 = ADVANCED_FACE ( 'NONE', ( #1235 ), #981, .F. ) ;
#111 = EDGE_CURVE ( 'NONE', #1189, #1082, #1372, .T. ) ;
#112 = CARTESIAN_POINT ( 'NONE',  ( -15.00000000000000178, -12.50000000000000000, 7.000000000000000888 ) ) ;
#113 = VERTEX_POINT ( 'NONE', #754 ) ;
#114 = ORIENTED_EDGE ( 'NONE', *, *, #1499, .F. ) ;
#115 = DIRECTION ( 'NONE',  ( 0.000000000000000000, -1.000000000000000000, 0.000000000000000000 ) ) ;
#116 = ORIENTED_EDGE ( 'NONE', *, *, #1042, .T. ) ;
#117 = EDGE_LOOP ( 'NONE', ( #670, #330, #132, #554 ) ) ;
#118 = CARTESIAN_POINT ( 'NONE',  ( 0.000000000000000000, 20.00000000000000355, 1.800000000000000044 ) ) ;
#119 = LINE ( 'NONE', #594, #1133 ) ;
#120 = EDGE_LOOP ( 'NONE', ( #451, #1560, #658, #935 ) ) ;
#121 = VERTEX_POINT ( 'NONE', #493 ) ;
#122 = FACE_OUTER_BOUND ( 'NONE', #1047, .T. ) ;
#123 = EDGE_CURVE ( 'NONE', #1439, #826, #247, .T. ) ;
#124 = ORIENTED_EDGE ( 'NONE', *, *, #667, .F. ) ;
#125 = CARTESIAN_POINT ( 'NONE',  ( -14.99999999999999467, -33.00000000000000000, 2.000000000000000000 ) ) ;
#126 = DIRECTION ( 'NONE',  ( -1.000000000000000000, -8.673617379884004904E-16, 0.000000000000000000 ) ) ;
#127 = ORIENTED_EDGE ( 'NONE', *, *, #553, .T. ) ;
#128 = ORIENTED_EDGE ( 'NONE', *, *, #752, .F. ) ;
#129 = DIRECTION ( 'NONE',  ( 1.000000000000000000, -0.000000000000000000, 0.000000000000000000 ) ) ;
#130 = DIRECTION ( 'NONE',  ( 0.000000000000000000, -1.000000000000000000, 0.000000000000000000 ) ) ;
#131 = VECTOR ( 'NONE', #1069, 1000.000000000000000 ) ;
#132 = ORIENTED_EDGE ( 'NONE', *, *, #1558, .F. ) ;
#133 = DIRECTION ( 'NONE',  ( 0.000000000000000000, 1.000000000000000000, 0.000000000000000000 ) ) ;
#134 = VECTOR ( 'NONE', #842, 1000.000000000000000 ) ;
#135 = LINE ( 'NONE', #278, #848 ) ;
#136 = PLANE ( 'NONE',  #1022 ) ;
#137 = DIRECTION ( 'NONE',  ( 0.000000000000000000, -0.000000000000000000, 1.000000000000000000 ) ) ;
#138 = FACE_OUTER_BOUND ( 'NONE', #490, .T. ) ;
#139 = VERTEX_POINT ( 'NONE', #748 ) ;
#140 = CARTESIAN_POINT ( 'NONE',  ( 20.00000000000000355, 20.00000000000000355, 15.19999999999999929 ) ) ;
#141 =( NAMED_UNIT ( * ) SI_UNIT ( $, .STERADIAN. ) SOLID_ANGLE_UNIT ( ) );
#142 = LINE ( 'NONE', #259, #999 ) ;
#143 = PLANE ( 'NONE',  #1310 ) ;
#144 = CARTESIAN_POINT ( 'NONE',  ( -12.99999999999999467, 14.00000000000000533, 46.34482300479488259 ) ) ;
#145 = DIRECTION ( 'NONE',  ( -9.912705577010325549E-17, 1.000000000000000000, 0.000000000000000000 ) ) ;
#146 = LINE ( 'NONE', #364, #633 ) ;
#147 = EDGE_CURVE ( 'NONE', #802, #1163, #664, .T. ) ;
#148 = CARTESIAN_POINT ( 'NONE',  ( 18.10000000000000853, 20.00000000000000355, 1.800000000000000044 ) ) ;
#149 = FACE_OUTER_BOUND ( 'NONE', #9, .T. ) ;
#150 = CARTESIAN_POINT ( 'NONE',  ( -13.09999999999999432, -22.50000000000000000, 0.000000000000000000 ) ) ;
#151 = AXIS2_PLACEMENT_3D ( 'NONE', #144, #1380, #909 ) ;
#152 = AXIS2_PLACEMENT_3D ( 'NONE', #586, #1041, #787 ) ;
#153 = ADVANCED_FACE ( 'NONE', ( #149 ), #485, .F. ) ;
#154 = DIRECTION ( 'NONE',  ( 0.000000000000000000, 0.000000000000000000, 1.000000000000000000 ) ) ;
#155 = AXIS2_PLACEMENT_3D ( 'NONE', #648, #520, #1262 ) ;
#156 = DIRECTION ( 'NONE',  ( 0.000000000000000000, 0.000000000000000000, -1.000000000000000000 ) ) ;
#157 = DIRECTION ( 'NONE',  ( 1.309225264888156130E-16, -1.000000000000000000, 0.000000000000000000 ) ) ;
#158 = CARTESIAN_POINT ( 'NONE',  ( -7.999999999999992895, -23.46446609406726935, 12.44999999999999929 ) ) ;
#159 = DIRECTION ( 'NONE',  ( -9.912705577010326782E-17, 1.000000000000000000, 0.000000000000000000 ) ) ;
#160 = CARTESIAN_POINT ( 'NONE',  ( 0.000000000000000000, 0.000000000000000000, 6.999999999999999112 ) ) ;
#161 = DIRECTION ( 'NONE',  ( 1.000000000000000000, 9.912705577010325549E-17, 0.000000000000000000 ) ) ;
#162 = ADVANCED_FACE ( 'NONE', ( #884 ), #365, .F. ) ;
#163 = CARTESIAN_POINT ( 'NONE',  ( 1.084202172485499859E-14, -12.49999999999998934, 0.000000000000000000 ) ) ;
#164 = EDGE_LOOP ( 'NONE', ( #82, #574, #93, #299, #768 ) ) ;
#165 = DIRECTION ( 'NONE',  ( -1.000000000000000000, 0.000000000000000000, -0.000000000000000000 ) ) ;
#166 = ORIENTED_EDGE ( 'NONE', *, *, #1339, .F. ) ;
#167 = CARTESIAN_POINT ( 'NONE',  ( 15.50000000000000888, 17.00000000000000355, 5.700000000000002842 ) ) ;
#168 = PLANE ( 'NONE',  #1462 ) ;
#169 = DIRECTION ( 'NONE',  ( 1.000000000000000000, 0.000000000000000000, 0.000000000000000000 ) ) ;
#170 = ORIENTED_EDGE ( 'NONE', *, *, #1328, .F. ) ;
#171 = EDGE_CURVE ( 'NONE', #991, #358, #204, .T. ) ;
#172 = DIRECTION ( 'NONE',  ( 0.000000000000000000, 0.000000000000000000, 1.000000000000000000 ) ) ;
#173 = DIRECTION ( 'NONE',  ( -0.000000000000000000, -0.000000000000000000, 1.000000000000000000 ) ) ;
#174 = VERTEX_POINT ( 'NONE', #448 ) ;
#175 = FACE_OUTER_BOUND ( 'NONE', #1299, .T. ) ;
#176 = VECTOR ( 'NONE', #1355, 1000.000000000000000 ) ;
#177 = ORIENTED_EDGE ( 'NONE', *, *, #672, .T. ) ;
#178 = DIRECTION ( 'NONE',  ( 9.912705577010325549E-17, -1.000000000000000000, 0.000000000000000000 ) ) ;
#179 = ORIENTED_EDGE ( 'NONE', *, *, #880, .F. ) ;
#180 = DIRECTION ( 'NONE',  ( 0.000000000000000000, 0.000000000000000000, 1.000000000000000000 ) ) ;
#181 = VERTEX_POINT ( 'NONE', #696 ) ;
#182 = DIRECTION ( 'NONE',  ( 0.000000000000000000, -0.000000000000000000, -1.000000000000000000 ) ) ;
#183 = VERTEX_POINT ( 'NONE', #1562 ) ;
#184 = EDGE_CURVE ( 'NONE', #1163, #802, #535, .T. ) ;
#185 = CARTESIAN_POINT ( 'NONE',  ( 0.000000000000000000, 0.000000000000000000, 15.19999999999999929 ) ) ;
#186 =( NAMED_UNIT ( * ) PLANE_ANGLE_UNIT ( ) SI_UNIT ( $, .RADIAN. ) );
#187 = EDGE_LOOP ( 'NONE', ( #297, #1272, #686, #1112 ) ) ;
#188 = CARTESIAN_POINT ( 'NONE',  ( -4.499999999999990230, -33.00000000000000000, 7.000000000000000888 ) ) ;
#189 = LINE ( 'NONE', #1180, #1156 ) ;
#190 = EDGE_LOOP ( 'NONE', ( #799, #977 ) ) ;
#191 = EDGE_CURVE ( 'NONE', #1553, #966, #64, .T. ) ;
#192 = ORIENTED_EDGE ( 'NONE', *, *, #684, .T. ) ;
#193 = ORIENTED_EDGE ( 'NONE', *, *, #502, .F. ) ;
#194 = DIRECTION ( 'NONE',  ( 0.000000000000000000, 0.000000000000000000, 1.000000000000000000 ) ) ;
#195 = DIRECTION ( 'NONE',  ( 0.000000000000000000, -0.000000000000000000, -1.000000000000000000 ) ) ;
#196 = VERTEX_POINT ( 'NONE', #1427 ) ;
#197 = AXIS2_PLACEMENT_3D ( 'NONE', #1506, #766, #1522 ) ;
#198 = AXIS2_PLACEMENT_3D ( 'NONE', #1585, #475, #1461 ) ;
#199 = AXIS2_PLACEMENT_3D ( 'NONE', #1433, #1538, #807 ) ;
#200 = AXIS2_PLACEMENT_3D ( 'NONE', #1313, #921, #1421 ) ;
#201 = DIRECTION ( 'NONE',  ( 0.000000000000000000, 0.000000000000000000, 1.000000000000000000 ) ) ;
#202 = VERTEX_POINT ( 'NONE', #1325 ) ;
#203 = VERTEX_POINT ( 'NONE', #463 ) ;
#204 = LINE ( 'NONE', #341, #1000 ) ;
#205 = CARTESIAN_POINT ( 'NONE',  ( 13.00000000000000888, 14.00000000000000533, 0.000000000000000000 ) ) ;
#206 = DIRECTION ( 'NONE',  ( -1.000000000000000000, -1.119176436114069085E-16, 0.000000000000000000 ) ) ;
#207 = EDGE_CURVE ( 'NONE', #904, #429, #688, .T. ) ;
#208 = ORIENTED_EDGE ( 'NONE', *, *, #1523, .F. ) ;
#209 = ORIENTED_EDGE ( 'NONE', *, *, #472, .F. ) ;
#210 = CARTESIAN_POINT ( 'NONE',  ( -15.00000000000000178, 20.00000000000000000, 2.000000000000000000 ) ) ;
#211 = CARTESIAN_POINT ( 'NONE',  ( 3.021776377507990598E-15, -27.00000000000003553, -3.000000000000000000 ) ) ;
#212 = LINE ( 'NONE', #1564, #1001 ) ;
#213 = ORIENTED_EDGE ( 'NONE', *, *, #1582, .T. ) ;
#214 = VERTEX_POINT ( 'NONE', #709 ) ;
#215 = DIRECTION ( 'NONE',  ( -0.000000000000000000, -1.000000000000000000, -0.000000000000000000 ) ) ;
#216 = EDGE_CURVE ( 'NONE', #358, #203, #1061, .T. ) ;
#217 = EDGE_CURVE ( 'NONE', #481, #1406, #1295, .T. ) ;
#218 = EDGE_LOOP ( 'NONE', ( #585, #673, #229, #170 ) ) ;
#219 = EDGE_CURVE ( 'NONE', #695, #1195, #1044, .T. ) ;
#220 = ORIENTED_EDGE ( 'NONE', *, *, #265, .T. ) ;
#221 = DIRECTION ( 'NONE',  ( -0.000000000000000000, -0.000000000000000000, 1.000000000000000000 ) ) ;
#222 = LINE ( 'NONE', #710, #275 ) ;
#223 = CARTESIAN_POINT ( 'NONE',  ( 18.10000000000000853, 20.00000000000000355, 15.19999999999999929 ) ) ;
#224 = ORIENTED_EDGE ( 'NONE', *, *, #1257, .T. ) ;
#225 = ORIENTED_EDGE ( 'NONE', *, *, #903, .F. ) ;
#226 = DIRECTION ( 'NONE',  ( 0.000000000000000000, 0.000000000000000000, -1.000000000000000000 ) ) ;
#227 = CIRCLE ( 'NONE', #1340, 1.249999999999999334 ) ;
#228 = VECTOR ( 'NONE', #1453, 1000.000000000000000 ) ;
#229 = ORIENTED_EDGE ( 'NONE', *, *, #1532, .T. ) ;
#230 = VECTOR ( 'NONE', #1225, 1000.000000000000000 ) ;
#231 = ORIENTED_EDGE ( 'NONE', *, *, #526, .F. ) ;
#232 = VECTOR ( 'NONE', #905, 1000.000000000000000 ) ;
#233 = DIRECTION ( 'NONE',  ( -0.000000000000000000, -1.000000000000000000, -0.000000000000000000 ) ) ;
#234 = CARTESIAN_POINT ( 'NONE',  ( 18.10000000000000853, 17.00000000000000355, 6.999999999999999112 ) ) ;
#235 = ORIENTED_EDGE ( 'NONE', *, *, #1582, .F. ) ;
#236 = EDGE_LOOP ( 'NONE', ( #1437, #240, #370, #1487 ) ) ;
#237 = DIRECTION ( 'NONE',  ( 0.000000000000000000, 0.000000000000000000, 1.000000000000000000 ) ) ;
#238 = EDGE_CURVE ( 'NONE', #940, #336, #94, .T. ) ;
#239 = EDGE_CURVE ( 'NONE', #331, #1574, #844, .T. ) ;
#240 = ORIENTED_EDGE ( 'NONE', *, *, #438, .T. ) ;
#241 = CARTESIAN_POINT ( 'NONE',  ( -13.09999999999999432, -22.50000000000000000, 7.000000000000000888 ) ) ;
#242 = LINE ( 'NONE', #1443, #538 ) ;
#243 = VERTEX_POINT ( 'NONE', #1179 ) ;
#244 = ORIENTED_EDGE ( 'NONE', *, *, #820, .T. ) ;
#245 = DIRECTION ( 'NONE',  ( 0.000000000000000000, -1.000000000000000000, 0.000000000000000000 ) ) ;
#246 = ADVANCED_FACE ( 'NONE', ( #72, #84 ), #568, .F. ) ;
#247 = LINE ( 'NONE', #158, #637 ) ;
#248 = VERTEX_POINT ( 'NONE', #1555 ) ;
#249 = DIRECTION ( 'NONE',  ( 0.000000000000000000, 0.000000000000000000, -1.000000000000000000 ) ) ;
#250 = CARTESIAN_POINT ( 'NONE',  ( 18.00000000000001066, 20.00000000000000355, 15.19999999999999929 ) ) ;
#251 = ORIENTED_EDGE ( 'NONE', *, *, #327, .F. ) ;
#252 = SURFACE_STYLE_FILL_AREA ( #863 ) ;
#253 = DIRECTION ( 'NONE',  ( 0.000000000000000000, 1.000000000000000000, 0.000000000000000000 ) ) ;
#254 = PLANE ( 'NONE',  #277 ) ;
#255 = VECTOR ( 'NONE', #157, 1000.000000000000000 ) ;
#256 = VERTEX_POINT ( 'NONE', #325 ) ;
#257 = AXIS2_PLACEMENT_3D ( 'NONE', #997, #626, #154 ) ;
#258 = DIRECTION ( 'NONE',  ( -1.734723475976801178E-15, -1.000000000000000000, 0.000000000000000000 ) ) ;
#259 = CARTESIAN_POINT ( 'NONE',  ( -10.50000000000000178, -23.00000000000000000, -1.000000000000000000 ) ) ;
#260 = PLANE ( 'NONE',  #714 ) ;
#261 = CARTESIAN_POINT ( 'NONE',  ( 18.10000000000000853, -30.00000000000000711, 0.000000000000000000 ) ) ;
#262 = ADVANCED_FACE ( 'NONE', ( #813 ), #701, .F. ) ;
#263 = DIRECTION ( 'NONE',  ( 0.000000000000000000, -1.000000000000000000, 0.000000000000000000 ) ) ;
#264 = LINE ( 'NONE', #1253, #1129 ) ;
#265 = EDGE_CURVE ( 'NONE', #214, #543, #1186, .T. ) ;
#266 = DIRECTION ( 'NONE',  ( 0.000000000000000000, 0.000000000000000000, -1.000000000000000000 ) ) ;
#267 = DIRECTION ( 'NONE',  ( 0.000000000000000000, 0.000000000000000000, -1.000000000000000000 ) ) ;
#268 = ADVANCED_FACE ( 'NONE', ( #821 ), #1317, .T. ) ;
#269 = LINE ( 'NONE', #1273, #1541 ) ;
#270 = CARTESIAN_POINT ( 'NONE',  ( 13.00000000000000888, -23.46446609406726935, 12.44999999999999929 ) ) ;
#271 = DIRECTION ( 'NONE',  ( 1.000000000000000000, -0.000000000000000000, 0.000000000000000000 ) ) ;
#272 = CARTESIAN_POINT ( 'NONE',  ( 20.00000000000000355, 20.00000000000000355, 2.000000000000000000 ) ) ;
#273 = DIRECTION ( 'NONE',  ( -0.000000000000000000, -0.000000000000000000, 1.000000000000000000 ) ) ;
#274 = CARTESIAN_POINT ( 'NONE',  ( 15.50000000000000888, 17.00000000000000355, 3.299999999999998046 ) ) ;
#275 = VECTOR ( 'NONE', #577, 1000.000000000000000 ) ;
#276 = VECTOR ( 'NONE', #1140, 1000.000000000000000 ) ;
#277 = AXIS2_PLACEMENT_3D ( 'NONE', #382, #1358, #761 ) ;
#278 = CARTESIAN_POINT ( 'NONE',  ( -13.09999999999999432, -30.00000000000000711, 0.000000000000000000 ) ) ;
#279 = VECTOR ( 'NONE', #1381, 1000.000000000000000 ) ;
#280 = CARTESIAN_POINT ( 'NONE',  ( -7.999999999999992895, -23.46446609406726935, 11.19999999999999929 ) ) ;
#281 = EDGE_CURVE ( 'NONE', #467, #345, #1571, .T. ) ;
#282 = LINE ( 'NONE', #1248, #943 ) ;
#283 = LINE ( 'NONE', #898, #587 ) ;
#284 = CARTESIAN_POINT ( 'NONE',  ( -7.999999999999996447, 0.000000000000000000, 0.000000000000000000 ) ) ;
#285 = ORIENTED_EDGE ( 'NONE', *, *, #1504, .F. ) ;
#286 = DIRECTION ( 'NONE',  ( 0.000000000000000000, 0.000000000000000000, 1.000000000000000000 ) ) ;
#287 = DIRECTION ( 'NONE',  ( -0.000000000000000000, -1.000000000000000000, -0.000000000000000000 ) ) ;
#288 = FACE_OUTER_BOUND ( 'NONE', #557, .T. ) ;
#289 = EDGE_LOOP ( 'NONE', ( #501, #352 ) ) ;
#290 = DIRECTION ( 'NONE',  ( 0.000000000000000000, -1.000000000000000000, 0.000000000000000000 ) ) ;
#291 = LINE ( 'NONE', #927, #1308 ) ;
#292 = VERTEX_POINT ( 'NONE', #188 ) ;
#293 = CARTESIAN_POINT ( 'NONE',  ( -14.99999999999999467, -33.00000000000000000, 2.000000000000000000 ) ) ;
#294 = EDGE_LOOP ( 'NONE', ( #579, #861, #1165, #1024 ) ) ;
#295 = LINE ( 'NONE', #1393, #512 ) ;
#296 = DIRECTION ( 'NONE',  ( -0.000000000000000000, -1.000000000000000000, -0.000000000000000000 ) ) ;
#297 = ORIENTED_EDGE ( 'NONE', *, *, #111, .F. ) ;
#298 = DIRECTION ( 'NONE',  ( 0.000000000000000000, 1.000000000000000000, -0.000000000000000000 ) ) ;
#299 = ORIENTED_EDGE ( 'NONE', *, *, #546, .T. ) ;
#300 = CARTESIAN_POINT ( 'NONE',  ( 0.000000000000000000, -23.00000000000000000, -1.000000000000000000 ) ) ;
#301 = VECTOR ( 'NONE', #165, 1000.000000000000000 ) ;
#302 = ORIENTED_EDGE ( 'NONE', *, *, #773, .F. ) ;
#303 = VECTOR ( 'NONE', #1485, 1000.000000000000000 ) ;
#304 = VECTOR ( 'NONE', #1588, 1000.000000000000000 ) ;
#305 = ADVANCED_FACE ( 'NONE', ( #681, #1170, #840, #1482 ), #487, .F. ) ;
#306 = AXIS2_PLACEMENT_3D ( 'NONE', #1222, #129, #156 ) ;
#307 = CARTESIAN_POINT ( 'NONE',  ( 15.49999999999999645, 0.000000000000000000, -3.000000000000000000 ) ) ;
#308 = CARTESIAN_POINT ( 'NONE',  ( 13.00000000000000888, -30.00000000000000711, 11.19999999999999929 ) ) ;
#309 = LINE ( 'NONE', #439, #1105 ) ;
#310 = EDGE_LOOP ( 'NONE', ( #1066, #1300, #63, #1172, #666, #423 ) ) ;
#311 = DIRECTION ( 'NONE',  ( -6.870143659382344768E-17, 1.000000000000000000, 0.000000000000000000 ) ) ;
#312 = DIRECTION ( 'NONE',  ( -1.000000000000000000, 0.000000000000000000, -0.000000000000000000 ) ) ;
#313 = ORIENTED_EDGE ( 'NONE', *, *, #171, .F. ) ;
#314 = EDGE_CURVE ( 'NONE', #618, #469, #1473, .T. ) ;
#315 = EDGE_CURVE ( 'NONE', #1406, #811, #992, .T. ) ;
#316 = SHAPE_DEFINITION_REPRESENTATION ( #426, #466 ) ;
#317 = ORIENTED_EDGE ( 'NONE', *, *, #1521, .F. ) ;
#318 = ORIENTED_EDGE ( 'NONE', *, *, #338, .F. ) ;
#319 = CARTESIAN_POINT ( 'NONE',  ( 9.500000000000010658, -30.00000000000000711, 7.000000000000000888 ) ) ;
#320 = LINE ( 'NONE', #894, #872 ) ;
#321 = ORIENTED_EDGE ( 'NONE', *, *, #1405, .T. ) ;
#322 = APPLICATION_PROTOCOL_DEFINITION ( 'draft international standard', 'automotive_design', 1998, #11 ) ;
#323 = EDGE_LOOP ( 'NONE', ( #839, #677, #477, #1583 ) ) ;
#324 = ORIENTED_EDGE ( 'NONE', *, *, #752, .T. ) ;
#325 = CARTESIAN_POINT ( 'NONE',  ( 13.00000000000000888, -33.00000000000000000, 12.44999999999999929 ) ) ;
#326 = DIRECTION ( 'NONE',  ( -0.000000000000000000, 0.000000000000000000, 1.000000000000000000 ) ) ;
#327 = EDGE_CURVE ( 'NONE', #1073, #720, #728, .T. ) ;
#328 = AXIS2_PLACEMENT_3D ( 'NONE', #731, #245, #394 ) ;
#329 = VECTOR ( 'NONE', #133, 1000.000000000000000 ) ;
#330 = ORIENTED_EDGE ( 'NONE', *, *, #428, .T. ) ;
#331 = VERTEX_POINT ( 'NONE', #2 ) ;
#332 = CARTESIAN_POINT ( 'NONE',  ( -10.50000000000000178, 0.000000000000000000, 0.000000000000000000 ) ) ;
#333 = CARTESIAN_POINT ( 'NONE',  ( -13.09999999999999609, -8.999888193790868638E-16, 1.800000000000000044 ) ) ;
#334 = LINE ( 'NONE', #578, #279 ) ;
#335 = ADVANCED_FACE ( 'NONE', ( #1335 ), #867, .F. ) ;
#336 = VERTEX_POINT ( 'NONE', #721 ) ;
#337 = DIRECTION ( 'NONE',  ( 0.000000000000000000, 0.000000000000000000, -1.000000000000000000 ) ) ;
#338 = EDGE_CURVE ( 'NONE', #724, #292, #1201, .T. ) ;
#339 = ORIENTED_EDGE ( 'NONE', *, *, #265, .F. ) ;
#340 = VERTEX_POINT ( 'NONE', #602 ) ;
#341 = CARTESIAN_POINT ( 'NONE',  ( -15.00000000000000178, -22.49999999999999645, 7.000000000000000888 ) ) ;
#342 = PLANE ( 'NONE',  #641 ) ;
#343 = CARTESIAN_POINT ( 'NONE',  ( -12.99999999999999467, 14.00000000000000533, 6.999999999999999112 ) ) ;
#344 = VERTEX_POINT ( 'NONE', #1464 ) ;
#345 = VERTEX_POINT ( 'NONE', #1587 ) ;
#346 = LINE ( 'NONE', #834, #534 ) ;
#347 = ORIENTED_EDGE ( 'NONE', *, *, #599, .T. ) ;
#348 = ORIENTED_EDGE ( 'NONE', *, *, #1121, .T. ) ;
#349 = CARTESIAN_POINT ( 'NONE',  ( 0.000000000000000000, 14.00000000000000533, 0.000000000000000000 ) ) ;
#350 = EDGE_CURVE ( 'NONE', #720, #862, #478, .T. ) ;
#351 = CARTESIAN_POINT ( 'NONE',  ( 18.00000000000001066, -30.00000000000000711, 15.19999999999999751 ) ) ;
#352 = ORIENTED_EDGE ( 'NONE', *, *, #1328, .T. ) ;
#353 = ORIENTED_EDGE ( 'NONE', *, *, #123, .T. ) ;
#354 = CARTESIAN_POINT ( 'NONE',  ( 20.00000000000001066, -33.00000000000000000, 2.000000000000000000 ) ) ;
#355 = EDGE_CURVE ( 'NONE', #1052, #1423, #851, .T. ) ;
#356 = AXIS2_PLACEMENT_3D ( 'NONE', #272, #889, #31 ) ;
#357 = VECTOR ( 'NONE', #1013, 1000.000000000000000 ) ;
#358 = VERTEX_POINT ( 'NONE', #241 ) ;
#359 = DIRECTION ( 'NONE',  ( 6.870143659382344768E-17, -1.000000000000000000, 0.000000000000000000 ) ) ;
#360 = DIRECTION ( 'NONE',  ( -1.000000000000000000, -1.119176436114069085E-16, 0.000000000000000000 ) ) ;
#361 = EDGE_CURVE ( 'NONE', #1518, #121, #608, .T. ) ;
#362 = ORIENTED_EDGE ( 'NONE', *, *, #314, .T. ) ;
#363 = EDGE_LOOP ( 'NONE', ( #1577, #14 ) ) ;
#364 = CARTESIAN_POINT ( 'NONE',  ( 0.000000000000000000, 17.00000000000000355, 1.800000000000000044 ) ) ;
#365 = CYLINDRICAL_SURFACE ( 'NONE', #103, 1.249999999999999334 ) ;
#366 = EDGE_LOOP ( 'NONE', ( #1472, #708, #83, #179 ) ) ;
#367 = CARTESIAN_POINT ( 'NONE',  ( 15.49999999999999645, 0.000000000000000000, -4.000000000000000000 ) ) ;
#368 = CARTESIAN_POINT ( 'NONE',  ( 1.734723475976807094E-15, 12.99999999999999645, -0.8999999999999998002 ) ) ;
#369 = ORIENTED_EDGE ( 'NONE', *, *, #1067, .T. ) ;
#370 = ORIENTED_EDGE ( 'NONE', *, *, #1521, .T. ) ;
#371 = CARTESIAN_POINT ( 'NONE',  ( 15.49999999999999645, 12.99999999999999467, -0.8999999999999998002 ) ) ;
#372 = PLANE ( 'NONE',  #356 ) ;
#373 = DIRECTION ( 'NONE',  ( -1.334402673828313586E-16, -1.000000000000000000, 0.000000000000000000 ) ) ;
#374 = EDGE_LOOP ( 'NONE', ( #166, #251, #414, #412 ) ) ;
#375 = LINE ( 'NONE', #1086, #1004 ) ;
#376 = PLANE ( 'NONE',  #564 ) ;
#377 = FACE_OUTER_BOUND ( 'NONE', #1569, .T. ) ;
#378 = EDGE_CURVE ( 'NONE', #202, #1537, #1352, .T. ) ;
#379 = VECTOR ( 'NONE', #161, 1000.000000000000000 ) ;
#380 = CARTESIAN_POINT ( 'NONE',  ( -7.999999999999992895, -30.00000000000000711, 12.44999999999999929 ) ) ;
#381 = EDGE_CURVE ( 'NONE', #1059, #196, #460, .T. ) ;
#382 = CARTESIAN_POINT ( 'NONE',  ( 0.000000000000000000, 0.000000000000000000, -3.000000000000000000 ) ) ;
#383 = PRODUCT_DEFINITION_FORMATION_WITH_SPECIFIED_SOURCE ( '浠', '', #656, .NOT_KNOWN. ) ;
#384 = ORIENTED_EDGE ( 'NONE', *, *, #55, .F. ) ;
#385 = VECTOR ( 'NONE', #703, 1000.000000000000000 ) ;
#386 = CARTESIAN_POINT ( 'NONE',  ( 18.00000000000000000, 20.00000000000000355, -1.000000000000000222 ) ) ;
#387 = EDGE_CURVE ( 'NONE', #1200, #986, #375, .T. ) ;
#388 = EDGE_CURVE ( 'NONE', #770, #139, #963, .T. ) ;
#389 = ADVANCED_FACE ( 'NONE', ( #1219, #96 ), #823, .F. ) ;
#390 = LINE ( 'NONE', #1233, #636 ) ;
#391 = CARTESIAN_POINT ( 'NONE',  ( -10.49999999999999467, 17.00000000000000355, 4.500000000000000888 ) ) ;
#392 = FACE_OUTER_BOUND ( 'NONE', #433, .T. ) ;
#393 = DIRECTION ( 'NONE',  ( -0.000000000000000000, -1.000000000000000000, -0.000000000000000000 ) ) ;
#394 = DIRECTION ( 'NONE',  ( 0.000000000000000000, -0.000000000000000000, -1.000000000000000000 ) ) ;
#395 = CARTESIAN_POINT ( 'NONE',  ( 15.50000000000000888, 10.60588745030457325, 3.299999999999998046 ) ) ;
#396 = DIRECTION ( 'NONE',  ( 0.000000000000000000, 0.000000000000000000, -1.000000000000000000 ) ) ;
#397 = PLANE ( 'NONE',  #759 ) ;
#398 = DIRECTION ( 'NONE',  ( -1.309225264888156130E-16, 1.000000000000000000, -0.000000000000000000 ) ) ;
#399 = EDGE_CURVE ( 'NONE', #1348, #1481, #1079, .T. ) ;
#400 = LINE ( 'NONE', #1151, #232 ) ;
#401 = LINE ( 'NONE', #1371, #255 ) ;
#402 = ORIENTED_EDGE ( 'NONE', *, *, #1416, .T. ) ;
#403 = DIRECTION ( 'NONE',  ( 0.000000000000000000, 0.000000000000000000, 1.000000000000000000 ) ) ;
#404 = VECTOR ( 'NONE', #582, 1000.000000000000000 ) ;
#405 = VECTOR ( 'NONE', #797, 1000.000000000000000 ) ;
#406 = LINE ( 'NONE', #250, #668 ) ;
#407 = AXIS2_PLACEMENT_3D ( 'NONE', #1319, #1458, #584 ) ;
#408 = CYLINDRICAL_SURFACE ( 'NONE', #101, 1.249999999999999334 ) ;
#409 = CARTESIAN_POINT ( 'NONE',  ( -13.09999999999999787, 20.00000000000000355, 0.000000000000000000 ) ) ;
#410 = DIRECTION ( 'NONE',  ( 0.000000000000000000, 0.000000000000000000, 1.000000000000000000 ) ) ;
#411 = CARTESIAN_POINT ( 'NONE',  ( -13.00000000000000178, 20.00000000000000000, -1.000000000000000000 ) ) ;
#412 = ORIENTED_EDGE ( 'NONE', *, *, #1484, .F. ) ;
#413 = LINE ( 'NONE', #1150, #1080 ) ;
#414 = ORIENTED_EDGE ( 'NONE', *, *, #1581, .T. ) ;
#415 = CARTESIAN_POINT ( 'NONE',  ( -10.50000000000000178, -23.00000000000000000, -4.000000000000000000 ) ) ;
#416 = CARTESIAN_POINT ( 'NONE',  ( -13.00000000000000000, -1.288651725011342272E-15, -3.000000000000000000 ) ) ;
#417 = ORIENTED_EDGE ( 'NONE', *, *, #1126, .F. ) ;
#418 = CARTESIAN_POINT ( 'NONE',  ( 18.00000000000001066, 17.00000000000000355, 6.999999999999999112 ) ) ;
#419 = EDGE_CURVE ( 'NONE', #818, #1065, #212, .T. ) ;
#420 = DIRECTION ( 'NONE',  ( 0.000000000000000000, -1.000000000000000000, 0.000000000000000000 ) ) ;
#421 = EDGE_LOOP ( 'NONE', ( #462, #789, #1432, #1460 ) ) ;
#422 = CARTESIAN_POINT ( 'NONE',  ( 0.000000000000000000, 0.000000000000000000, 6.999999999999999112 ) ) ;
#423 = ORIENTED_EDGE ( 'NONE', *, *, #895, .T. ) ;
#424 = DIRECTION ( 'NONE',  ( 0.000000000000000000, 0.000000000000000000, -1.000000000000000000 ) ) ;
#425 = LINE ( 'NONE', #307, #791 ) ;
#426 = PRODUCT_DEFINITION_SHAPE ( 'NONE', 'NONE',  #519 ) ;
#427 = CARTESIAN_POINT ( 'NONE',  ( 15.50000000000000888, 14.00000000000000533, 4.500000000000000888 ) ) ;
#428 = EDGE_CURVE ( 'NONE', #61, #967, #712, .T. ) ;
#429 = VERTEX_POINT ( 'NONE', #479 ) ;
#430 = DIRECTION ( 'NONE',  ( 1.000000000000000000, 1.309225264888156130E-16, -0.000000000000000000 ) ) ;
#431 = PLANE ( 'NONE',  #1544 ) ;
#432 = STYLED_ITEM ( 'NONE', ( #1363 ), #964 ) ;
#433 = EDGE_LOOP ( 'NONE', ( #824, #1097, #683, #837 ) ) ;
#434 = VECTOR ( 'NONE', #760, 1000.000000000000000 ) ;
#435 = CLOSED_SHELL ( 'NONE', ( #153, #1046, #1003, #734, #838, #810, #110, #45, #1530, #804, #949, #106, #1245, #67, #645, #1182, #1092, #803, #555, #926, #1125, #246, #305, #1384, #389, #1237, #335, #162, #906, #262, #588, #1412, #1050, #521, #782, #57, #598, #1166, #955, #856, #1549, #268, #1261, #1474, #80, #1216, #946 ) ) ;
#436 = VECTOR ( 'NONE', #1346, 1000.000000000000000 ) ;
#437 = CIRCLE ( 'NONE', #1199, 1.249999999999999334 ) ;
#438 = EDGE_CURVE ( 'NONE', #452, #1351, #119, .T. ) ;
#439 = CARTESIAN_POINT ( 'NONE',  ( 0.000000000000000000, -30.00000000000000711, 0.000000000000000000 ) ) ;
#440 = ORIENTED_EDGE ( 'NONE', *, *, #1240, .T. ) ;
#441 = ORIENTED_EDGE ( 'NONE', *, *, #26, .F. ) ;
#442 = DIRECTION ( 'NONE',  ( 1.000000000000000000, -1.734723475976800981E-15, 0.000000000000000000 ) ) ;
#443 = CARTESIAN_POINT ( 'NONE',  ( -4.499999999999990230, -33.00000000000000000, 0.000000000000000000 ) ) ;
#444 = VERTEX_POINT ( 'NONE', #488 ) ;
#445 = ORIENTED_EDGE ( 'NONE', *, *, #1533, .F. ) ;
#446 = EDGE_LOOP ( 'NONE', ( #86, #1398, #951, #566 ) ) ;
#447 = EDGE_CURVE ( 'NONE', #595, #1196, #603, .T. ) ;
#448 = CARTESIAN_POINT ( 'NONE',  ( -13.00000000000000178, 20.00000000000000000, -0.8999999999999998002 ) ) ;
#449 = CARTESIAN_POINT ( 'NONE',  ( -7.999999999999992895, -33.00000000000000000, 12.44999999999999929 ) ) ;
#450 = ORIENTED_EDGE ( 'NONE', *, *, #722, .T. ) ;
#451 = ORIENTED_EDGE ( 'NONE', *, *, #455, .T. ) ;
#452 = VERTEX_POINT ( 'NONE', #1338 ) ;
#453 = DIRECTION ( 'NONE',  ( 1.000000000000000000, 0.000000000000000000, 0.000000000000000000 ) ) ;
#454 = FACE_OUTER_BOUND ( 'NONE', #164, .T. ) ;
#455 = EDGE_CURVE ( 'NONE', #469, #1525, #1204, .T. ) ;
#456 = CARTESIAN_POINT ( 'NONE',  ( 18.10000000000000853, 0.000000000000000000, 1.800000000000000044 ) ) ;
#457 = VECTOR ( 'NONE', #897, 1000.000000000000000 ) ;
#458 = DIRECTION ( 'NONE',  ( 1.000000000000000000, -0.000000000000000000, 0.000000000000000000 ) ) ;
#459 = AXIS2_PLACEMENT_3D ( 'NONE', #516, #1136, #267 ) ;
#460 = CIRCLE ( 'NONE', #1494, 1.200000000000000622 ) ;
#461 = ORIENTED_EDGE ( 'NONE', *, *, #1306, .F. ) ;
#462 = ORIENTED_EDGE ( 'NONE', *, *, #684, .F. ) ;
#463 = CARTESIAN_POINT ( 'NONE',  ( -13.09999999999999609, -12.49999999999999822, 7.000000000000000888 ) ) ;
#464 = CARTESIAN_POINT ( 'NONE',  ( -7.999999999999996447, 17.00000000000000355, 0.000000000000000000 ) ) ;
#465 = DIRECTION ( 'NONE',  ( -0.000000000000000000, -0.000000000000000000, 1.000000000000000000 ) ) ;
#466 = ADVANCED_BREP_SHAPE_REPRESENTATION ( 'tracker\X2\4e0a534a97624e9a514b529b7248\X0\', ( #964, #1229 ), #1566 ) ;
#467 = VERTEX_POINT ( 'NONE', #234 ) ;
#468 = FACE_OUTER_BOUND ( 'NONE', #923, .T. ) ;
#469 = VERTEX_POINT ( 'NONE', #1096 ) ;
#470 = ORIENTED_EDGE ( 'NONE', *, *, #880, .T. ) ;
#471 = CARTESIAN_POINT ( 'NONE',  ( 0.000000000000000000, -33.00000000000000000, 0.000000000000000000 ) ) ;
#472 = EDGE_CURVE ( 'NONE', #121, #1406, #1573, .T. ) ;
#473 = PLANE ( 'NONE',  #1466 ) ;
#474 = ORIENTED_EDGE ( 'NONE', *, *, #1072, .F. ) ;
#475 = DIRECTION ( 'NONE',  ( 0.000000000000000000, 0.000000000000000000, -1.000000000000000000 ) ) ;
#476 = EDGE_CURVE ( 'NONE', #1446, #248, #984, .T. ) ;
#477 = ORIENTED_EDGE ( 'NONE', *, *, #378, .F. ) ;
#478 = LINE ( 'NONE', #1457, #108 ) ;
#479 = CARTESIAN_POINT ( 'NONE',  ( -7.999999999999996447, 17.00000000000000355, 1.799999999999999600 ) ) ;
#480 = VERTEX_POINT ( 'NONE', #973 ) ;
#481 = VERTEX_POINT ( 'NONE', #223 ) ;
#482 = CARTESIAN_POINT ( 'NONE',  ( -15.00000000000000178, -22.49999999999999645, 0.000000000000000000 ) ) ;
#483 = AXIS2_PLACEMENT_3D ( 'NONE', #1501, #12, #877 ) ;
#484 = VECTOR ( 'NONE', #1483, 1000.000000000000000 ) ;
#485 = CYLINDRICAL_SURFACE ( 'NONE', #1230, 1.200000000000000622 ) ;
#486 = EDGE_LOOP ( 'NONE', ( #285, #1016, #1321, #1426 ) ) ;
#487 = PLANE ( 'NONE',  #105 ) ;
#488 = CARTESIAN_POINT ( 'NONE',  ( -14.99999999999999467, -33.00000000000000000, 15.19999999999999929 ) ) ;
#489 = ORIENTED_EDGE ( 'NONE', *, *, #1551, .T. ) ;
#490 = EDGE_LOOP ( 'NONE', ( #1463, #1459, #1198, #56 ) ) ;
#491 = CARTESIAN_POINT ( 'NONE',  ( -10.50000000000000178, -23.00000000000000000, -3.000000000000000000 ) ) ;
#492 = CARTESIAN_POINT ( 'NONE',  ( 18.10000000000000853, -30.00000000000000711, 15.19999999999999929 ) ) ;
#493 = CARTESIAN_POINT ( 'NONE',  ( 18.10000000000000853, 17.00000000000000355, 1.800000000000000044 ) ) ;
#494 = ORIENTED_EDGE ( 'NONE', *, *, #447, .T. ) ;
#495 = DIRECTION ( 'NONE',  ( 0.000000000000000000, 0.000000000000000000, 1.000000000000000000 ) ) ;
#496 = EDGE_CURVE ( 'NONE', #1537, #480, #1475, .T. ) ;
#497 = CARTESIAN_POINT ( 'NONE',  ( 18.00000000000000000, 20.00000000000000355, -0.8999999999999998002 ) ) ;
#498 = DIRECTION ( 'NONE',  ( 0.000000000000000000, -0.000000000000000000, -1.000000000000000000 ) ) ;
#499 = CARTESIAN_POINT ( 'NONE',  ( -12.99999999999999645, -27.00000000000003553, -1.000000000000000000 ) ) ;
#500 = FACE_BOUND ( 'NONE', #607, .T. ) ;
#501 = ORIENTED_EDGE ( 'NONE', *, *, #785, .T. ) ;
#502 = EDGE_CURVE ( 'NONE', #936, #991, #1467, .T. ) ;
#503 = EDGE_CURVE ( 'NONE', #961, #1038, #1104, .T. ) ;
#504 = DIRECTION ( 'NONE',  ( -1.000000000000000000, -1.734723475976804136E-15, 0.000000000000000000 ) ) ;
#505 = EDGE_CURVE ( 'NONE', #203, #936, #242, .T. ) ;
#506 = AXIS2_PLACEMENT_3D ( 'NONE', #659, #525, #879 ) ;
#507 = DIRECTION ( 'NONE',  ( 1.000000000000000000, -1.734723475976801375E-15, 0.000000000000000000 ) ) ;
#508 = LINE ( 'NONE', #995, #1490 ) ;
#509 = AXIS2_PLACEMENT_3D ( 'NONE', #1419, #685, #798 ) ;
#510 = DIRECTION ( 'NONE',  ( 0.000000000000000000, 0.000000000000000000, 1.000000000000000000 ) ) ;
#511 = VECTOR ( 'NONE', #1007, 1000.000000000000000 ) ;
#512 = VECTOR ( 'NONE', #887, 1000.000000000000000 ) ;
#513 = DIRECTION ( 'NONE',  ( 0.000000000000000000, 0.000000000000000000, 1.000000000000000000 ) ) ;
#514 = FACE_OUTER_BOUND ( 'NONE', #1157, .T. ) ;
#515 = DIRECTION ( 'NONE',  ( -0.000000000000000000, -0.000000000000000000, 1.000000000000000000 ) ) ;
#516 = CARTESIAN_POINT ( 'NONE',  ( 9.500000000000010658, -15.13393125268149753, 1.999999999999999112 ) ) ;
#517 = CARTESIAN_POINT ( 'NONE',  ( -13.09999999999999787, 20.00000000000000355, 15.19999999999999929 ) ) ;
#518 = EDGE_CURVE ( 'NONE', #121, #467, #954, .T. ) ;
#519 = PRODUCT_DEFINITION ( '鏈', '', #383, #1392 ) ;
#520 = DIRECTION ( 'NONE',  ( -1.000000000000000000, 0.000000000000000000, 0.000000000000000000 ) ) ;
#521 = ADVANCED_FACE ( 'NONE', ( #1580 ), #473, .T. ) ;
#522 = DIRECTION ( 'NONE',  ( 0.000000000000000000, 0.000000000000000000, -1.000000000000000000 ) ) ;
#523 = CARTESIAN_POINT ( 'NONE',  ( -3.903127820947806496E-14, -22.50000000000002132, 0.000000000000000000 ) ) ;
#524 = ORIENTED_EDGE ( 'NONE', *, *, #616, .T. ) ;
#525 = DIRECTION ( 'NONE',  ( 0.000000000000000000, -1.000000000000000000, 0.000000000000000000 ) ) ;
#526 = EDGE_CURVE ( 'NONE', #181, #243, #7, .T. ) ;
#527 = LINE ( 'NONE', #1119, #357 ) ;
#528 = CARTESIAN_POINT ( 'NONE',  ( 15.50000000000000888, 10.60588745030457325, 4.500000000000000888 ) ) ;
#529 = LINE ( 'NONE', #1271, #1152 ) ;
#530 = DIRECTION ( 'NONE',  ( 1.000000000000000000, 0.000000000000000000, 0.000000000000000000 ) ) ;
#531 = LINE ( 'NONE', #284, #583 ) ;
#532 = VECTOR ( 'NONE', #1367, 1000.000000000000000 ) ;
#533 = VERTEX_POINT ( 'NONE', #1188 ) ;
#534 = VECTOR ( 'NONE', #298, 1000.000000000000000 ) ;
#535 = CIRCLE ( 'NONE', #1438, 1.200000000000002176 ) ;
#536 = LINE ( 'NONE', #1548, #1103 ) ;
#537 = EDGE_LOOP ( 'NONE', ( #976, #1281, #1333, #1315 ) ) ;
#538 = VECTOR ( 'NONE', #126, 1000.000000000000000 ) ;
#539 = CARTESIAN_POINT ( 'NONE',  ( -1.982541115402065307E-15, 20.00000000000000000, -4.000000000000000000 ) ) ;
#540 = DIRECTION ( 'NONE',  ( 0.000000000000000000, 0.000000000000000000, -1.000000000000000000 ) ) ;
#541 = ORIENTED_EDGE ( 'NONE', *, *, #327, .T. ) ;
#542 = DIRECTION ( 'NONE',  ( 1.000000000000000000, 0.000000000000000000, -0.000000000000000000 ) ) ;
#543 = VERTEX_POINT ( 'NONE', #91 ) ;
#544 = CARTESIAN_POINT ( 'NONE',  ( -4.499999999999990230, -30.00000000000000711, 7.000000000000000888 ) ) ;
#545 = ORIENTED_EDGE ( 'NONE', *, *, #1499, .T. ) ;
#546 = EDGE_CURVE ( 'NONE', #429, #1189, #334, .T. ) ;
#547 = DIRECTION ( 'NONE',  ( 0.000000000000000000, 0.000000000000000000, -1.000000000000000000 ) ) ;
#548 = ORIENTED_EDGE ( 'NONE', *, *, #660, .T. ) ;
#549 = CARTESIAN_POINT ( 'NONE',  ( 13.00000000000000888, -33.00000000000000000, 9.950000000000001066 ) ) ;
#550 = ORIENTED_EDGE ( 'NONE', *, *, #216, .T. ) ;
#551 = CARTESIAN_POINT ( 'NONE',  ( 18.10000000000000853, 20.00000000000000355, 0.000000000000000000 ) ) ;
#552 = CARTESIAN_POINT ( 'NONE',  ( 0.000000000000000000, 17.00000000000000355, 0.000000000000000000 ) ) ;
#553 = EDGE_CURVE ( 'NONE', #480, #940, #868, .T. ) ;
#554 = ORIENTED_EDGE ( 'NONE', *, *, #281, .T. ) ;
#555 = ADVANCED_FACE ( 'NONE', ( #1251 ), #756, .T. ) ;
#556 = LINE ( 'NONE', #354, #1076 ) ;
#557 = EDGE_LOOP ( 'NONE', ( #402, #1400, #806, #1175 ) ) ;
#558 = VERTEX_POINT ( 'NONE', #497 ) ;
#559 = DIRECTION ( 'NONE',  ( -0.000000000000000000, -1.000000000000000000, -0.000000000000000000 ) ) ;
#560 = DIRECTION ( 'NONE',  ( 0.000000000000000000, 0.000000000000000000, -1.000000000000000000 ) ) ;
#561 = VECTOR ( 'NONE', #776, 1000.000000000000000 ) ;
#562 = ORIENTED_EDGE ( 'NONE', *, *, #378, .T. ) ;
#563 = VECTOR ( 'NONE', #1039, 1000.000000000000000 ) ;
#564 = AXIS2_PLACEMENT_3D ( 'NONE', #1360, #258, #745 ) ;
#565 =( LENGTH_UNIT ( ) NAMED_UNIT ( * ) SI_UNIT ( .MILLI., .METRE. ) );
#566 = ORIENTED_EDGE ( 'NONE', *, *, #1306, .T. ) ;
#567 = ORIENTED_EDGE ( 'NONE', *, *, #1430, .T. ) ;
#568 = PLANE ( 'NONE',  #1415 ) ;
#569 = DIRECTION ( 'NONE',  ( 0.000000000000000000, 0.000000000000000000, 1.000000000000000000 ) ) ;
#570 = UNCERTAINTY_MEASURE_WITH_UNIT (LENGTH_MEASURE( 1.000000000000000082E-05 ), #1115, 'distance_accuracy_value', 'NONE');
#571 = EDGE_CURVE ( 'NONE', #1481, #1389, #135, .T. ) ;
#572 = ORIENTED_EDGE ( 'NONE', *, *, #1455, .F. ) ;
#573 = DIRECTION ( 'NONE',  ( 0.000000000000000000, 1.000000000000000000, 0.000000000000000000 ) ) ;
#574 = ORIENTED_EDGE ( 'NONE', *, *, #1067, .F. ) ;
#575 = ORIENTED_EDGE ( 'NONE', *, *, #239, .T. ) ;
#576 = DIRECTION ( 'NONE',  ( 0.000000000000000000, 0.000000000000000000, 1.000000000000000000 ) ) ;
#577 = DIRECTION ( 'NONE',  ( 0.000000000000000000, -1.000000000000000000, 0.000000000000000000 ) ) ;
#578 = CARTESIAN_POINT ( 'NONE',  ( -7.999999999999996447, 17.00000000000000355, -19.21320343559643362 ) ) ;
#579 = ORIENTED_EDGE ( 'NONE', *, *, #428, .F. ) ;
#580 = ORIENTED_EDGE ( 'NONE', *, *, #217, .T. ) ;
#581 = CARTESIAN_POINT ( 'NONE',  ( 15.50000000000000888, 17.00000000000000355, 4.500000000000000888 ) ) ;
#582 = DIRECTION ( 'NONE',  ( 1.000000000000000000, 1.119176436114069085E-16, 0.000000000000000000 ) ) ;
#583 = VECTOR ( 'NONE', #290, 1000.000000000000000 ) ;
#584 = DIRECTION ( 'NONE',  ( 1.000000000000000000, 9.912705577010325549E-17, 0.000000000000000000 ) ) ;
#585 = ORIENTED_EDGE ( 'NONE', *, *, #625, .F. ) ;
#586 = CARTESIAN_POINT ( 'NONE',  ( 0.000000000000000000, 17.00000000000000355, 1.800000000000000044 ) ) ;
#587 = VECTOR ( 'NONE', #1395, 1000.000000000000000 ) ;
#588 = ADVANCED_FACE ( 'NONE', ( #750 ), #875, .F. ) ;
#589 = VECTOR ( 'NONE', #1102, 1000.000000000000000 ) ;
#590 = ORIENTED_EDGE ( 'NONE', *, *, #1455, .T. ) ;
#591 = EDGE_CURVE ( 'NONE', #202, #940, #642, .T. ) ;
#592 = ORIENTED_EDGE ( 'NONE', *, *, #1576, .T. ) ;
#593 = CARTESIAN_POINT ( 'NONE',  ( 9.500000000000010658, -33.00000000000000000, 7.000000000000000888 ) ) ;
#594 = CARTESIAN_POINT ( 'NONE',  ( -2.238352872228138072E-15, 20.00000000000000000, -3.000000000000000000 ) ) ;
#595 = VERTEX_POINT ( 'NONE', #35 ) ;
#596 = ORIENTED_EDGE ( 'NONE', *, *, #933, .T. ) ;
#597 = FACE_BOUND ( 'NONE', #700, .T. ) ;
#598 = ADVANCED_FACE ( 'NONE', ( #1138 ), #765, .F. ) ;
#599 = EDGE_CURVE ( 'NONE', #543, #174, #40, .T. ) ;
#600 = ORIENTED_EDGE ( 'NONE', *, *, #387, .T. ) ;
#601 = EDGE_LOOP ( 'NONE', ( #819, #929 ) ) ;
#602 = CARTESIAN_POINT ( 'NONE',  ( -13.09999999999999787, 17.00000000000000355, 1.800000000000000044 ) ) ;
#603 = LINE ( 'NONE', #831, #134 ) ;
#604 = ORIENTED_EDGE ( 'NONE', *, *, #985, .T. ) ;
#605 = ORIENTED_EDGE ( 'NONE', *, *, #1020, .T. ) ;
#606 = CARTESIAN_POINT ( 'NONE',  ( 0.000000000000000000, -30.00000000000000711, 0.000000000000000000 ) ) ;
#607 = EDGE_LOOP ( 'NONE', ( #8, #1311, #596, #1191 ) ) ;
#608 = LINE ( 'NONE', #1218, #589 ) ;
#609 = DIRECTION ( 'NONE',  ( 0.000000000000000000, 0.000000000000000000, 1.000000000000000000 ) ) ;
#610 = ORIENTED_EDGE ( 'NONE', *, *, #640, .T. ) ;
#611 = ORIENTED_EDGE ( 'NONE', *, *, #980, .T. ) ;
#612 = CARTESIAN_POINT ( 'NONE',  ( 15.49999999999999645, 0.000000000000000000, -1.000000000000000000 ) ) ;
#613 = MECHANICAL_DESIGN_GEOMETRIC_PRESENTATION_REPRESENTATION (  '', ( #432 ), #998 ) ;
#614 = AXIS2_PLACEMENT_3D ( 'NONE', #717, #215, #180 ) ;
#615 = CIRCLE ( 'NONE', #817, 1.200000000000002176 ) ;
#616 = EDGE_CURVE ( 'NONE', #1196, #991, #527, .T. ) ;
#617 = CARTESIAN_POINT ( 'NONE',  ( 1.734723475976806700E-15, 12.99999999999999645, -1.000000000000000000 ) ) ;
#618 = VERTEX_POINT ( 'NONE', #1374 ) ;
#619 = CARTESIAN_POINT ( 'NONE',  ( -10.49999999999999467, 17.00000000000000355, 4.500000000000000888 ) ) ;
#620 = LINE ( 'NONE', #993, #484 ) ;
#621 = EDGE_CURVE ( 'NONE', #727, #481, #406, .T. ) ;
#622 = LINE ( 'NONE', #634, #276 ) ;
#623 = FACE_OUTER_BOUND ( 'NONE', #1154, .T. ) ;
#624 = EDGE_LOOP ( 'NONE', ( #70, #127, #1354, #1341 ) ) ;
#625 = EDGE_CURVE ( 'NONE', #331, #256, #1505, .T. ) ;
#626 = DIRECTION ( 'NONE',  ( -0.000000000000000000, 1.000000000000000000, -0.000000000000000000 ) ) ;
#627 = FACE_BOUND ( 'NONE', #1043, .T. ) ;
#628 = LINE ( 'NONE', #523, #27 ) ;
#629 = CARTESIAN_POINT ( 'NONE',  ( -7.999999999999996447, 17.00000000000000355, 6.999999999999999112 ) ) ;
#630 = CARTESIAN_POINT ( 'NONE',  ( 0.000000000000000000, 0.000000000000000000, 7.000000000000000888 ) ) ;
#631 = FACE_OUTER_BOUND ( 'NONE', #1285, .T. ) ;
#632 = FACE_OUTER_BOUND ( 'NONE', #1531, .T. ) ;
#633 = VECTOR ( 'NONE', #1130, 1000.000000000000000 ) ;
#634 = CARTESIAN_POINT ( 'NONE',  ( 1.734723475976806700E-15, 12.99999999999999645, 0.000000000000000000 ) ) ;
#635 = CARTESIAN_POINT ( 'NONE',  ( 15.49999999999999645, 0.000000000000000000, -1.000000000000000000 ) ) ;
#636 = VECTOR ( 'NONE', #137, 1000.000000000000000 ) ;
#637 = VECTOR ( 'NONE', #646, 1000.000000000000000 ) ;
#638 = DIRECTION ( 'NONE',  ( 0.000000000000000000, -0.000000000000000000, 1.000000000000000000 ) ) ;
#639 = VECTOR ( 'NONE', #1510, 1000.000000000000000 ) ;
#640 = EDGE_CURVE ( 'NONE', #832, #61, #620, .T. ) ;
#641 = AXIS2_PLACEMENT_3D ( 'NONE', #1193, #95, #953 ) ;
#642 = LINE ( 'NONE', #1498, #639 ) ;
#643 = CARTESIAN_POINT ( 'NONE',  ( -13.09999999999999609, -8.996648020441453194E-16, 6.999999999999999112 ) ) ;
#644 = DIRECTION ( 'NONE',  ( 9.912705577010326782E-17, -1.000000000000000000, 0.000000000000000000 ) ) ;
#645 = ADVANCED_FACE ( 'NONE', ( #631 ), #376, .F. ) ;
#646 = DIRECTION ( 'NONE',  ( -0.000000000000000000, -1.000000000000000000, -0.000000000000000000 ) ) ;
#647 = LINE ( 'NONE', #1142, #301 ) ;
#648 = CARTESIAN_POINT ( 'NONE',  ( -4.499999999999990230, -15.13393125268149753, 7.000000000000000888 ) ) ;
#649 = LINE ( 'NONE', #1145, #1278 ) ;
#650 = LINE ( 'NONE', #163, #1279 ) ;
#651 = CARTESIAN_POINT ( 'NONE',  ( 9.500000000000010658, -33.00000000000000000, 1.999999999999999112 ) ) ;
#652 = PLANE ( 'NONE',  #151 ) ;
#653 = ORIENTED_EDGE ( 'NONE', *, *, #26, .T. ) ;
#654 = CYLINDRICAL_SURFACE ( 'NONE', #1409, 1.249999999999999334 ) ;
#655 = CARTESIAN_POINT ( 'NONE',  ( -15.00000000000000178, -22.49999999999999645, 7.000000000000000888 ) ) ;
#656 = PRODUCT ( 'tracker\X2\4e0a534a97624e9a514b529b7248\X0\', 'tracker\X2\4e0a534a97624e9a514b529b7248\X0\', '', ( #1298 ) ) ;
#657 = LINE ( 'NONE', #914, #662 ) ;
#658 = ORIENTED_EDGE ( 'NONE', *, *, #1416, .F. ) ;
#659 = CARTESIAN_POINT ( 'NONE',  ( 18.00000000000001066, 17.00000000000000355, 46.34482300479488259 ) ) ;
#660 = EDGE_CURVE ( 'NONE', #183, #727, #1238, .T. ) ;
#661 = DIRECTION ( 'NONE',  ( 1.000000000000000000, 0.000000000000000000, 0.000000000000000000 ) ) ;
#662 = VECTOR ( 'NONE', #1394, 1000.000000000000000 ) ;
#663 = ORIENTED_EDGE ( 'NONE', *, *, #1009, .T. ) ;
#664 = CIRCLE ( 'NONE', #1568, 1.200000000000002176 ) ;
#665 = CARTESIAN_POINT ( 'NONE',  ( 13.00000000000000888, -23.46446609406726935, 11.19999999999999929 ) ) ;
#666 = ORIENTED_EDGE ( 'NONE', *, *, #315, .T. ) ;
#667 = EDGE_CURVE ( 'NONE', #1147, #1446, #20, .T. ) ;
#668 = VECTOR ( 'NONE', #737, 1000.000000000000000 ) ;
#669 = DIRECTION ( 'NONE',  ( 1.000000000000000000, -0.000000000000000000, 0.000000000000000000 ) ) ;
#670 = ORIENTED_EDGE ( 'NONE', *, *, #836, .F. ) ;
#671 = CARTESIAN_POINT ( 'NONE',  ( -7.999999999999996447, 17.00000000000000355, 6.999999999999999112 ) ) ;
#672 = EDGE_CURVE ( 'NONE', #558, #452, #1491, .T. ) ;
#673 = ORIENTED_EDGE ( 'NONE', *, *, #1243, .F. ) ;
#674 = EDGE_CURVE ( 'NONE', #1553, #1439, #1312, .T. ) ;
#675 = EDGE_CURVE ( 'NONE', #812, #1221, #615, .T. ) ;
#676 = CARTESIAN_POINT ( 'NONE',  ( -4.499999999999990230, -30.00000000000000711, 7.000000000000000888 ) ) ;
#677 = ORIENTED_EDGE ( 'NONE', *, *, #496, .F. ) ;
#678 = LINE ( 'NONE', #1322, #1513 ) ;
#679 = CARTESIAN_POINT ( 'NONE',  ( 3.021776377507990598E-15, -27.00000000000003553, -0.8999999999999998002 ) ) ;
#680 = ORIENTED_EDGE ( 'NONE', *, *, #74, .F. ) ;
#681 = FACE_BOUND ( 'NONE', #858, .T. ) ;
#682 = DIRECTION ( 'NONE',  ( -0.000000000000000000, -1.000000000000000000, -0.000000000000000000 ) ) ;
#683 = ORIENTED_EDGE ( 'NONE', *, *, #1304, .T. ) ;
#684 = EDGE_CURVE ( 'NONE', #444, #344, #881, .T. ) ;
#685 = DIRECTION ( 'NONE',  ( -1.000000000000000000, 0.000000000000000000, 0.000000000000000000 ) ) ;
#686 = ORIENTED_EDGE ( 'NONE', *, *, #956, .F. ) ;
#687 = ORIENTED_EDGE ( 'NONE', *, *, #399, .T. ) ;
#688 = LINE ( 'NONE', #941, #1132 ) ;
#689 = CARTESIAN_POINT ( 'NONE',  ( -13.09999999999999787, 20.00000000000000355, 1.800000000000000044 ) ) ;
#690 = VECTOR ( 'NONE', #830, 1000.000000000000000 ) ;
#691 = VERTEX_POINT ( 'NONE', #808 ) ;
#692 = VECTOR ( 'NONE', #573, 1000.000000000000000 ) ;
#693 = VECTOR ( 'NONE', #504, 1000.000000000000000 ) ;
#694 = ORIENTED_EDGE ( 'NONE', *, *, #350, .T. ) ;
#695 = VERTEX_POINT ( 'NONE', #676 ) ;
#696 = CARTESIAN_POINT ( 'NONE',  ( 18.00000000000000355, -27.00000000000003197, -0.8999999999999998002 ) ) ;
#697 = CARTESIAN_POINT ( 'NONE',  ( -10.50000000000000178, 0.000000000000000000, -0.8999999999999998002 ) ) ;
#698 = DIRECTION ( 'NONE',  ( -0.000000000000000000, -0.000000000000000000, -1.000000000000000000 ) ) ;
#699 = ORIENTED_EDGE ( 'NONE', *, *, #1332, .F. ) ;
#700 = EDGE_LOOP ( 'NONE', ( #562, #244, #919, #470 ) ) ;
#701 = CYLINDRICAL_SURFACE ( 'NONE', #200, 1.200000000000002176 ) ;
#702 = FACE_OUTER_BOUND ( 'NONE', #1323, .T. ) ;
#703 = DIRECTION ( 'NONE',  ( 1.000000000000000000, 0.000000000000000000, 0.000000000000000000 ) ) ;
#704 = ORIENTED_EDGE ( 'NONE', *, *, #1532, .F. ) ;
#705 = ORIENTED_EDGE ( 'NONE', *, *, #1128, .F. ) ;
#706 = DIRECTION ( 'NONE',  ( 0.000000000000000000, -1.000000000000000000, 0.000000000000000000 ) ) ;
#707 = ORIENTED_EDGE ( 'NONE', *, *, #505, .F. ) ;
#708 = ORIENTED_EDGE ( 'NONE', *, *, #238, .F. ) ;
#709 = CARTESIAN_POINT ( 'NONE',  ( -12.99999999999999645, -27.00000000000003553, -3.000000000000000000 ) ) ;
#710 = CARTESIAN_POINT ( 'NONE',  ( 15.49999999999999645, 0.000000000000000000, 0.000000000000000000 ) ) ;
#711 = VECTOR ( 'NONE', #1373, 1000.000000000000000 ) ;
#712 = LINE ( 'NONE', #343, #385 ) ;
#713 = EDGE_CURVE ( 'NONE', #1118, #904, #1276, .T. ) ;
#714 = AXIS2_PLACEMENT_3D ( 'NONE', #1379, #1005, #1471 ) ;
#715 = ORIENTED_EDGE ( 'NONE', *, *, #667, .T. ) ;
#716 = ORIENTED_EDGE ( 'NONE', *, *, #171, .T. ) ;
#717 = CARTESIAN_POINT ( 'NONE',  ( -10.49999999999999467, 14.00000000000000533, 4.500000000000000888 ) ) ;
#718 = PRESENTATION_LAYER_ASSIGNMENT (  '', '', ( #432 ) ) ;
#719 = ORIENTED_EDGE ( 'NONE', *, *, #956, .T. ) ;
#720 = VERTEX_POINT ( 'NONE', #58 ) ;
#721 = CARTESIAN_POINT ( 'NONE',  ( -10.50000000000000178, 12.99999999999999822, 0.000000000000000000 ) ) ;
#722 = EDGE_CURVE ( 'NONE', #344, #248, #189, .T. ) ;
#723 = DIRECTION ( 'NONE',  ( 0.000000000000000000, 1.000000000000000000, -0.000000000000000000 ) ) ;
#724 = VERTEX_POINT ( 'NONE', #801 ) ;
#725 = ORIENTED_EDGE ( 'NONE', *, *, #1410, .T. ) ;
#726 = CARTESIAN_POINT ( 'NONE',  ( 0.000000000000000000, -23.00000000000000000, -3.000000000000000000 ) ) ;
#727 = VERTEX_POINT ( 'NONE', #1556 ) ;
#728 = LINE ( 'NONE', #349, #893 ) ;
#729 = CARTESIAN_POINT ( 'NONE',  ( -15.00000000000000178, 20.00000000000000000, 2.000000000000000000 ) ) ;
#730 = ORIENTED_EDGE ( 'NONE', *, *, #835, .F. ) ;
#731 = CARTESIAN_POINT ( 'NONE',  ( 18.00000000000001066, 17.00000000000000355, 46.34482300479488259 ) ) ;
#732 = EDGE_CURVE ( 'NONE', #174, #558, #320, .T. ) ;
#733 = CARTESIAN_POINT ( 'NONE',  ( -7.999999999999992895, -23.46446609406726935, 11.19999999999999929 ) ) ;
#734 = ADVANCED_FACE ( 'NONE', ( #175 ), #654, .F. ) ;
#735 = ORIENTED_EDGE ( 'NONE', *, *, #758, .T. ) ;
#736 = CARTESIAN_POINT ( 'NONE',  ( 0.000000000000000000, -23.00000000000000000, -0.8999999999999998002 ) ) ;
#737 = DIRECTION ( 'NONE',  ( -1.000000000000000000, -0.000000000000000000, -0.000000000000000000 ) ) ;
#738 = ORIENTED_EDGE ( 'NONE', *, *, #1078, .T. ) ;
#739 = SURFACE_STYLE_USAGE ( .BOTH. , #751 ) ;
#740 = CIRCLE ( 'NONE', #1436, 1.249999999999999334 ) ;
#741 = FACE_OUTER_BOUND ( 'NONE', #1454, .T. ) ;
#742 = VECTOR ( 'NONE', #609, 1000.000000000000000 ) ;
#743 = DIRECTION ( 'NONE',  ( 0.000000000000000000, 1.000000000000000000, 0.000000000000000000 ) ) ;
#744 = ORIENTED_EDGE ( 'NONE', *, *, #836, .T. ) ;
#745 = DIRECTION ( 'NONE',  ( 1.000000000000000000, -1.734723475976801178E-15, 0.000000000000000000 ) ) ;
#746 = PLANE ( 'NONE',  #849 ) ;
#747 = CARTESIAN_POINT ( 'NONE',  ( 18.00000000000000000, 1.784287003861858500E-15, -0.8999999999999998002 ) ) ;
#748 = CARTESIAN_POINT ( 'NONE',  ( 9.500000000000010658, -33.00000000000000000, 0.000000000000000000 ) ) ;
#749 = DIRECTION ( 'NONE',  ( 1.000000000000000000, 9.912705577010326782E-17, -0.000000000000000000 ) ) ;
#750 = FACE_OUTER_BOUND ( 'NONE', #486, .T. ) ;
#751 = SURFACE_SIDE_STYLE ('',( #252 ) ) ;
#752 = EDGE_CURVE ( 'NONE', #1567, #1389, #413, .T. ) ;
#753 = LINE ( 'NONE', #395, #48 ) ;
#754 = CARTESIAN_POINT ( 'NONE',  ( -10.50000000000000178, 12.99999999999999822, -3.000000000000000000 ) ) ;
#755 = CARTESIAN_POINT ( 'NONE',  ( -15.00000000000000178, -12.50000000000000000, -8.198039027185572536 ) ) ;
#756 = PLANE ( 'NONE',  #1027 ) ;
#757 = DIRECTION ( 'NONE',  ( 0.000000000000000000, 0.000000000000000000, -1.000000000000000000 ) ) ;
#758 = EDGE_CURVE ( 'NONE', #691, #695, #1158, .T. ) ;
#759 = AXIS2_PLACEMENT_3D ( 'NONE', #1124, #54, #542 ) ;
#760 = DIRECTION ( 'NONE',  ( 1.000000000000000000, 0.000000000000000000, 0.000000000000000000 ) ) ;
#761 = DIRECTION ( 'NONE',  ( 1.000000000000000000, 0.000000000000000000, 0.000000000000000000 ) ) ;
#762 = VECTOR ( 'NONE', #296, 1000.000000000000000 ) ;
#763 = FACE_OUTER_BOUND ( 'NONE', #1508, .T. ) ;
#764 = VECTOR ( 'NONE', #398, 1000.000000000000000 ) ;
#765 = PLANE ( 'NONE',  #155 ) ;
#766 = DIRECTION ( 'NONE',  ( -0.000000000000000000, -1.000000000000000000, -0.000000000000000000 ) ) ;
#767 = CARTESIAN_POINT ( 'NONE',  ( 18.10000000000000853, 14.00000000000000533, 0.000000000000000000 ) ) ;
#768 = ORIENTED_EDGE ( 'NONE', *, *, #111, .T. ) ;
#769 = CARTESIAN_POINT ( 'NONE',  ( -7.999999999999996447, 14.00000000000000533, 6.999999999999999112 ) ) ;
#770 = VERTEX_POINT ( 'NONE', #443 ) ;
#771 = FACE_OUTER_BOUND ( 'NONE', #323, .T. ) ;
#772 = DIRECTION ( 'NONE',  ( -0.000000000000000000, 1.000000000000000000, -0.000000000000000000 ) ) ;
#773 = EDGE_CURVE ( 'NONE', #1052, #1348, #536, .T. ) ;
#774 = LINE ( 'NONE', #416, #1174 ) ;
#775 = ORIENTED_EDGE ( 'NONE', *, *, #672, .F. ) ;
#776 = DIRECTION ( 'NONE',  ( 0.000000000000000000, 0.000000000000000000, -1.000000000000000000 ) ) ;
#777 = ORIENTED_EDGE ( 'NONE', *, *, #781, .F. ) ;
#778 = DIRECTION ( 'NONE',  ( 1.000000000000000000, 1.119176436114069085E-16, 0.000000000000000000 ) ) ;
#779 = ORIENTED_EDGE ( 'NONE', *, *, #1558, .T. ) ;
#780 = FACE_OUTER_BOUND ( 'NONE', #1429, .T. ) ;
#781 = EDGE_CURVE ( 'NONE', #826, #966, #437, .T. ) ;
#782 = ADVANCED_FACE ( 'NONE', ( #1529 ), #431, .T. ) ;
#783 = PLANE ( 'NONE',  #1336 ) ;
#784 = ORIENTED_EDGE ( 'NONE', *, *, #1210, .T. ) ;
#785 = EDGE_CURVE ( 'NONE', #1231, #256, #227, .T. ) ;
#786 = VECTOR ( 'NONE', #172, 1000.000000000000000 ) ;
#787 = DIRECTION ( 'NONE',  ( 0.000000000000000000, -0.000000000000000000, 1.000000000000000000 ) ) ;
#788 = VECTOR ( 'NONE', #266, 1000.000000000000000 ) ;
#789 = ORIENTED_EDGE ( 'NONE', *, *, #1356, .F. ) ;
#790 = VECTOR ( 'NONE', #1535, 1000.000000000000000 ) ;
#791 = VECTOR ( 'NONE', #18, 1000.000000000000000 ) ;
#792 = DIRECTION ( 'NONE',  ( 0.000000000000000000, 1.000000000000000000, 0.000000000000000000 ) ) ;
#793 = UNCERTAINTY_MEASURE_WITH_UNIT (LENGTH_MEASURE( 1.000000000000000082E-05 ), #565, 'distance_accuracy_value', 'NONE');
#794 = ORIENTED_EDGE ( 'NONE', *, *, #1226, .F. ) ;
#795 = AXIS2_PLACEMENT_3D ( 'NONE', #1192, #1074, #311 ) ;
#796 = ORIENTED_EDGE ( 'NONE', *, *, #773, .T. ) ;
#797 = DIRECTION ( 'NONE',  ( 1.000000000000000000, 0.000000000000000000, 0.000000000000000000 ) ) ;
#798 = DIRECTION ( 'NONE',  ( 0.000000000000000000, 0.000000000000000000, 1.000000000000000000 ) ) ;
#799 = ORIENTED_EDGE ( 'NONE', *, *, #97, .F. ) ;
#800 = DIRECTION ( 'NONE',  ( 0.000000000000000000, 0.000000000000000000, -1.000000000000000000 ) ) ;
#801 = CARTESIAN_POINT ( 'NONE',  ( 9.500000000000007105, -33.00000000000000000, 7.000000000000000888 ) ) ;
#802 = VERTEX_POINT ( 'NONE', #167 ) ;
#803 = ADVANCED_FACE ( 'NONE', ( #1407, #1422 ), #1302, .F. ) ;
#804 = ADVANCED_FACE ( 'NONE', ( #771 ), #1519, .F. ) ;
#805 = ORIENTED_EDGE ( 'NONE', *, *, #713, .T. ) ;
#806 = ORIENTED_EDGE ( 'NONE', *, *, #1410, .F. ) ;
#807 = DIRECTION ( 'NONE',  ( 0.000000000000000000, 0.000000000000000000, -1.000000000000000000 ) ) ;
#808 = CARTESIAN_POINT ( 'NONE',  ( -4.499999999999990230, -30.00000000000000711, 0.000000000000000000 ) ) ;
#809 = ORIENTED_EDGE ( 'NONE', *, *, #1077, .T. ) ;
#810 = ADVANCED_FACE ( 'NONE', ( #1056 ), #1399, .F. ) ;
#811 = VERTEX_POINT ( 'NONE', #689 ) ;
#812 = VERTEX_POINT ( 'NONE', #931 ) ;
#813 = FACE_OUTER_BOUND ( 'NONE', #1206, .T. ) ;
#814 = LINE ( 'NONE', #1187, #30 ) ;
#815 = AXIS2_PLACEMENT_3D ( 'NONE', #902, #912, #195 ) ;
#816 = VECTOR ( 'NONE', #1397, 1000.000000000000000 ) ;
#817 = AXIS2_PLACEMENT_3D ( 'NONE', #1127, #393, #513 ) ;
#818 = VERTEX_POINT ( 'NONE', #1164 ) ;
#819 = ORIENTED_EDGE ( 'NONE', *, *, #675, .F. ) ;
#820 = EDGE_CURVE ( 'NONE', #1537, #961, #65, .T. ) ;
#821 = FACE_OUTER_BOUND ( 'NONE', #1217, .T. ) ;
#822 = LINE ( 'NONE', #211, #404 ) ;
#823 = PLANE ( 'NONE',  #407 ) ;
#824 = ORIENTED_EDGE ( 'NONE', *, *, #518, .F. ) ;
#825 = LINE ( 'NONE', #1208, #1131 ) ;
#826 = VERTEX_POINT ( 'NONE', #449 ) ;
#827 = EDGE_CURVE ( 'NONE', #1091, #196, #814, .T. ) ;
#828 = ORIENTED_EDGE ( 'NONE', *, *, #1366, .F. ) ;
#829 = CARTESIAN_POINT ( 'NONE',  ( -7.999999999999992895, -23.46446609406726935, 9.950000000000001066 ) ) ;
#830 = DIRECTION ( 'NONE',  ( 6.870143659382344768E-17, -1.000000000000000000, 0.000000000000000000 ) ) ;
#831 = CARTESIAN_POINT ( 'NONE',  ( -15.00000000000000178, 0.000000000000000000, 0.000000000000000000 ) ) ;
#832 = VERTEX_POINT ( 'NONE', #205 ) ;
#833 = ORIENTED_EDGE ( 'NONE', *, *, #123, .F. ) ;
#834 = CARTESIAN_POINT ( 'NONE',  ( 9.500000000000010658, 0.000000000000000000, 0.000000000000000000 ) ) ;
#835 = EDGE_CURVE ( 'NONE', #996, #480, #222, .T. ) ;
#836 = EDGE_CURVE ( 'NONE', #61, #345, #938, .T. ) ;
#837 = ORIENTED_EDGE ( 'NONE', *, *, #281, .F. ) ;
#838 = ADVANCED_FACE ( 'NONE', ( #1572, #702 ), #1563, .T. ) ;
#839 = ORIENTED_EDGE ( 'NONE', *, *, #553, .F. ) ;
#840 = FACE_BOUND ( 'NONE', #289, .T. ) ;
#841 = VECTOR ( 'NONE', #1034, 1000.000000000000000 ) ;
#842 = DIRECTION ( 'NONE',  ( 0.000000000000000000, -1.000000000000000000, 0.000000000000000000 ) ) ;
#843 = VECTOR ( 'NONE', #1417, 1000.000000000000000 ) ;
#844 = CIRCLE ( 'NONE', #199, 1.249999999999999334 ) ;
#845 = ORIENTED_EDGE ( 'NONE', *, *, #350, .F. ) ;
#846 = EDGE_LOOP ( 'NONE', ( #302, #911, #1236, #1557, #1476, #235, #957, #1347 ) ) ;
#847 = DIRECTION ( 'NONE',  ( -0.000000000000000000, -0.000000000000000000, -1.000000000000000000 ) ) ;
#848 = VECTOR ( 'NONE', #16, 1000.000000000000000 ) ;
#849 = AXIS2_PLACEMENT_3D ( 'NONE', #882, #1120, #1493 ) ;
#850 = ORIENTED_EDGE ( 'NONE', *, *, #381, .T. ) ;
#851 = LINE ( 'NONE', #15, #79 ) ;
#852 = DIRECTION ( 'NONE',  ( 0.000000000000000000, -1.000000000000000000, 0.000000000000000000 ) ) ;
#853 = ORIENTED_EDGE ( 'NONE', *, *, #827, .F. ) ;
#854 = ORIENTED_EDGE ( 'NONE', *, *, #1576, .F. ) ;
#855 = FILL_AREA_STYLE_COLOUR ( '', #1173 ) ;
#856 = ADVANCED_FACE ( 'NONE', ( #454 ), #342, .F. ) ;
#857 = CARTESIAN_POINT ( 'NONE',  ( -10.49999999999999467, 10.60588745030457325, 4.500000000000000888 ) ) ;
#858 = EDGE_LOOP ( 'NONE', ( #1287, #1098, #445, #318 ) ) ;
#859 = DIRECTION ( 'NONE',  ( -1.000000000000000000, 0.000000000000000000, 0.000000000000000000 ) ) ;
#860 = CARTESIAN_POINT ( 'NONE',  ( 18.00000000000000355, -27.00000000000003197, -1.000000000000000222 ) ) ;
#861 = ORIENTED_EDGE ( 'NONE', *, *, #640, .F. ) ;
#862 = VERTEX_POINT ( 'NONE', #1318 ) ;
#863 = FILL_AREA_STYLE ('',( #855 ) ) ;
#864 = DIRECTION ( 'NONE',  ( -1.000000000000000000, -8.673617379884006876E-16, 0.000000000000000000 ) ) ;
#865 = PLANE ( 'NONE',  #1106 ) ;
#866 = ORIENTED_EDGE ( 'NONE', *, *, #518, .T. ) ;
#867 = CYLINDRICAL_SURFACE ( 'NONE', #920, 1.249999999999999334 ) ;
#868 = LINE ( 'NONE', #1019, #511 ) ;
#869 = CARTESIAN_POINT ( 'NONE',  ( 0.000000000000000000, -30.00000000000000711, 0.000000000000000000 ) ) ;
#870 = AXIS2_PLACEMENT_3D ( 'NONE', #185, #1049, #1083 ) ;
#871 = LINE ( 'NONE', #747, #1202 ) ;
#872 = VECTOR ( 'NONE', #778, 1000.000000000000000 ) ;
#873 = DIRECTION ( 'NONE',  ( 1.000000000000000000, -0.000000000000000000, 0.000000000000000000 ) ) ;
#874 = ORIENTED_EDGE ( 'NONE', *, *, #1265, .F. ) ;
#875 = CYLINDRICAL_SURFACE ( 'NONE', #257, 1.200000000000000622 ) ;
#876 = FACE_BOUND ( 'NONE', #1028, .T. ) ;
#877 = DIRECTION ( 'NONE',  ( 0.000000000000000000, 0.000000000000000000, 1.000000000000000000 ) ) ;
#878 = FACE_OUTER_BOUND ( 'NONE', #1586, .T. ) ;
#879 = DIRECTION ( 'NONE',  ( 0.000000000000000000, -0.000000000000000000, -1.000000000000000000 ) ) ;
#880 = EDGE_CURVE ( 'NONE', #1038, #202, #1314, .T. ) ;
#881 = LINE ( 'NONE', #293, #1514 ) ;
#882 = CARTESIAN_POINT ( 'NONE',  ( 0.000000000000000000, 0.000000000000000000, 1.800000000000000044 ) ) ;
#883 = CARTESIAN_POINT ( 'NONE',  ( -13.09999999999999432, -30.00000000000000711, 0.000000000000000000 ) ) ;
#884 = FACE_OUTER_BOUND ( 'NONE', #1590, .T. ) ;
#885 = CARTESIAN_POINT ( 'NONE',  ( 18.00000000000000355, -27.00000000000003197, -1.000000000000000222 ) ) ;
#886 = CARTESIAN_POINT ( 'NONE',  ( -12.99999999999999822, 20.00000000000000355, 15.19999999999999929 ) ) ;
#887 = DIRECTION ( 'NONE',  ( -1.000000000000000000, 1.334402673828313339E-16, 0.000000000000000000 ) ) ;
#888 = VECTOR ( 'NONE', #49, 1000.000000000000000 ) ;
#889 = DIRECTION ( 'NONE',  ( -1.000000000000000000, -1.309225264888156130E-16, 0.000000000000000000 ) ) ;
#890 = ORIENTED_EDGE ( 'NONE', *, *, #621, .F. ) ;
#891 = VECTOR ( 'NONE', #173, 1000.000000000000000 ) ;
#892 = CARTESIAN_POINT ( 'NONE',  ( 13.00000000000000888, 17.00000000000000355, 0.000000000000000000 ) ) ;
#893 = VECTOR ( 'NONE', #1094, 1000.000000000000000 ) ;
#894 = CARTESIAN_POINT ( 'NONE',  ( -2.238352872228138072E-15, 20.00000000000000000, -0.8999999999999998002 ) ) ;
#895 = EDGE_CURVE ( 'NONE', #811, #340, #1442, .T. ) ;
#896 = CARTESIAN_POINT ( 'NONE',  ( 9.500000000000010658, -30.00000000000000711, 1.999999999999999112 ) ) ;
#897 = DIRECTION ( 'NONE',  ( -0.000000000000000000, 1.000000000000000000, -0.000000000000000000 ) ) ;
#898 = CARTESIAN_POINT ( 'NONE',  ( 15.50000000000000888, 10.60588745030457325, 5.700000000000002842 ) ) ;
#899 = CARTESIAN_POINT ( 'NONE',  ( 0.000000000000000000, 17.00000000000000355, 1.800000000000000044 ) ) ;
#900 = CARTESIAN_POINT ( 'NONE',  ( 18.10000000000000853, 0.000000000000000000, 15.19999999999999929 ) ) ;
#901 = ORIENTED_EDGE ( 'NONE', *, *, #732, .T. ) ;
#902 = CARTESIAN_POINT ( 'NONE',  ( 0.000000000000000000, -23.00000000000000000, -1.000000000000000000 ) ) ;
#903 = EDGE_CURVE ( 'NONE', #214, #243, #822, .T. ) ;
#904 = VERTEX_POINT ( 'NONE', #464 ) ;
#905 = DIRECTION ( 'NONE',  ( -0.000000000000000000, -1.000000000000000000, -0.000000000000000000 ) ) ;
#906 = ADVANCED_FACE ( 'NONE', ( #988, #876, #627 ), #136, .F. ) ;
#907 = LINE ( 'NONE', #1402, #762 ) ;
#908 = LINE ( 'NONE', #1403, #790 ) ;
#909 = DIRECTION ( 'NONE',  ( 0.000000000000000000, -0.000000000000000000, 1.000000000000000000 ) ) ;
#910 = DIRECTION ( 'NONE',  ( 1.000000000000000000, 0.000000000000000000, 0.000000000000000000 ) ) ;
#911 = ORIENTED_EDGE ( 'NONE', *, *, #1294, .F. ) ;
#912 = DIRECTION ( 'NONE',  ( 0.000000000000000000, -1.000000000000000000, 0.000000000000000000 ) ) ;
#913 = ORIENTED_EDGE ( 'NONE', *, *, #1356, .T. ) ;
#914 = CARTESIAN_POINT ( 'NONE',  ( 0.000000000000000000, -33.00000000000000000, -4.000000000000000000 ) ) ;
#915 = ORIENTED_EDGE ( 'NONE', *, *, #1304, .F. ) ;
#916 = AXIS2_PLACEMENT_3D ( 'NONE', #300, #1286, #182 ) ;
#917 = LINE ( 'NONE', #726, #843 ) ;
#918 = AXIS2_PLACEMENT_3D ( 'NONE', #1331, #1282, #226 ) ;
#919 = ORIENTED_EDGE ( 'NONE', *, *, #503, .T. ) ;
#920 = AXIS2_PLACEMENT_3D ( 'NONE', #1212, #233, #249 ) ;
#921 = DIRECTION ( 'NONE',  ( -0.000000000000000000, 1.000000000000000000, -0.000000000000000000 ) ) ;
#922 = DIRECTION ( 'NONE',  ( 1.000000000000000000, 0.000000000000000000, -0.000000000000000000 ) ) ;
#923 = EDGE_LOOP ( 'NONE', ( #1469, #1414, #950, #1149 ) ) ;
#924 = PRODUCT_RELATED_PRODUCT_CATEGORY ( 'part', '', ( #656 ) ) ;
#925 = AXIS2_PLACEMENT_3D ( 'NONE', #1075, #326, #90 ) ;
#926 = ADVANCED_FACE ( 'NONE', ( #1500, #377 ), #36, .F. ) ;
#927 = CARTESIAN_POINT ( 'NONE',  ( -10.50000000000000178, 0.000000000000000000, -3.000000000000000000 ) ) ;
#928 = EDGE_LOOP ( 'NONE', ( #192, #208, #874, #474 ) ) ;
#929 = ORIENTED_EDGE ( 'NONE', *, *, #1288, .F. ) ;
#930 = DIRECTION ( 'NONE',  ( 0.000000000000000000, 1.000000000000000000, 0.000000000000000000 ) ) ;
#931 = CARTESIAN_POINT ( 'NONE',  ( 15.50000000000000888, 14.00000000000000533, 5.700000000000002842 ) ) ;
#932 = ORIENTED_EDGE ( 'NONE', *, *, #1020, .F. ) ;
#933 = EDGE_CURVE ( 'NONE', #113, #1525, #264, .T. ) ;
#934 = CARTESIAN_POINT ( 'NONE',  ( 13.00000000000000888, -30.00000000000000711, 9.950000000000001066 ) ) ;
#935 = ORIENTED_EDGE ( 'NONE', *, *, #980, .F. ) ;
#936 = VERTEX_POINT ( 'NONE', #1109 ) ;
#937 = DIRECTION ( 'NONE',  ( -1.309225264888156130E-16, 1.000000000000000000, 0.000000000000000000 ) ) ;
#938 = LINE ( 'NONE', #1434, #131 ) ;
#939 = ORIENTED_EDGE ( 'NONE', *, *, #239, .F. ) ;
#940 = VERTEX_POINT ( 'NONE', #21 ) ;
#941 = CARTESIAN_POINT ( 'NONE',  ( -7.999999999999996447, 17.00000000000000355, -19.21320343559643362 ) ) ;
#942 = DIRECTION ( 'NONE',  ( 0.000000000000000000, -1.000000000000000000, 0.000000000000000000 ) ) ;
#943 = VECTOR ( 'NONE', #515, 1000.000000000000000 ) ;
#944 = DIRECTION ( 'NONE',  ( 1.309225264888156130E-16, -1.000000000000000000, 0.000000000000000000 ) ) ;
#945 = VECTOR ( 'NONE', #723, 1000.000000000000000 ) ;
#946 = ADVANCED_FACE ( 'NONE', ( #29 ), #746, .T. ) ;
#947 = VERTEX_POINT ( 'NONE', #491 ) ;
#948 = LINE ( 'NONE', #989, #532 ) ;
#949 = ADVANCED_FACE ( 'NONE', ( #514 ), #1376, .F. ) ;
#950 = ORIENTED_EDGE ( 'NONE', *, *, #972, .F. ) ;
#951 = ORIENTED_EDGE ( 'NONE', *, *, #314, .F. ) ;
#952 = CARTESIAN_POINT ( 'NONE',  ( 18.00000000000001066, 17.00000000000000355, 6.999999999999999112 ) ) ;
#953 = DIRECTION ( 'NONE',  ( -0.000000000000000000, 0.000000000000000000, 1.000000000000000000 ) ) ;
#954 = LINE ( 'NONE', #1087, #742 ) ;
#955 = ADVANCED_FACE ( 'NONE', ( #632 ), #978, .F. ) ;
#957 = ORIENTED_EDGE ( 'NONE', *, *, #571, .F. ) ;
#956 = EDGE_CURVE ( 'NONE', #533, #43, #10, .T. ) ;
#958 = ORIENTED_EDGE ( 'NONE', *, *, #191, .F. ) ;
#959 = FACE_OUTER_BOUND ( 'NONE', #1447, .T. ) ;
#960 = EDGE_CURVE ( 'NONE', #243, #452, #1139, .T. ) ;
#961 = VERTEX_POINT ( 'NONE', #371 ) ;
#962 = ORIENTED_EDGE ( 'NONE', *, *, #1365, .F. ) ;
#963 = LINE ( 'NONE', #471, #979 ) ;
#964 = MANIFOLD_SOLID_BREP ( '\X2\51f853f0\X0\-\X2\62c94f38\X0\14', #435 ) ;
#965 = DIRECTION ( 'NONE',  ( -1.119176436114069085E-16, 1.000000000000000000, 0.000000000000000000 ) ) ;
#966 = VERTEX_POINT ( 'NONE', #1370 ) ;
#967 = VERTEX_POINT ( 'NONE', #1247 ) ;
#968 = CARTESIAN_POINT ( 'NONE',  ( 15.49999999999999645, 12.99999999999999467, -1.000000000000000000 ) ) ;
#969 = ORIENTED_EDGE ( 'NONE', *, *, #1226, .T. ) ;
#970 = DIRECTION ( 'NONE',  ( 0.000000000000000000, 1.000000000000000000, 0.000000000000000000 ) ) ;
#971 = VECTOR ( 'NONE', #1326, 1000.000000000000000 ) ;
#972 = EDGE_CURVE ( 'NONE', #429, #1518, #146, .T. ) ;
#973 = CARTESIAN_POINT ( 'NONE',  ( 15.49999999999999645, -23.00000000000000000, 0.000000000000000000 ) ) ;
#974 = VECTOR ( 'NONE', #1290, 1000.000000000000000 ) ;
#975 = VECTOR ( 'NONE', #1055, 1000.000000000000000 ) ;
#976 = ORIENTED_EDGE ( 'NONE', *, *, #675, .T. ) ;
#977 = ORIENTED_EDGE ( 'NONE', *, *, #381, .F. ) ;
#978 = PLANE ( 'NONE',  #306 ) ;
#979 = VECTOR ( 'NONE', #530, 1000.000000000000000 ) ;
#980 = EDGE_CURVE ( 'NONE', #469, #1200, #295, .T. ) ;
#981 = PLANE ( 'NONE',  #1361 ) ;
#982 = ORIENTED_EDGE ( 'NONE', *, *, #599, .F. ) ;
#983 = DIRECTION ( 'NONE',  ( 0.000000000000000000, -0.000000000000000000, 1.000000000000000000 ) ) ;
#984 = LINE ( 'NONE', #729, #304 ) ;
#985 = EDGE_CURVE ( 'NONE', #695, #292, #400, .T. ) ;
#986 = VERTEX_POINT ( 'NONE', #415 ) ;
#987 = ORIENTED_EDGE ( 'NONE', *, *, #216, .F. ) ;
#988 = FACE_OUTER_BOUND ( 'NONE', #846, .T. ) ;
#989 = CARTESIAN_POINT ( 'NONE',  ( 15.49999999999999645, -23.00000000000000000, -1.000000000000000000 ) ) ;
#990 = DIRECTION ( 'NONE',  ( -0.000000000000000000, 1.000000000000000000, -0.000000000000000000 ) ) ;
#991 = VERTEX_POINT ( 'NONE', #655 ) ;
#992 = LINE ( 'NONE', #118, #1387 ) ;
#993 = CARTESIAN_POINT ( 'NONE',  ( 13.00000000000000888, 14.00000000000000533, -19.21320343559643362 ) ) ;
#994 = CARTESIAN_POINT ( 'NONE',  ( -13.09999999999999609, -8.996648020441453194E-16, 15.19999999999999929 ) ) ;
#995 = CARTESIAN_POINT ( 'NONE',  ( 13.00000000000000888, 17.00000000000000355, -19.21320343559643362 ) ) ;
#996 = VERTEX_POINT ( 'NONE', #1383 ) ;
#997 = CARTESIAN_POINT ( 'NONE',  ( -10.49999999999999467, 10.60588745030457325, 4.500000000000000888 ) ) ;
#998 =( GEOMETRIC_REPRESENTATION_CONTEXT ( 3 ) GLOBAL_UNCERTAINTY_ASSIGNED_CONTEXT ( ( #570 ) ) GLOBAL_UNIT_ASSIGNED_CONTEXT ( ( #1115, #1239, #141 ) ) REPRESENTATION_CONTEXT ( 'NONE', 'WORKASPACE' ) );
#999 = VECTOR ( 'NONE', #1378, 1000.000000000000000 ) ;
#1000 = VECTOR ( 'NONE', #442, 1000.000000000000000 ) ;
#1001 = VECTOR ( 'NONE', #944, 1000.000000000000000 ) ;
#1002 = CARTESIAN_POINT ( 'NONE',  ( -13.09999999999999787, 17.00000000000000355, 0.000000000000000000 ) ) ;
#1003 = ADVANCED_FACE ( 'NONE', ( #780 ), #408, .F. ) ;
#1004 = VECTOR ( 'NONE', #1579, 1000.000000000000000 ) ;
#1005 = DIRECTION ( 'NONE',  ( -8.673617379884005890E-16, 1.000000000000000000, 0.000000000000000000 ) ) ;
#1006 = DIRECTION ( 'NONE',  ( 1.000000000000000000, 0.000000000000000000, -0.000000000000000000 ) ) ;
#1007 = DIRECTION ( 'NONE',  ( -1.000000000000000000, 0.000000000000000000, 0.000000000000000000 ) ) ;
#1008 = DIRECTION ( 'NONE',  ( 0.000000000000000000, -1.000000000000000000, 0.000000000000000000 ) ) ;
#1009 = EDGE_CURVE ( 'NONE', #1195, #1546, #1014, .T. ) ;
#1010 = CARTESIAN_POINT ( 'NONE',  ( -15.00000000000000178, 20.00000000000000000, 15.19999999999999929 ) ) ;
#1011 = FACE_OUTER_BOUND ( 'NONE', #236, .T. ) ;
#1012 = CARTESIAN_POINT ( 'NONE',  ( 20.00000000000001066, -33.00000000000000000, -4.000000000000000000 ) ) ;
#1013 = DIRECTION ( 'NONE',  ( -0.000000000000000000, -0.000000000000000000, 1.000000000000000000 ) ) ;
#1014 = LINE ( 'NONE', #896, #888 ) ;
#1015 = CARTESIAN_POINT ( 'NONE',  ( 0.000000000000000000, -23.00000000000000000, -4.000000000000000000 ) ) ;
#1016 = ORIENTED_EDGE ( 'NONE', *, *, #1018, .T. ) ;
#1017 = LINE ( 'NONE', #755, #711 ) ;
#1018 = EDGE_CURVE ( 'NONE', #1408, #1091, #1135, .T. ) ;
#1019 = CARTESIAN_POINT ( 'NONE',  ( 0.000000000000000000, -23.00000000000000000, 0.000000000000000000 ) ) ;
#1020 = EDGE_CURVE ( 'NONE', #248, #818, #1263, .T. ) ;
#1021 = DIRECTION ( 'NONE',  ( -0.000000000000000000, -1.000000000000000000, -0.000000000000000000 ) ) ;
#1022 = AXIS2_PLACEMENT_3D ( 'NONE', #869, #1008, #498 ) ;
#1023 = CARTESIAN_POINT ( 'NONE',  ( -10.49999999999999467, 10.60588745030457325, 3.299999999999999822 ) ) ;
#1024 = ORIENTED_EDGE ( 'NONE', *, *, #1210, .F. ) ;
#1025 = CIRCLE ( 'NONE', #614, 1.200000000000000622 ) ;
#1026 = CARTESIAN_POINT ( 'NONE',  ( -10.49999999999999467, 17.00000000000000355, 3.299999999999999822 ) ) ;
#1027 = AXIS2_PLACEMENT_3D ( 'NONE', #160, #1114, #1353 ) ;
#1028 = EDGE_LOOP ( 'NONE', ( #1359, #575 ) ) ;
#1029 = DIRECTION ( 'NONE',  ( 0.000000000000000000, 1.000000000000000000, 0.000000000000000000 ) ) ;
#1030 = ORIENTED_EDGE ( 'NONE', *, *, #1126, .T. ) ;
#1031 = CARTESIAN_POINT ( 'NONE',  ( -10.50000000000000178, 12.99999999999999822, -0.8999999999999998002 ) ) ;
#1032 = CARTESIAN_POINT ( 'NONE',  ( 15.49999999999999645, 12.99999999999999467, -3.000000000000000000 ) ) ;
#1033 = ORIENTED_EDGE ( 'NONE', *, *, #502, .T. ) ;
#1034 = DIRECTION ( 'NONE',  ( -1.000000000000000000, 0.000000000000000000, 0.000000000000000000 ) ) ;
#1035 = CARTESIAN_POINT ( 'NONE',  ( 0.000000000000000000, 0.000000000000000000, 0.000000000000000000 ) ) ;
#1036 = EDGE_LOOP ( 'NONE', ( #600, #1420, #362, #611 ) ) ;
#1037 = DIRECTION ( 'NONE',  ( 0.000000000000000000, 0.000000000000000000, 1.000000000000000000 ) ) ;
#1038 = VERTEX_POINT ( 'NONE', #1031 ) ;
#1039 = DIRECTION ( 'NONE',  ( 0.000000000000000000, -0.000000000000000000, 1.000000000000000000 ) ) ;
#1040 = ORIENTED_EDGE ( 'NONE', *, *, #476, .F. ) ;
#1041 = DIRECTION ( 'NONE',  ( 0.000000000000000000, 1.000000000000000000, 0.000000000000000000 ) ) ;
#1042 = EDGE_CURVE ( 'NONE', #1195, #724, #649, .T. ) ;
#1043 = EDGE_LOOP ( 'NONE', ( #1063, #224 ) ) ;
#1044 = LINE ( 'NONE', #319, #1543 ) ;
#1045 = DIRECTION ( 'NONE',  ( 6.870143659382344768E-17, -1.000000000000000000, 0.000000000000000000 ) ) ;
#1046 = ADVANCED_FACE ( 'NONE', ( #1401 ), #41, .F. ) ;
#1047 = EDGE_LOOP ( 'NONE', ( #347, #901, #590, #592 ) ) ;
#1048 = VECTOR ( 'NONE', #638, 1000.000000000000000 ) ;
#1049 = DIRECTION ( 'NONE',  ( 0.000000000000000000, 0.000000000000000000, 1.000000000000000000 ) ) ;
#1050 = ADVANCED_FACE ( 'NONE', ( #1270 ), #168, .F. ) ;
#1051 = AXIS2_PLACEMENT_3D ( 'NONE', #427, #1343, #237 ) ;
#1052 = VERTEX_POINT ( 'NONE', #261 ) ;
#1053 = ORIENTED_EDGE ( 'NONE', *, *, #1405, .F. ) ;
#1054 = VECTOR ( 'NONE', #145, 1000.000000000000000 ) ;
#1055 = DIRECTION ( 'NONE',  ( -6.870143659382344768E-17, 1.000000000000000000, 0.000000000000000000 ) ) ;
#1056 = FACE_OUTER_BOUND ( 'NONE', #1159, .T. ) ;
#1057 = ORIENTED_EDGE ( 'NONE', *, *, #1362, .F. ) ;
#1058 = LINE ( 'NONE', #69, #3 ) ;
#1059 = VERTEX_POINT ( 'NONE', #1026 ) ;
#1060 = ORIENTED_EDGE ( 'NONE', *, *, #1332, .T. ) ;
#1061 = LINE ( 'NONE', #1441, #975 ) ;
#1062 = DIRECTION ( 'NONE',  ( 0.000000000000000000, 0.000000000000000000, 1.000000000000000000 ) ) ;
#1063 = ORIENTED_EDGE ( 'NONE', *, *, #674, .T. ) ;
#1064 = CARTESIAN_POINT ( 'NONE',  ( -7.999999999999992895, -30.00000000000000711, 9.950000000000001066 ) ) ;
#1065 = VERTEX_POINT ( 'NONE', #1012 ) ;
#1066 = ORIENTED_EDGE ( 'NONE', *, *, #1128, .T. ) ;
#1067 = EDGE_CURVE ( 'NONE', #904, #1073, #531, .T. ) ;
#1068 = DIRECTION ( 'NONE',  ( -0.000000000000000000, -1.000000000000000000, -0.000000000000000000 ) ) ;
#1069 = DIRECTION ( 'NONE',  ( 0.000000000000000000, 1.000000000000000000, 0.000000000000000000 ) ) ;
#1070 = CARTESIAN_POINT ( 'NONE',  ( 2.420618748966718536E-15, -27.00000000000003553, 0.000000000000000000 ) ) ;
#1071 = ORIENTED_EDGE ( 'NONE', *, *, #1234, .F. ) ;
#1072 = EDGE_CURVE ( 'NONE', #444, #183, #269, .T. ) ;
#1073 = VERTEX_POINT ( 'NONE', #1260 ) ;
#1074 = DIRECTION ( 'NONE',  ( 1.000000000000000000, 6.870143659382344768E-17, 0.000000000000000000 ) ) ;
#1075 = CARTESIAN_POINT ( 'NONE',  ( 0.000000000000000000, 0.000000000000000000, 0.000000000000000000 ) ) ;
#1076 = VECTOR ( 'NONE', #847, 1000.000000000000000 ) ;
#1077 = EDGE_CURVE ( 'NONE', #1351, #174, #1497, .T. ) ;
#1078 = EDGE_CURVE ( 'NONE', #1423, #832, #647, .T. ) ;
#1079 = LINE ( 'NONE', #351, #1364 ) ;
#1080 = VECTOR ( 'NONE', #1045, 1000.000000000000000 ) ;
#1081 = ORIENTED_EDGE ( 'NONE', *, *, #546, .F. ) ;
#1082 = VERTEX_POINT ( 'NONE', #769 ) ;
#1083 = DIRECTION ( 'NONE',  ( 1.000000000000000000, 0.000000000000000000, -0.000000000000000000 ) ) ;
#1084 = ORIENTED_EDGE ( 'NONE', *, *, #419, .T. ) ;
#1085 = ORIENTED_EDGE ( 'NONE', *, *, #419, .F. ) ;
#1086 = CARTESIAN_POINT ( 'NONE',  ( -10.50000000000000178, 0.000000000000000000, -4.000000000000000000 ) ) ;
#1087 = CARTESIAN_POINT ( 'NONE',  ( 18.10000000000000853, 17.00000000000000355, 0.000000000000000000 ) ) ;
#1088 = ORIENTED_EDGE ( 'NONE', *, *, #985, .F. ) ;
#1089 = ORIENTED_EDGE ( 'NONE', *, *, #355, .T. ) ;
#1090 = PLANE ( 'NONE',  #198 ) ;
#1091 = VERTEX_POINT ( 'NONE', #39 ) ;
#1092 = ADVANCED_FACE ( 'NONE', ( #25, #392 ), #1267, .F. ) ;
#1093 = ORIENTED_EDGE ( 'NONE', *, *, #315, .F. ) ;
#1094 = DIRECTION ( 'NONE',  ( -1.000000000000000000, 0.000000000000000000, -0.000000000000000000 ) ) ;
#1095 = EDGE_CURVE ( 'NONE', #1189, #43, #1155, .T. ) ;
#1096 = CARTESIAN_POINT ( 'NONE',  ( 15.49999999999999645, 12.99999999999999467, -4.000000000000000000 ) ) ;
#1097 = ORIENTED_EDGE ( 'NONE', *, *, #361, .F. ) ;
#1098 = ORIENTED_EDGE ( 'NONE', *, *, #388, .F. ) ;
#1099 = CARTESIAN_POINT ( 'NONE',  ( 13.00000000000000888, 17.00000000000000355, -19.21320343559643362 ) ) ;
#1100 = EDGE_CURVE ( 'NONE', #595, #936, #1017, .T. ) ;
#1101 = ORIENTED_EDGE ( 'NONE', *, *, #184, .F. ) ;
#1102 = DIRECTION ( 'NONE',  ( 1.000000000000000000, 0.000000000000000000, 0.000000000000000000 ) ) ;
#1103 = VECTOR ( 'NONE', #1062, 1000.000000000000000 ) ;
#1104 = LINE ( 'NONE', #368, #436 ) ;
#1105 = VECTOR ( 'NONE', #661, 1000.000000000000000 ) ;
#1106 = AXIS2_PLACEMENT_3D ( 'NONE', #617, #373, #33 ) ;
#1107 = APPLICATION_CONTEXT ( 'automotive_design' ) ;
#1108 = ORIENTED_EDGE ( 'NONE', *, *, #1265, .T. ) ;
#1109 = CARTESIAN_POINT ( 'NONE',  ( -15.00000000000000178, -12.50000000000000000, 7.000000000000000888 ) ) ;
#1110 = VECTOR ( 'NONE', #28, 1000.000000000000000 ) ;
#1111 = CARTESIAN_POINT ( 'NONE',  ( 1.734723475976806700E-15, 12.99999999999999645, -1.000000000000000000 ) ) ;
#1112 = ORIENTED_EDGE ( 'NONE', *, *, #1484, .T. ) ;
#1113 = DIRECTION ( 'NONE',  ( 0.000000000000000000, 1.000000000000000000, 0.000000000000000000 ) ) ;
#1114 = DIRECTION ( 'NONE',  ( 0.000000000000000000, 0.000000000000000000, 1.000000000000000000 ) ) ;
#1115 =( LENGTH_UNIT ( ) NAMED_UNIT ( * ) SI_UNIT ( .MILLI., .METRE. ) );
#1116 = PLANE ( 'NONE',  #1435 ) ;
#1117 = CARTESIAN_POINT ( 'NONE',  ( -10.50000000000000178, 12.99999999999999822, -1.000000000000000000 ) ) ;
#1118 = VERTEX_POINT ( 'NONE', #892 ) ;
#1119 = CARTESIAN_POINT ( 'NONE',  ( -15.00000000000000178, -22.49999999999999645, -8.198039027185572536 ) ) ;
#1120 = DIRECTION ( 'NONE',  ( -0.000000000000000000, 0.000000000000000000, 1.000000000000000000 ) ) ;
#1121 = EDGE_CURVE ( 'NONE', #966, #826, #1382, .T. ) ;
#1122 = FACE_BOUND ( 'NONE', #1036, .T. ) ;
#1123 = FACE_OUTER_BOUND ( 'NONE', #120, .T. ) ;
#1124 = CARTESIAN_POINT ( 'NONE',  ( 9.500000000000010658, -15.13393125268149753, 7.000000000000000888 ) ) ;
#1125 = ADVANCED_FACE ( 'NONE', ( #1390, #1244 ), #652, .F. ) ;
#1126 = EDGE_CURVE ( 'NONE', #1567, #358, #1148, .T. ) ;
#1127 = CARTESIAN_POINT ( 'NONE',  ( 15.50000000000000888, 14.00000000000000533, 4.500000000000000888 ) ) ;
#1128 = EDGE_CURVE ( 'NONE', #340, #429, #44, .T. ) ;
#1129 = VECTOR ( 'NONE', #1349, 1000.000000000000000 ) ;
#1130 = DIRECTION ( 'NONE',  ( 1.000000000000000000, 0.000000000000000000, 0.000000000000000000 ) ) ;
#1131 = VECTOR ( 'NONE', #1575, 1000.000000000000000 ) ;
#1132 = VECTOR ( 'NONE', #221, 1000.000000000000000 ) ;
#1133 = VECTOR ( 'NONE', #360, 1000.000000000000000 ) ;
#1134 = CARTESIAN_POINT ( 'NONE',  ( -10.49999999999999467, 14.00000000000000533, 3.299999999999999822 ) ) ;
#1135 = CIRCLE ( 'NONE', #197, 1.200000000000000622 ) ;
#1136 = DIRECTION ( 'NONE',  ( 1.000000000000000000, 0.000000000000000000, 0.000000000000000000 ) ) ;
#1137 = LINE ( 'NONE', #34, #561 ) ;
#1138 = FACE_OUTER_BOUND ( 'NONE', #1578, .T. ) ;
#1139 = LINE ( 'NONE', #1478, #1205 ) ;
#1140 = DIRECTION ( 'NONE',  ( 1.000000000000000000, -1.334402673828313339E-16, 0.000000000000000000 ) ) ;
#1141 = CARTESIAN_POINT ( 'NONE',  ( -13.09999999999999787, 17.00000000000000355, 6.999999999999999112 ) ) ;
#1142 = CARTESIAN_POINT ( 'NONE',  ( 0.000000000000000000, 14.00000000000000533, 0.000000000000000000 ) ) ;
#1143 = EDGE_CURVE ( 'NONE', #203, #862, #1137, .T. ) ;
#1144 = CARTESIAN_POINT ( 'NONE',  ( -13.00000000000000000, -1.288651725011342272E-15, -0.8999999999999998002 ) ) ;
#1145 = CARTESIAN_POINT ( 'NONE',  ( 9.500000000000010658, -15.13393125268149753, 7.000000000000000888 ) ) ;
#1146 = CARTESIAN_POINT ( 'NONE',  ( 0.000000000000000000, 0.000000000000000000, -4.000000000000000000 ) ) ;
#1147 = VERTEX_POINT ( 'NONE', #517 ) ;
#1148 = LINE ( 'NONE', #150, #1048 ) ;
#1149 = ORIENTED_EDGE ( 'NONE', *, *, #207, .F. ) ;
#1150 = CARTESIAN_POINT ( 'NONE',  ( -13.09999999999999609, -8.999888193790868638E-16, 0.000000000000000000 ) ) ;
#1151 = CARTESIAN_POINT ( 'NONE',  ( -4.499999999999990230, -15.13393125268149753, 7.000000000000000888 ) ) ;
#1152 = VECTOR ( 'NONE', #169, 1000.000000000000000 ) ;
#1153 = PLANE ( 'NONE',  #1465 ) ;
#1154 = EDGE_LOOP ( 'NONE', ( #663, #1431, #1185, #1468 ) ) ;
#1155 = LINE ( 'NONE', #418, #841 ) ;
#1156 = VECTOR ( 'NONE', #1269, 1000.000000000000000 ) ;
#1157 = EDGE_LOOP ( 'NONE', ( #730, #1071, #1344, #1584 ) ) ;
#1158 = LINE ( 'NONE', #544, #1511 ) ;
#1159 = EDGE_LOOP ( 'NONE', ( #1444, #461, #962, #725 ) ) ;
#1160 = LINE ( 'NONE', #60, #1385 ) ;
#1161 = ORIENTED_EDGE ( 'NONE', *, *, #191, .T. ) ;
#1162 = CARTESIAN_POINT ( 'NONE',  ( 15.50000000000000888, 14.00000000000000533, 3.299999999999998046 ) ) ;
#1163 = VERTEX_POINT ( 'NONE', #274 ) ;
#1164 = CARTESIAN_POINT ( 'NONE',  ( 20.00000000000000355, 20.00000000000000355, -4.000000000000000000 ) ) ;
#1165 = ORIENTED_EDGE ( 'NONE', *, *, #1078, .F. ) ;
#1166 = ADVANCED_FACE ( 'NONE', ( #1503 ), #397, .F. ) ;
#1167 = PLANE ( 'NONE',  #77 ) ;
#1168 = CARTESIAN_POINT ( 'NONE',  ( -7.999999999999996447, 14.00000000000000533, -19.21320343559643362 ) ) ;
#1169 = ORIENTED_EDGE ( 'NONE', *, *, #1095, .F. ) ;
#1170 = FACE_OUTER_BOUND ( 'NONE', #928, .T. ) ;
#1171 = DIRECTION ( 'NONE',  ( -0.000000000000000000, -0.000000000000000000, -1.000000000000000000 ) ) ;
#1172 = ORIENTED_EDGE ( 'NONE', *, *, #472, .T. ) ;
#1173 = COLOUR_RGB ( '',0.7921568627450980005, 0.8196078431372548767, 0.9333333333333333481 ) ;
#1174 = VECTOR ( 'NONE', #178, 1000.000000000000000 ) ;
#1175 = ORIENTED_EDGE ( 'NONE', *, *, #387, .F. ) ;
#1176 = CIRCLE ( 'NONE', #78, 1.200000000000000622 ) ;
#1177 = ORIENTED_EDGE ( 'NONE', *, *, #219, .T. ) ;
#1178 = VECTOR ( 'NONE', #465, 1000.000000000000000 ) ;
#1179 = CARTESIAN_POINT ( 'NONE',  ( 18.00000000000000355, -27.00000000000003197, -3.000000000000000000 ) ) ;
#1180 = CARTESIAN_POINT ( 'NONE',  ( -14.99999999999999822, -1.963837897332234097E-15, -4.000000000000000000 ) ) ;
#1181 = ORIENTED_EDGE ( 'NONE', *, *, #1257, .F. ) ;
#1182 = ADVANCED_FACE ( 'NONE', ( #763 ), #1526, .F. ) ;
#1183 = PLANE ( 'NONE',  #509 ) ;
#1184 = ORIENTED_EDGE ( 'NONE', *, *, #217, .F. ) ;
#1185 = ORIENTED_EDGE ( 'NONE', *, *, #6, .T. ) ;
#1186 = LINE ( 'NONE', #89, #5 ) ;
#1187 = CARTESIAN_POINT ( 'NONE',  ( -10.49999999999999467, 10.60588745030457325, 5.700000000000001066 ) ) ;
#1188 = CARTESIAN_POINT ( 'NONE',  ( -13.09999999999999787, 14.00000000000000533, 6.999999999999999112 ) ) ;
#1189 = VERTEX_POINT ( 'NONE', #671 ) ;
#1190 = EDGE_CURVE ( 'NONE', #1091, #1408, #1025, .T. ) ;
#1191 = ORIENTED_EDGE ( 'NONE', *, *, #32, .T. ) ;
#1192 = CARTESIAN_POINT ( 'NONE',  ( -13.09999999999999609, -8.996648020441453194E-16, 0.000000000000000000 ) ) ;
#1193 = CARTESIAN_POINT ( 'NONE',  ( -7.999999999999996447, 17.00000000000000355, -19.21320343559643362 ) ) ;
#1194 = DIRECTION ( 'NONE',  ( -0.000000000000000000, -0.000000000000000000, 1.000000000000000000 ) ) ;
#1195 = VERTEX_POINT ( 'NONE', #1536 ) ;
#1196 = VERTEX_POINT ( 'NONE', #482 ) ;
#1197 = PLANE ( 'NONE',  #870 ) ;
#1198 = ORIENTED_EDGE ( 'NONE', *, *, #1100, .F. ) ;
#1199 = AXIS2_PLACEMENT_3D ( 'NONE', #1296, #1539, #1037 ) ;
#1200 = VERTEX_POINT ( 'NONE', #1215 ) ;
#1201 = LINE ( 'NONE', #593, #1232 ) ;
#1202 = VECTOR ( 'NONE', #1241, 1000.000000000000000 ) ;
#1203 = VECTOR ( 'NONE', #852, 1000.000000000000000 ) ;
#1204 = LINE ( 'NONE', #1327, #1283 ) ;
#1205 = VECTOR ( 'NONE', #1470, 1000.000000000000000 ) ;
#1206 = EDGE_LOOP ( 'NONE', ( #1554, #75, #1316, #1275 ) ) ;
#1207 = ORIENTED_EDGE ( 'NONE', *, *, #1339, .T. ) ;
#1208 = CARTESIAN_POINT ( 'NONE',  ( 18.10000000000000853, 14.00000000000000533, 0.000000000000000000 ) ) ;
#1209 = EDGE_LOOP ( 'NONE', ( #1477, #1101 ) ) ;
#1210 = EDGE_CURVE ( 'NONE', #967, #1423, #825, .T. ) ;
#1211 = ORIENTED_EDGE ( 'NONE', *, *, #1533, .T. ) ;
#1212 = CARTESIAN_POINT ( 'NONE',  ( 13.00000000000000888, -23.46446609406726935, 11.19999999999999929 ) ) ;
#1213 = DIRECTION ( 'NONE',  ( -1.000000000000000000, 0.000000000000000000, 0.000000000000000000 ) ) ;
#1214 = EDGE_LOOP ( 'NONE', ( #1177, #116, #1330, #1088 ) ) ;
#1215 = CARTESIAN_POINT ( 'NONE',  ( -10.50000000000000178, 12.99999999999999822, -4.000000000000000000 ) ) ;
#1216 = ADVANCED_FACE ( 'NONE', ( #468 ), #1591, .F. ) ;
#1217 = EDGE_LOOP ( 'NONE', ( #1452, #545, #567, #1, #128, #1030, #550, #1425, #845, #1207, #719, #1561 ) ) ;
#1218 = CARTESIAN_POINT ( 'NONE',  ( 0.000000000000000000, 17.00000000000000355, 1.800000000000000044 ) ) ;
#1219 = FACE_OUTER_BOUND ( 'NONE', #1289, .T. ) ;
#1220 = ORIENTED_EDGE ( 'NONE', *, *, #1077, .F. ) ;
#1221 = VERTEX_POINT ( 'NONE', #1162 ) ;
#1222 = CARTESIAN_POINT ( 'NONE',  ( 13.00000000000000888, 14.00000000000000533, -19.21320343559643362 ) ) ;
#1223 = DIRECTION ( 'NONE',  ( -1.334402673828313586E-16, -1.000000000000000000, 0.000000000000000000 ) ) ;
#1224 = ORIENTED_EDGE ( 'NONE', *, *, #1121, .F. ) ;
#1225 = DIRECTION ( 'NONE',  ( 1.000000000000000000, -0.000000000000000000, 0.000000000000000000 ) ) ;
#1226 = EDGE_CURVE ( 'NONE', #691, #770, #678, .T. ) ;
#1227 = AXIS2_PLACEMENT_3D ( 'NONE', #612, #271, #757 ) ;
#1228 = DIRECTION ( 'NONE',  ( -0.000000000000000000, -1.000000000000000000, -0.000000000000000000 ) ) ;
#1229 = AXIS2_PLACEMENT_3D ( 'NONE', #1035, #201, #910 ) ;
#1230 = AXIS2_PLACEMENT_3D ( 'NONE', #857, #990, #1480 ) ;
#1231 = VERTEX_POINT ( 'NONE', #549 ) ;
#1232 = VECTOR ( 'NONE', #109, 1000.000000000000000 ) ;
#1233 = CARTESIAN_POINT ( 'NONE',  ( -13.09999999999999787, 14.00000000000000533, 0.000000000000000000 ) ) ;
#1234 = EDGE_CURVE ( 'NONE', #961, #996, #62, .T. ) ;
#1235 = FACE_OUTER_BOUND ( 'NONE', #446, .T. ) ;
#1236 = ORIENTED_EDGE ( 'NONE', *, *, #1009, .F. ) ;
#1237 = ADVANCED_FACE ( 'NONE', ( #959 ), #1197, .T. ) ;
#1238 = LINE ( 'NONE', #140, #764 ) ;
#1239 =( NAMED_UNIT ( * ) PLANE_ANGLE_UNIT ( ) SI_UNIT ( $, .RADIAN. ) );
#1240 = EDGE_CURVE ( 'NONE', #139, #1546, #346, .T. ) ;
#1241 = DIRECTION ( 'NONE',  ( 9.912705577010325549E-17, -1.000000000000000000, 0.000000000000000000 ) ) ;
#1242 = DIRECTION ( 'NONE',  ( 0.000000000000000000, 0.000000000000000000, 1.000000000000000000 ) ) ;
#1243 = EDGE_CURVE ( 'NONE', #1574, #331, #740, .T. ) ;
#1244 = FACE_OUTER_BOUND ( 'NONE', #374, .T. ) ;
#1245 = ADVANCED_FACE ( 'NONE', ( #100 ), #1167, .T. ) ;
#1246 = DIRECTION ( 'NONE',  ( 0.000000000000000000, 0.000000000000000000, -1.000000000000000000 ) ) ;
#1247 = CARTESIAN_POINT ( 'NONE',  ( 18.10000000000000853, 14.00000000000000533, 6.999999999999999112 ) ) ;
#1248 = CARTESIAN_POINT ( 'NONE',  ( -10.50000000000000178, 12.99999999999999822, -1.000000000000000000 ) ) ;
#1249 = CARTESIAN_POINT ( 'NONE',  ( 15.50000000000000888, 17.00000000000000355, 4.500000000000000888 ) ) ;
#1250 = DIRECTION ( 'NONE',  ( 0.000000000000000000, 1.000000000000000000, 0.000000000000000000 ) ) ;
#1251 = FACE_OUTER_BOUND ( 'NONE', #117, .T. ) ;
#1252 = VECTOR ( 'NONE', #1396, 1000.000000000000000 ) ;
#1253 = CARTESIAN_POINT ( 'NONE',  ( 1.734723475976807094E-15, 12.99999999999999645, -3.000000000000000000 ) ) ;
#1254 = VECTOR ( 'NONE', #253, 1000.000000000000000 ) ;
#1255 = VECTOR ( 'NONE', #1350, 1000.000000000000000 ) ;
#1256 = VECTOR ( 'NONE', #1228, 1000.000000000000000 ) ;
#1257 = EDGE_CURVE ( 'NONE', #1439, #1553, #102, .T. ) ;
#1258 = LINE ( 'NONE', #1002, #788 ) ;
#1259 = DIRECTION ( 'NONE',  ( 0.000000000000000000, 0.000000000000000000, 1.000000000000000000 ) ) ;
#1260 = CARTESIAN_POINT ( 'NONE',  ( -7.999999999999996447, 14.00000000000000533, 0.000000000000000000 ) ) ;
#1261 = ADVANCED_FACE ( 'NONE', ( #597, #122 ), #1090, .T. ) ;
#1262 = DIRECTION ( 'NONE',  ( 0.000000000000000000, 0.000000000000000000, 1.000000000000000000 ) ) ;
#1263 = LINE ( 'NONE', #539, #379 ) ;
#1264 = LINE ( 'NONE', #994, #303 ) ;
#1265 = EDGE_CURVE ( 'NONE', #183, #1065, #556, .T. ) ;
#1266 = ORIENTED_EDGE ( 'NONE', *, *, #503, .F. ) ;
#1267 = PLANE ( 'NONE',  #506 ) ;
#1268 = EDGE_LOOP ( 'NONE', ( #1108, #1085, #441, #107 ) ) ;
#1269 = DIRECTION ( 'NONE',  ( -1.309225264888156130E-16, 1.000000000000000000, 0.000000000000000000 ) ) ;
#1270 = FACE_OUTER_BOUND ( 'NONE', #1329, .T. ) ;
#1271 = CARTESIAN_POINT ( 'NONE',  ( -12.99999999999999467, 14.00000000000000533, 6.999999999999999112 ) ) ;
#1272 = ORIENTED_EDGE ( 'NONE', *, *, #1095, .T. ) ;
#1273 = CARTESIAN_POINT ( 'NONE',  ( -14.99999999999999467, -33.00000000000000000, 15.19999999999999929 ) ) ;
#1274 =( NAMED_UNIT ( * ) SI_UNIT ( $, .STERADIAN. ) SOLID_ANGLE_UNIT ( ) );
#1275 = ORIENTED_EDGE ( 'NONE', *, *, #147, .T. ) ;
#1276 = LINE ( 'NONE', #552, #1570 ) ;
#1277 = ORIENTED_EDGE ( 'NONE', *, *, #616, .F. ) ;
#1278 = VECTOR ( 'NONE', #287, 1000.000000000000000 ) ;
#1279 = VECTOR ( 'NONE', #864, 1000.000000000000000 ) ;
#1280 = CARTESIAN_POINT ( 'NONE',  ( 13.00000000000000888, 17.00000000000000355, 1.799999999999999600 ) ) ;
#1281 = ORIENTED_EDGE ( 'NONE', *, *, #1377, .T. ) ;
#1282 = DIRECTION ( 'NONE',  ( 0.000000000000000000, -1.000000000000000000, 0.000000000000000000 ) ) ;
#1283 = VECTOR ( 'NONE', #1194, 1000.000000000000000 ) ;
#1284 = LINE ( 'NONE', #1168, #891 ) ;
#1285 = EDGE_LOOP ( 'NONE', ( #417, #699, #524, #716 ) ) ;
#1286 = DIRECTION ( 'NONE',  ( 0.000000000000000000, -1.000000000000000000, 0.000000000000000000 ) ) ;
#1287 = ORIENTED_EDGE ( 'NONE', *, *, #6, .F. ) ;
#1288 = EDGE_CURVE ( 'NONE', #1221, #812, #1489, .T. ) ;
#1289 = EDGE_LOOP ( 'NONE', ( #114, #1093, #1184, #890, #653, #932, #1040, #124 ) ) ;
#1290 = DIRECTION ( 'NONE',  ( -0.000000000000000000, -0.000000000000000000, 1.000000000000000000 ) ) ;
#1291 = EDGE_CURVE ( 'NONE', #53, #947, #917, .T. ) ;
#1292 = DIRECTION ( 'NONE',  ( 0.000000000000000000, 1.000000000000000000, 0.000000000000000000 ) ) ;
#1293 = ORIENTED_EDGE ( 'NONE', *, *, #785, .F. ) ;
#1294 = EDGE_CURVE ( 'NONE', #1546, #1052, #1404, .T. ) ;
#1295 = LINE ( 'NONE', #551, #1386 ) ;
#1296 = CARTESIAN_POINT ( 'NONE',  ( -7.999999999999992895, -33.00000000000000000, 11.19999999999999929 ) ) ;
#1297 = ORIENTED_EDGE ( 'NONE', *, *, #1504, .T. ) ;
#1298 = PRODUCT_CONTEXT ( 'NONE', #1107, 'mechanical' ) ;
#1299 = EDGE_LOOP ( 'NONE', ( #939, #1520, #1293, #704 ) ) ;
#1300 = ORIENTED_EDGE ( 'NONE', *, *, #972, .T. ) ;
#1301 = DIRECTION ( 'NONE',  ( 0.000000000000000000, 1.000000000000000000, -0.000000000000000000 ) ) ;
#1302 = PLANE ( 'NONE',  #76 ) ;
#1303 = ORIENTED_EDGE ( 'NONE', *, *, #960, .F. ) ;
#1304 = EDGE_CURVE ( 'NONE', #1518, #345, #68, .T. ) ;
#1305 = AXIS2_PLACEMENT_3D ( 'NONE', #1509, #1250, #403 ) ;
#1306 = EDGE_CURVE ( 'NONE', #618, #53, #948, .T. ) ;
#1307 = CARTESIAN_POINT ( 'NONE',  ( 9.500000000000012434, -30.00000000000000711, 0.000000000000000000 ) ) ;
#1308 = VECTOR ( 'NONE', #1292, 1000.000000000000000 ) ;
#1309 = ORIENTED_EDGE ( 'NONE', *, *, #438, .F. ) ;
#1310 = AXIS2_PLACEMENT_3D ( 'NONE', #1111, #1223, #13 ) ;
#1311 = ORIENTED_EDGE ( 'NONE', *, *, #1592, .T. ) ;
#1312 = CIRCLE ( 'NONE', #1440, 1.249999999999999334 ) ;
#1313 = CARTESIAN_POINT ( 'NONE',  ( 15.50000000000000888, 10.60588745030457325, 4.500000000000000888 ) ) ;
#1314 = LINE ( 'NONE', #697, #1418 ) ;
#1315 = ORIENTED_EDGE ( 'NONE', *, *, #23, .F. ) ;
#1316 = ORIENTED_EDGE ( 'NONE', *, *, #23, .T. ) ;
#1317 = PLANE ( 'NONE',  #795 ) ;
#1318 = CARTESIAN_POINT ( 'NONE',  ( -13.09999999999999609, -12.50000000000000000, 0.000000000000000000 ) ) ;
#1319 = CARTESIAN_POINT ( 'NONE',  ( -15.00000000000000178, 20.00000000000000000, 2.000000000000000000 ) ) ;
#1320 = ORIENTED_EDGE ( 'NONE', *, *, #355, .F. ) ;
#1321 = ORIENTED_EDGE ( 'NONE', *, *, #827, .T. ) ;
#1322 = CARTESIAN_POINT ( 'NONE',  ( -4.499999999999990230, 0.000000000000000000, 0.000000000000000000 ) ) ;
#1323 = EDGE_LOOP ( 'NONE', ( #321, #805, #369, #541, #694, #98, #494, #1060, #324, #213, #969, #1342, #440, #46, #1089, #738 ) ) ;
#1324 = EDGE_LOOP ( 'NONE', ( #1309, #775, #99, #1220 ) ) ;
#1325 = CARTESIAN_POINT ( 'NONE',  ( -10.50000000000000178, -23.00000000000000000, -0.8999999999999998002 ) ) ;
#1326 = DIRECTION ( 'NONE',  ( 0.000000000000000000, 1.000000000000000000, 0.000000000000000000 ) ) ;
#1327 = CARTESIAN_POINT ( 'NONE',  ( 15.49999999999999645, 12.99999999999999467, -1.000000000000000000 ) ) ;
#1328 = EDGE_CURVE ( 'NONE', #256, #1231, #1542, .T. ) ;
#1329 = EDGE_LOOP ( 'NONE', ( #231, #572, #177, #1303 ) ) ;
#1330 = ORIENTED_EDGE ( 'NONE', *, *, #338, .T. ) ;
#1331 = CARTESIAN_POINT ( 'NONE',  ( -7.999999999999992895, -30.00000000000000711, 11.19999999999999929 ) ) ;
#1332 = EDGE_CURVE ( 'NONE', #1196, #1567, #628, .T. ) ;
#1333 = ORIENTED_EDGE ( 'NONE', *, *, #184, .T. ) ;
#1334 = ORIENTED_EDGE ( 'NONE', *, *, #781, .T. ) ;
#1335 = FACE_OUTER_BOUND ( 'NONE', #218, .T. ) ;
#1336 = AXIS2_PLACEMENT_3D ( 'NONE', #1146, #424, #1413 ) ;
#1337 = VECTOR ( 'NONE', #698, 1000.000000000000000 ) ;
#1338 = CARTESIAN_POINT ( 'NONE',  ( 17.99999999999999645, 20.00000000000000355, -3.000000000000000000 ) ) ;
#1339 = EDGE_CURVE ( 'NONE', #720, #533, #390, .T. ) ;
#1340 = AXIS2_PLACEMENT_3D ( 'NONE', #73, #1029, #1391 ) ;
#1341 = ORIENTED_EDGE ( 'NONE', *, *, #1362, .T. ) ;
#1342 = ORIENTED_EDGE ( 'NONE', *, *, #388, .T. ) ;
#1343 = DIRECTION ( 'NONE',  ( -0.000000000000000000, -1.000000000000000000, -0.000000000000000000 ) ) ;
#1344 = ORIENTED_EDGE ( 'NONE', *, *, #820, .F. ) ;
#1345 = DIRECTION ( 'NONE',  ( 0.000000000000000000, 1.000000000000000000, 0.000000000000000000 ) ) ;
#1346 = DIRECTION ( 'NONE',  ( -1.000000000000000000, 1.334402673828313586E-16, 0.000000000000000000 ) ) ;
#1347 = ORIENTED_EDGE ( 'NONE', *, *, #399, .F. ) ;
#1348 = VERTEX_POINT ( 'NONE', #492 ) ;
#1349 = DIRECTION ( 'NONE',  ( 1.000000000000000000, -1.334402673828313586E-16, 0.000000000000000000 ) ) ;
#1350 = DIRECTION ( 'NONE',  ( -0.000000000000000000, -0.000000000000000000, 1.000000000000000000 ) ) ;
#1351 = VERTEX_POINT ( 'NONE', #37 ) ;
#1352 = LINE ( 'NONE', #736, #230 ) ;
#1353 = DIRECTION ( 'NONE',  ( 1.000000000000000000, 0.000000000000000000, -0.000000000000000000 ) ) ;
#1354 = ORIENTED_EDGE ( 'NONE', *, *, #238, .T. ) ;
#1355 = DIRECTION ( 'NONE',  ( -6.870143659382344768E-17, 1.000000000000000000, 0.000000000000000000 ) ) ;
#1356 = EDGE_CURVE ( 'NONE', #1446, #444, #401, .T. ) ;
#1357 = CARTESIAN_POINT ( 'NONE',  ( 13.00000000000000888, 0.000000000000000000, 0.000000000000000000 ) ) ;
#1358 = DIRECTION ( 'NONE',  ( -0.000000000000000000, 0.000000000000000000, 1.000000000000000000 ) ) ;
#1359 = ORIENTED_EDGE ( 'NONE', *, *, #1243, .T. ) ;
#1360 = CARTESIAN_POINT ( 'NONE',  ( -15.00000000000000178, -22.49999999999999645, -8.198039027185572536 ) ) ;
#1361 = AXIS2_PLACEMENT_3D ( 'NONE', #635, #873, #396 ) ;
#1362 = EDGE_CURVE ( 'NONE', #336, #996, #622, .T. ) ;
#1363 = PRESENTATION_STYLE_ASSIGNMENT (( #739 ) ) ;
#1364 = VECTOR ( 'NONE', #1213, 1000.000000000000000 ) ;
#1365 = EDGE_CURVE ( 'NONE', #986, #618, #17, .T. ) ;
#1366 = EDGE_CURVE ( 'NONE', #43, #340, #1258, .T. ) ;
#1367 = DIRECTION ( 'NONE',  ( -0.000000000000000000, -0.000000000000000000, 1.000000000000000000 ) ) ;
#1368 = DIRECTION ( 'NONE',  ( 0.000000000000000000, 1.000000000000000000, 0.000000000000000000 ) ) ;
#1369 = CARTESIAN_POINT ( 'NONE',  ( -7.999999999999992895, -30.00000000000000711, 11.19999999999999929 ) ) ;
#1370 = CARTESIAN_POINT ( 'NONE',  ( -7.999999999999992895, -33.00000000000000000, 9.950000000000001066 ) ) ;
#1371 = CARTESIAN_POINT ( 'NONE',  ( -15.00000000000000178, 20.00000000000000000, 15.19999999999999929 ) ) ;
#1372 = LINE ( 'NONE', #629, #1411 ) ;
#1373 = DIRECTION ( 'NONE',  ( -0.000000000000000000, -0.000000000000000000, 1.000000000000000000 ) ) ;
#1374 = CARTESIAN_POINT ( 'NONE',  ( 15.49999999999999645, -23.00000000000000000, -4.000000000000000000 ) ) ;
#1375 = EDGE_CURVE ( 'NONE', #862, #595, #650, .T. ) ;
#1376 = PLANE ( 'NONE',  #1227 ) ;
#1377 = EDGE_CURVE ( 'NONE', #1221, #1163, #753, .T. ) ;
#1378 = DIRECTION ( 'NONE',  ( -0.000000000000000000, -0.000000000000000000, 1.000000000000000000 ) ) ;
#1379 = CARTESIAN_POINT ( 'NONE',  ( -12.99999999999999467, -12.49999999999999822, -8.198039027185572536 ) ) ;
#1380 = DIRECTION ( 'NONE',  ( 0.000000000000000000, 1.000000000000000000, 0.000000000000000000 ) ) ;
#1381 = DIRECTION ( 'NONE',  ( -0.000000000000000000, -0.000000000000000000, 1.000000000000000000 ) ) ;
#1382 = CIRCLE ( 'NONE', #1305, 1.249999999999999334 ) ;
#1383 = CARTESIAN_POINT ( 'NONE',  ( 15.49999999999999645, 12.99999999999999112, 0.000000000000000000 ) ) ;
#1384 = ADVANCED_FACE ( 'NONE', ( #1507 ), #372, .F. ) ;
#1385 = VECTOR ( 'NONE', #547, 1000.000000000000000 ) ;
#1386 = VECTOR ( 'NONE', #1547, 1000.000000000000000 ) ;
#1387 = VECTOR ( 'NONE', #859, 1000.000000000000000 ) ;
#1388 = LINE ( 'NONE', #1357, #1254 ) ;
#1389 = VERTEX_POINT ( 'NONE', #883 ) ;
#1390 = FACE_BOUND ( 'NONE', #363, .T. ) ;
#1391 = DIRECTION ( 'NONE',  ( 0.000000000000000000, 0.000000000000000000, 1.000000000000000000 ) ) ;
#1392 = PRODUCT_DEFINITION_CONTEXT ( 'detailed design', #11, 'design' ) ;
#1393 = CARTESIAN_POINT ( 'NONE',  ( 1.734723475976806700E-15, 12.99999999999999645, -4.000000000000000000 ) ) ;
#1394 = DIRECTION ( 'NONE',  ( -1.000000000000000000, 0.000000000000000000, 0.000000000000000000 ) ) ;
#1395 = DIRECTION ( 'NONE',  ( -0.000000000000000000, 1.000000000000000000, -0.000000000000000000 ) ) ;
#1396 = DIRECTION ( 'NONE',  ( 1.000000000000000000, 0.000000000000000000, 0.000000000000000000 ) ) ;
#1397 = DIRECTION ( 'NONE',  ( -1.000000000000000000, -1.119176436114069085E-16, 0.000000000000000000 ) ) ;
#1398 = ORIENTED_EDGE ( 'NONE', *, *, #455, .F. ) ;
#1399 = PLANE ( 'NONE',  #916 ) ;
#1400 = ORIENTED_EDGE ( 'NONE', *, *, #1592, .F. ) ;
#1401 = FACE_OUTER_BOUND ( 'NONE', #537, .T. ) ;
#1402 = CARTESIAN_POINT ( 'NONE',  ( 13.00000000000000888, -23.46446609406726935, 9.950000000000001066 ) ) ;
#1403 = CARTESIAN_POINT ( 'NONE',  ( 20.00000000000000355, 20.00000000000000355, 2.000000000000000000 ) ) ;
#1404 = LINE ( 'NONE', #606, #405 ) ;
#1405 = EDGE_CURVE ( 'NONE', #832, #1118, #1388, .T. ) ;
#1406 = VERTEX_POINT ( 'NONE', #148 ) ;
#1407 = FACE_BOUND ( 'NONE', #601, .T. ) ;
#1408 = VERTEX_POINT ( 'NONE', #1134 ) ;
#1409 = AXIS2_PLACEMENT_3D ( 'NONE', #665, #682, #560 ) ;
#1410 = EDGE_CURVE ( 'NONE', #986, #947, #142, .T. ) ;
#1411 = VECTOR ( 'NONE', #130, 1000.000000000000000 ) ;
#1412 = ADVANCED_FACE ( 'NONE', ( #741 ), #1116, .F. ) ;
#1413 = DIRECTION ( 'NONE',  ( -1.000000000000000000, 0.000000000000000000, -0.000000000000000000 ) ) ;
#1414 = ORIENTED_EDGE ( 'NONE', *, *, #55, .T. ) ;
#1415 = AXIS2_PLACEMENT_3D ( 'NONE', #210, #430, #937 ) ;
#1416 = EDGE_CURVE ( 'NONE', #1200, #113, #282, .T. ) ;
#1417 = DIRECTION ( 'NONE',  ( -1.000000000000000000, 0.000000000000000000, 0.000000000000000000 ) ) ;
#1418 = VECTOR ( 'NONE', #942, 1000.000000000000000 ) ;
#1419 = CARTESIAN_POINT ( 'NONE',  ( 18.10000000000000853, 0.000000000000000000, 0.000000000000000000 ) ) ;
#1420 = ORIENTED_EDGE ( 'NONE', *, *, #1365, .T. ) ;
#1421 = DIRECTION ( 'NONE',  ( 0.000000000000000000, 0.000000000000000000, 1.000000000000000000 ) ) ;
#1422 = FACE_OUTER_BOUND ( 'NONE', #294, .T. ) ;
#1423 = VERTEX_POINT ( 'NONE', #767 ) ;
#1424 = APPLICATION_PROTOCOL_DEFINITION ( 'draft international standard', 'automotive_design', 1998, #1107 ) ;
#1425 = ORIENTED_EDGE ( 'NONE', *, *, #1143, .T. ) ;
#1426 = ORIENTED_EDGE ( 'NONE', *, *, #97, .T. ) ;
#1427 = CARTESIAN_POINT ( 'NONE',  ( -10.49999999999999467, 17.00000000000000355, 5.700000000000001066 ) ) ;
#1428 = CARTESIAN_POINT ( 'NONE',  ( 15.49999999999999645, 0.000000000000000000, -0.8999999999999998002 ) ) ;
#1429 = EDGE_LOOP ( 'NONE', ( #1181, #353, #1224, #958 ) ) ;
#1430 = EDGE_CURVE ( 'NONE', #1147, #1481, #1264, .T. ) ;
#1431 = ORIENTED_EDGE ( 'NONE', *, *, #1240, .F. ) ;
#1432 = ORIENTED_EDGE ( 'NONE', *, *, #476, .T. ) ;
#1433 = CARTESIAN_POINT ( 'NONE',  ( 13.00000000000000888, -30.00000000000000711, 11.19999999999999929 ) ) ;
#1434 = CARTESIAN_POINT ( 'NONE',  ( 13.00000000000000888, 14.00000000000000533, 6.999999999999999112 ) ) ;
#1435 = AXIS2_PLACEMENT_3D ( 'NONE', #499, #1495, #644 ) ;
#1436 = AXIS2_PLACEMENT_3D ( 'NONE', #308, #115, #1565 ) ;
#1437 = ORIENTED_EDGE ( 'NONE', *, *, #960, .T. ) ;
#1438 = AXIS2_PLACEMENT_3D ( 'NONE', #581, #930, #194 ) ;
#1439 = VERTEX_POINT ( 'NONE', #380 ) ;
#1440 = AXIS2_PLACEMENT_3D ( 'NONE', #1369, #263, #1246 ) ;
#1441 = CARTESIAN_POINT ( 'NONE',  ( -13.09999999999999609, -8.996648020441453194E-16, 7.000000000000000888 ) ) ;
#1442 = LINE ( 'NONE', #333, #690 ) ;
#1443 = CARTESIAN_POINT ( 'NONE',  ( -12.99999999999999467, -12.49999999999999822, 7.000000000000000888 ) ) ;
#1444 = ORIENTED_EDGE ( 'NONE', *, *, #1291, .F. ) ;
#1445 = CARTESIAN_POINT ( 'NONE',  ( -10.50000000000000178, 0.000000000000000000, -1.000000000000000000 ) ) ;
#1446 = VERTEX_POINT ( 'NONE', #1010 ) ;
#1447 = EDGE_LOOP ( 'NONE', ( #687, #104, #715, #913, #1540, #548, #87, #1550 ) ) ;
#1448 = DIRECTION ( 'NONE',  ( -1.000000000000000000, 0.000000000000000000, 0.000000000000000000 ) ) ;
#1449 = DIRECTION ( 'NONE',  ( -0.000000000000000000, 1.000000000000000000, -0.000000000000000000 ) ) ;
#1450 = CARTESIAN_POINT ( 'NONE',  ( 15.49999999999999645, -23.00000000000000000, -1.000000000000000000 ) ) ;
#1451 = ORIENTED_EDGE ( 'NONE', *, *, #447, .F. ) ;
#1452 = ORIENTED_EDGE ( 'NONE', *, *, #895, .F. ) ;
#1453 = DIRECTION ( 'NONE',  ( -0.000000000000000000, -0.000000000000000000, 1.000000000000000000 ) ) ;
#1454 = EDGE_LOOP ( 'NONE', ( #809, #982, #339, #317 ) ) ;
#1455 = EDGE_CURVE ( 'NONE', #558, #181, #871, .T. ) ;
#1456 = EDGE_LOOP ( 'NONE', ( #209, #866, #779, #784, #1320, #796, #489, #580 ) ) ;
#1457 = CARTESIAN_POINT ( 'NONE',  ( -13.09999999999999609, -8.999888193790868638E-16, 0.000000000000000000 ) ) ;
#1458 = DIRECTION ( 'NONE',  ( 9.912705577010325549E-17, -1.000000000000000000, 0.000000000000000000 ) ) ;
#1459 = ORIENTED_EDGE ( 'NONE', *, *, #505, .T. ) ;
#1460 = ORIENTED_EDGE ( 'NONE', *, *, #722, .F. ) ;
#1461 = DIRECTION ( 'NONE',  ( -1.000000000000000000, 0.000000000000000000, -0.000000000000000000 ) ) ;
#1462 = AXIS2_PLACEMENT_3D ( 'NONE', #885, #749, #159 ) ;
#1463 = ORIENTED_EDGE ( 'NONE', *, *, #1143, .F. ) ;
#1464 = CARTESIAN_POINT ( 'NONE',  ( -14.99999999999999467, -33.00000000000000000, -4.000000000000000000 ) ) ;
#1465 = AXIS2_PLACEMENT_3D ( 'NONE', #52, #669, #540 ) ;
#1466 = AXIS2_PLACEMENT_3D ( 'NONE', #1070, #965, #206 ) ;
#1467 = LINE ( 'NONE', #112, #1203 ) ;
#1468 = ORIENTED_EDGE ( 'NONE', *, *, #1042, .F. ) ;
#1469 = ORIENTED_EDGE ( 'NONE', *, *, #713, .F. ) ;
#1470 = DIRECTION ( 'NONE',  ( -9.912705577010325549E-17, 1.000000000000000000, 0.000000000000000000 ) ) ;
#1471 = DIRECTION ( 'NONE',  ( -1.000000000000000000, -8.673617379884005890E-16, 0.000000000000000000 ) ) ;
#1472 = ORIENTED_EDGE ( 'NONE', *, *, #74, .T. ) ;
#1473 = LINE ( 'NONE', #367, #329 ) ;
#1474 = ADVANCED_FACE ( 'NONE', ( #1122, #22 ), #783, .T. ) ;
#1475 = LINE ( 'NONE', #1450, #1178 ) ;
#1476 = ORIENTED_EDGE ( 'NONE', *, *, #758, .F. ) ;
#1477 = ORIENTED_EDGE ( 'NONE', *, *, #147, .F. ) ;
#1478 = CARTESIAN_POINT ( 'NONE',  ( 18.00000000000000000, 1.784287003861858500E-15, -3.000000000000000000 ) ) ;
#1479 = DIRECTION ( 'NONE',  ( -0.000000000000000000, 1.000000000000000000, -0.000000000000000000 ) ) ;
#1480 = DIRECTION ( 'NONE',  ( 0.000000000000000000, 0.000000000000000000, 1.000000000000000000 ) ) ;
#1481 = VERTEX_POINT ( 'NONE', #42 ) ;
#1482 = FACE_BOUND ( 'NONE', #66, .T. ) ;
#1483 = DIRECTION ( 'NONE',  ( -0.000000000000000000, -0.000000000000000000, 1.000000000000000000 ) ) ;
#1484 = EDGE_CURVE ( 'NONE', #533, #1082, #529, .T. ) ;
#1485 = DIRECTION ( 'NONE',  ( 6.870143659382344768E-17, -1.000000000000000000, -0.000000000000000000 ) ) ;
#1486 = PLANE ( 'NONE',  #459 ) ;
#1487 = ORIENTED_EDGE ( 'NONE', *, *, #903, .T. ) ;
#1488 = AXIS2_PLACEMENT_3D ( 'NONE', #528, #772, #1512 ) ;
#1489 = CIRCLE ( 'NONE', #1051, 1.200000000000002176 ) ;
#1490 = VECTOR ( 'NONE', #273, 1000.000000000000000 ) ;
#1491 = LINE ( 'NONE', #386, #1110 ) ;
#1492 = VECTOR ( 'NONE', #410, 1000.000000000000000 ) ;
#1493 = DIRECTION ( 'NONE',  ( 1.000000000000000000, 0.000000000000000000, 0.000000000000000000 ) ) ;
#1494 = AXIS2_PLACEMENT_3D ( 'NONE', #619, #1113, #495 ) ;
#1495 = DIRECTION ( 'NONE',  ( -1.000000000000000000, -9.912705577010326782E-17, 0.000000000000000000 ) ) ;
#1496 = LINE ( 'NONE', #1117, #1255 ) ;
#1497 = LINE ( 'NONE', #411, #786 ) ;
#1498 = CARTESIAN_POINT ( 'NONE',  ( -10.50000000000000178, -23.00000000000000000, -1.000000000000000000 ) ) ;
#1499 = EDGE_CURVE ( 'NONE', #811, #1147, #1524, .T. ) ;
#1500 = FACE_BOUND ( 'NONE', #190, .T. ) ;
#1501 = CARTESIAN_POINT ( 'NONE',  ( 13.00000000000000888, -33.00000000000000000, 11.19999999999999929 ) ) ;
#1502 = CARTESIAN_POINT ( 'NONE',  ( 13.00000000000000888, 14.00000000000000533, 6.999999999999999112 ) ) ;
#1503 = FACE_OUTER_BOUND ( 'NONE', #1214, .T. ) ;
#1504 = EDGE_CURVE ( 'NONE', #1408, #1059, #1515, .T. ) ;
#1505 = LINE ( 'NONE', #270, #1256 ) ;
#1506 = CARTESIAN_POINT ( 'NONE',  ( -10.49999999999999467, 14.00000000000000533, 4.500000000000000888 ) ) ;
#1507 = FACE_OUTER_BOUND ( 'NONE', #1268, .T. ) ;
#1508 = EDGE_LOOP ( 'NONE', ( #987, #313, #193, #707 ) ) ;
#1509 = CARTESIAN_POINT ( 'NONE',  ( -7.999999999999992895, -33.00000000000000000, 11.19999999999999929 ) ) ;
#1510 = DIRECTION ( 'NONE',  ( -0.000000000000000000, -0.000000000000000000, 1.000000000000000000 ) ) ;
#1511 = VECTOR ( 'NONE', #286, 1000.000000000000000 ) ;
#1512 = DIRECTION ( 'NONE',  ( 0.000000000000000000, 0.000000000000000000, 1.000000000000000000 ) ) ;
#1513 = VECTOR ( 'NONE', #706, 1000.000000000000000 ) ;
#1514 = VECTOR ( 'NONE', #1171, 1000.000000000000000 ) ;
#1515 = LINE ( 'NONE', #1023, #457 ) ;
#1516 = LINE ( 'NONE', #651, #1492 ) ;
#1517 = DIRECTION ( 'NONE',  ( 1.000000000000000000, 0.000000000000000000, 0.000000000000000000 ) ) ;
#1518 = VERTEX_POINT ( 'NONE', #1280 ) ;
#1519 = PLANE ( 'NONE',  #815 ) ;
#1520 = ORIENTED_EDGE ( 'NONE', *, *, #625, .T. ) ;
#1521 = EDGE_CURVE ( 'NONE', #1351, #214, #774, .T. ) ;
#1522 = DIRECTION ( 'NONE',  ( 0.000000000000000000, 0.000000000000000000, 1.000000000000000000 ) ) ;
#1523 = EDGE_CURVE ( 'NONE', #1065, #344, #657, .T. ) ;
#1524 = LINE ( 'NONE', #409, #563 ) ;
#1525 = VERTEX_POINT ( 'NONE', #1032 ) ;
#1526 = PLANE ( 'NONE',  #1593 ) ;
#1527 = FACE_OUTER_BOUND ( 'NONE', #1456, .T. ) ;
#1528 = EDGE_LOOP ( 'NONE', ( #1084, #1589, #450, #605 ) ) ;
#1529 = FACE_OUTER_BOUND ( 'NONE', #187, .T. ) ;
#1530 = ADVANCED_FACE ( 'NONE', ( #288 ), #1153, .T. ) ;
#1531 = EDGE_LOOP ( 'NONE', ( #384, #1053, #610, #744, #915 ) ) ;
#1532 = EDGE_CURVE ( 'NONE', #1574, #1231, #907, .T. ) ;
#1533 = EDGE_CURVE ( 'NONE', #292, #770, #1160, .T. ) ;
#1534 = CARTESIAN_POINT ( 'NONE',  ( 15.49999999999999645, -23.00000000000000000, -0.8999999999999998002 ) ) ;
#1535 = DIRECTION ( 'NONE',  ( -0.000000000000000000, -0.000000000000000000, -1.000000000000000000 ) ) ;
#1536 = CARTESIAN_POINT ( 'NONE',  ( 9.500000000000010658, -30.00000000000000711, 7.000000000000000888 ) ) ;
#1537 = VERTEX_POINT ( 'NONE', #1534 ) ;
#1538 = DIRECTION ( 'NONE',  ( 0.000000000000000000, -1.000000000000000000, 0.000000000000000000 ) ) ;
#1539 = DIRECTION ( 'NONE',  ( 0.000000000000000000, 1.000000000000000000, 0.000000000000000000 ) ) ;
#1540 = ORIENTED_EDGE ( 'NONE', *, *, #1072, .T. ) ;
#1541 = VECTOR ( 'NONE', #1517, 1000.000000000000000 ) ;
#1542 = CIRCLE ( 'NONE', #483, 1.249999999999999334 ) ;
#1543 = VECTOR ( 'NONE', #453, 1000.000000000000000 ) ;
#1544 = AXIS2_PLACEMENT_3D ( 'NONE', #422, #569, #922 ) ;
#1545 = ORIENTED_EDGE ( 'NONE', *, *, #674, .F. ) ;
#1546 = VERTEX_POINT ( 'NONE', #1307 ) ;
#1547 = DIRECTION ( 'NONE',  ( 0.000000000000000000, 0.000000000000000000, -1.000000000000000000 ) ) ;
#1548 = CARTESIAN_POINT ( 'NONE',  ( 18.10000000000000853, -30.00000000000000711, 0.000000000000000000 ) ) ;
#1549 = ADVANCED_FACE ( 'NONE', ( #1527 ), #1183, .T. ) ;
#1550 = ORIENTED_EDGE ( 'NONE', *, *, #1551, .F. ) ;
#1551 = EDGE_CURVE ( 'NONE', #1348, #481, #1552, .T. ) ;
#1552 = LINE ( 'NONE', #900, #692 ) ;
#1553 = VERTEX_POINT ( 'NONE', #1064 ) ;
#1554 = ORIENTED_EDGE ( 'NONE', *, *, #1377, .F. ) ;
#1555 = CARTESIAN_POINT ( 'NONE',  ( -15.00000000000000178, 20.00000000000000000, -4.000000000000000000 ) ) ;
#1556 = CARTESIAN_POINT ( 'NONE',  ( 20.00000000000000355, 20.00000000000000355, 15.19999999999999929 ) ) ;
#1557 = ORIENTED_EDGE ( 'NONE', *, *, #219, .F. ) ;
#1558 = EDGE_CURVE ( 'NONE', #467, #967, #1058, .T. ) ;
#1559 = CARTESIAN_POINT ( 'NONE',  ( -13.09999999999999432, -22.50000000000000000, 0.000000000000000000 ) ) ;
#1560 = ORIENTED_EDGE ( 'NONE', *, *, #933, .F. ) ;
#1561 = ORIENTED_EDGE ( 'NONE', *, *, #1366, .T. ) ;
#1562 = CARTESIAN_POINT ( 'NONE',  ( 20.00000000000001066, -33.00000000000000000, 15.19999999999999929 ) ) ;
#1563 = PLANE ( 'NONE',  #925 ) ;
#1564 = CARTESIAN_POINT ( 'NONE',  ( 20.00000000000000711, 2.618450529776313049E-15, -4.000000000000000000 ) ) ;
#1565 = DIRECTION ( 'NONE',  ( 0.000000000000000000, 0.000000000000000000, -1.000000000000000000 ) ) ;
#1566 =( GEOMETRIC_REPRESENTATION_CONTEXT ( 3 ) GLOBAL_UNCERTAINTY_ASSIGNED_CONTEXT ( ( #793 ) ) GLOBAL_UNIT_ASSIGNED_CONTEXT ( ( #565, #186, #1274 ) ) REPRESENTATION_CONTEXT ( 'NONE', 'WORKASPACE' ) );
#1567 = VERTEX_POINT ( 'NONE', #1559 ) ;
#1568 = AXIS2_PLACEMENT_3D ( 'NONE', #1249, #1368, #1242 ) ;
#1569 = EDGE_LOOP ( 'NONE', ( #1081, #705, #828, #1169 ) ) ;
#1570 = VECTOR ( 'NONE', #312, 1000.000000000000000 ) ;
#1571 = LINE ( 'NONE', #952, #51 ) ;
#1572 = FACE_BOUND ( 'NONE', #624, .T. ) ;
#1573 = LINE ( 'NONE', #456, #945 ) ;
#1574 = VERTEX_POINT ( 'NONE', #934 ) ;
#1575 = DIRECTION ( 'NONE',  ( 0.000000000000000000, 0.000000000000000000, -1.000000000000000000 ) ) ;
#1576 = EDGE_CURVE ( 'NONE', #181, #543, #81, .T. ) ;
#1577 = ORIENTED_EDGE ( 'NONE', *, *, #1190, .F. ) ;
#1578 = EDGE_LOOP ( 'NONE', ( #735, #604, #1211, #794 ) ) ;
#1579 = DIRECTION ( 'NONE',  ( 0.000000000000000000, -1.000000000000000000, 0.000000000000000000 ) ) ;
#1580 = FACE_OUTER_BOUND ( 'NONE', #71, .T. ) ;
#1581 = EDGE_CURVE ( 'NONE', #1073, #1082, #1284, .T. ) ;
#1583 = ORIENTED_EDGE ( 'NONE', *, *, #591, .T. ) ;
#1582 = EDGE_CURVE ( 'NONE', #1389, #691, #309, .T. ) ;
#1584 = ORIENTED_EDGE ( 'NONE', *, *, #496, .T. ) ;
#1585 = CARTESIAN_POINT ( 'NONE',  ( 0.000000000000000000, 0.000000000000000000, -0.8999999999999998002 ) ) ;
#1586 = EDGE_LOOP ( 'NONE', ( #59, #1057, #680, #1266 ) ) ;
#1587 = CARTESIAN_POINT ( 'NONE',  ( 13.00000000000000888, 17.00000000000000355, 6.999999999999999112 ) ) ;
#1588 = DIRECTION ( 'NONE',  ( -0.000000000000000000, -0.000000000000000000, -1.000000000000000000 ) ) ;
#1589 = ORIENTED_EDGE ( 'NONE', *, *, #1523, .T. ) ;
#1590 = EDGE_LOOP ( 'NONE', ( #833, #1545, #1161, #777 ) ) ;
#1591 = PLANE ( 'NONE',  #152 ) ;
#1592 = EDGE_CURVE ( 'NONE', #947, #113, #291, .T. ) ;
#1593 = AXIS2_PLACEMENT_3D ( 'NONE', #630, #510, #1006 ) ;
ENDSEC;
END-ISO-10303-21;
