ISO-10303-21;
HEADER;
FILE_DESCRIPTION (( 'STEP AP214' ),
    '1' );
FILE_NAME ('±¦½£.STEP',
    '2026-08-16T01:13:44',
    ( '' ),
    ( '' ),
    'SwSTEP 2.0',
    'SolidWorks 2025',
    '' );
FILE_SCHEMA (( 'AUTOMOTIVE_DESIGN' ));
ENDSEC;

DATA;
#1 = DIRECTION ( 'NONE',  ( 0.000000000000000000, 0.000000000000000000, 1.000000000000000000 ) ) ;
#2 = ORIENTED_EDGE ( 'NONE', *, *, #1939, .T. ) ;
#3 = UNCERTAINTY_MEASURE_WITH_UNIT (LENGTH_MEASURE( 1.000000000000000082E-05 ), #1457, 'distance_accuracy_value', 'NONE');
#4 = DIRECTION ( 'NONE',  ( 1.000000000000000000, -1.185495751652216669E-16, 0.000000000000000000 ) ) ;
#5 = EDGE_LOOP ( 'NONE', ( #3087, #2870, #1423, #3065 ) ) ;
#6 = CIRCLE ( 'NONE', #1522, 1.199999999999999734 ) ;
#7 = ADVANCED_FACE ( 'NONE', ( #2818 ), #641, .T. ) ;
#8 = ADVANCED_FACE ( 'NONE', ( #2008 ), #1471, .F. ) ;
#9 = CARTESIAN_POINT ( 'NONE',  ( -15.59999999999999787, 162.7011190876420983, 0.000000000000000000 ) ) ;
#10 = CARTESIAN_POINT ( 'NONE',  ( 66.45751311064593381, 75.00000000000005684, 10.00000000000000000 ) ) ;
#11 = CARTESIAN_POINT ( 'NONE',  ( 24.90000000000001634, 62.99999999999998579, 14.90000000000000036 ) ) ;
#12 = ORIENTED_EDGE ( 'NONE', *, *, #1703, .F. ) ;
#13 = LINE ( 'NONE', #583, #972 ) ;
#14 = CARTESIAN_POINT ( 'NONE',  ( 4.190699000851998867E-14, 121.2673150230899211, -2.400000000000003020 ) ) ;
#15 = ADVANCED_FACE ( 'NONE', ( #2538 ), #114, .F. ) ;
#16 = EDGE_CURVE ( 'NONE', #640, #1127, #1236, .T. ) ;
#17 = DIRECTION ( 'NONE',  ( -1.734723475976807094E-15, 0.000000000000000000, -1.000000000000000000 ) ) ;
#18 = CARTESIAN_POINT ( 'NONE',  ( -10.60000000000000853, 84.20000000000001705, 50.55225032628528936 ) ) ;
#19 = PLANE ( 'NONE',  #1290 ) ;
#20 = ORIENTED_EDGE ( 'NONE', *, *, #1142, .F. ) ;
#21 = CARTESIAN_POINT ( 'NONE',  ( 16.45751311064594447, 65.00000000000000000, 20.00000000000000000 ) ) ;
#22 = AXIS2_PLACEMENT_3D ( 'NONE', #3310, #614, #85 ) ;
#23 = ORIENTED_EDGE ( 'NONE', *, *, #3211, .F. ) ;
#24 = EDGE_CURVE ( 'NONE', #2246, #3454, #3239, .T. ) ;
#25 = FACE_OUTER_BOUND ( 'NONE', #1760, .T. ) ;
#26 = ORIENTED_EDGE ( 'NONE', *, *, #1921, .F. ) ;
#27 = DIRECTION ( 'NONE',  ( 1.000000000000000000, -3.469446951953614189E-16, -0.000000000000000000 ) ) ;
#28 = DIRECTION ( 'NONE',  ( -0.000000000000000000, -0.000000000000000000, -1.000000000000000000 ) ) ;
#29 = CARTESIAN_POINT ( 'NONE',  ( 24.90000000000001634, 65.99999999999998579, 14.90000000000000036 ) ) ;
#30 = AXIS2_PLACEMENT_3D ( 'NONE', #234, #1310, #951 ) ;
#31 = EDGE_CURVE ( 'NONE', #391, #2204, #1498, .T. ) ;
#32 = CARTESIAN_POINT ( 'NONE',  ( 99.21567416492216296, 87.50000000000005684, 5.857864376268997475 ) ) ;
#33 = VECTOR ( 'NONE', #2363, 1000.000000000000000 ) ;
#34 = ORIENTED_EDGE ( 'NONE', *, *, #1063, .T. ) ;
#35 = CARTESIAN_POINT ( 'NONE',  ( 15.60000000000000142, 162.7011190876420983, -1.500000000000000444 ) ) ;
#36 = EDGE_CURVE ( 'NONE', #1082, #1885, #1477, .T. ) ;
#37 = ORIENTED_EDGE ( 'NONE', *, *, #3137, .T. ) ;
#38 = DIRECTION ( 'NONE',  ( -1.000000000000000000, -1.040834085586084059E-15, 0.000000000000000000 ) ) ;
#39 = LINE ( 'NONE', #597, #2372 ) ;
#40 = ORIENTED_EDGE ( 'NONE', *, *, #2883, .T. ) ;
#41 = ADVANCED_FACE ( 'NONE', ( #437 ), #2842, .F. ) ;
#42 = CARTESIAN_POINT ( 'NONE',  ( 50.00000000000000000, 59.99999999999998579, -5.000000000000000888 ) ) ;
#43 = DIRECTION ( 'NONE',  ( -1.000000000000000000, 0.000000000000000000, 0.000000000000000000 ) ) ;
#44 = DIRECTION ( 'NONE',  ( 1.185495751652216669E-16, 1.000000000000000000, 0.000000000000000000 ) ) ;
#45 = EDGE_CURVE ( 'NONE', #96, #2138, #1824, .T. ) ;
#46 = VECTOR ( 'NONE', #2500, 1000.000000000000000 ) ;
#47 = CARTESIAN_POINT ( 'NONE',  ( -17.99999999999998579, -19.99999999999999645, 13.00000000000000000 ) ) ;
#48 = ORIENTED_EDGE ( 'NONE', *, *, #389, .F. ) ;
#49 = DIRECTION ( 'NONE',  ( 1.000000000000000000, 0.000000000000000000, 0.000000000000000000 ) ) ;
#50 = ORIENTED_EDGE ( 'NONE', *, *, #3431, .T. ) ;
#51 = ADVANCED_FACE ( 'NONE', ( #157 ), #2594, .T. ) ;
#52 = ORIENTED_EDGE ( 'NONE', *, *, #1208, .F. ) ;
#53 = VERTEX_POINT ( 'NONE', #2011 ) ;
#54 = CARTESIAN_POINT ( 'NONE',  ( 59.73256969328395627, 65.00000000000004263, 20.00000000000000000 ) ) ;
#55 = PLANE ( 'NONE',  #1843 ) ;
#56 = VECTOR ( 'NONE', #799, 1000.000000000000114 ) ;
#57 = ORIENTED_EDGE ( 'NONE', *, *, #3456, .F. ) ;
#58 = DIRECTION ( 'NONE',  ( -0.000000000000000000, -0.000000000000000000, -1.000000000000000000 ) ) ;
#59 = FACE_OUTER_BOUND ( 'NONE', #1906, .T. ) ;
#60 = CARTESIAN_POINT ( 'NONE',  ( 59.78434077513687583, 65.02659682051326229, -4.999964630394371667 ) ) ;
#61 = LINE ( 'NONE', #1464, #2277 ) ;
#62 = EDGE_CURVE ( 'NONE', #2546, #996, #2769, .T. ) ;
#63 = DIRECTION ( 'NONE',  ( 0.000000000000000000, 0.000000000000000000, 1.000000000000000000 ) ) ;
#64 = VECTOR ( 'NONE', #990, 1000.000000000000000 ) ;
#65 = VERTEX_POINT ( 'NONE', #173 ) ;
#66 = CARTESIAN_POINT ( 'NONE',  ( 25.71682759085399184, 170.4638010653729623, 5.323005114597565424 ) ) ;
#67 = VERTEX_POINT ( 'NONE', #2879 ) ;
#68 = ORIENTED_EDGE ( 'NONE', *, *, #2520, .T. ) ;
#69 = CIRCLE ( 'NONE', #1422, 1.199999999999999734 ) ;
#70 = ORIENTED_EDGE ( 'NONE', *, *, #2183, .F. ) ;
#71 = LINE ( 'NONE', #1199, #2521 ) ;
#72 = LINE ( 'NONE', #1480, #2312 ) ;
#73 = EDGE_CURVE ( 'NONE', #1233, #119, #177, .T. ) ;
#74 = EDGE_LOOP ( 'NONE', ( #410, #1875, #1430, #501 ) ) ;
#75 = FACE_OUTER_BOUND ( 'NONE', #213, .T. ) ;
#76 = LINE ( 'NONE', #2512, #3338 ) ;
#77 = CARTESIAN_POINT ( 'NONE',  ( -12.30000000000000604, 20.20000000000000284, 11.00000000000000000 ) ) ;
#78 = LINE ( 'NONE', #605, #1959 ) ;
#79 = ORIENTED_EDGE ( 'NONE', *, *, #1683, .F. ) ;
#80 = CARTESIAN_POINT ( 'NONE',  ( -26.00677561912519309, 75.00000000000001421, 5.000000000000000888 ) ) ;
#81 = CIRCLE ( 'NONE', #1048, 1.199999999999999734 ) ;
#82 = ORIENTED_EDGE ( 'NONE', *, *, #1218, .F. ) ;
#83 = CARTESIAN_POINT ( 'NONE',  ( 26.10000000000001563, 65.99999999999998579, 14.90000000000000036 ) ) ;
#84 = ORIENTED_EDGE ( 'NONE', *, *, #1276, .T. ) ;
#85 = DIRECTION ( 'NONE',  ( 0.000000000000000000, -0.000000000000000000, -1.000000000000000000 ) ) ;
#86 = PLANE ( 'NONE',  #2402 ) ;
#87 = CARTESIAN_POINT ( 'NONE',  ( 23.52858092251139155, 74.56145157584924732, 2.071067811865484831 ) ) ;
#88 = EDGE_CURVE ( 'NONE', #1466, #3023, #2329, .T. ) ;
#89 = FACE_OUTER_BOUND ( 'NONE', #1775, .T. ) ;
#90 = ORIENTED_EDGE ( 'NONE', *, *, #778, .F. ) ;
#91 = VECTOR ( 'NONE', #1798, 1000.000000000000000 ) ;
#92 = DIRECTION ( 'NONE',  ( 1.000000000000000000, 0.000000000000000000, 0.000000000000000000 ) ) ;
#93 = DIRECTION ( 'NONE',  ( 1.000000000000000000, 0.000000000000000000, 0.000000000000000000 ) ) ;
#94 = AXIS2_PLACEMENT_3D ( 'NONE', #1516, #3149, #3130 ) ;
#95 = ORIENTED_EDGE ( 'NONE', *, *, #825, .F. ) ;
#96 = VERTEX_POINT ( 'NONE', #2311 ) ;
#97 = AXIS2_PLACEMENT_3D ( 'NONE', #1421, #341, #1404 ) ;
#98 = CYLINDRICAL_SURFACE ( 'NONE', #829, 1.199999999999999734 ) ;
#99 = ORIENTED_EDGE ( 'NONE', *, *, #384, .T. ) ;
#100 = CARTESIAN_POINT ( 'NONE',  ( -19.99999999999997158, 60.00000000000005684, 13.00000000000000000 ) ) ;
#101 = EDGE_CURVE ( 'NONE', #682, #391, #968, .T. ) ;
#102 = ORIENTED_EDGE ( 'NONE', *, *, #925, .F. ) ;
#103 = CARTESIAN_POINT ( 'NONE',  ( 25.25165883456729787, 169.1190262111984737, 11.13275529053682611 ) ) ;
#104 = DIRECTION ( 'NONE',  ( -1.000000000000000000, 0.000000000000000000, 0.000000000000000000 ) ) ;
#105 = CARTESIAN_POINT ( 'NONE',  ( -24.90000000000000568, 66.00000000000001421, 14.90000000000000036 ) ) ;
#106 = CARTESIAN_POINT ( 'NONE',  ( -0.5988018591703306859, 199.3210225125852446, 5.857864376269050766 ) ) ;
#107 = VECTOR ( 'NONE', #3482, 1000.000000000000000 ) ;
#108 = ORIENTED_EDGE ( 'NONE', *, *, #231, .F. ) ;
#109 = ADVANCED_FACE ( 'NONE', ( #3131 ), #985, .F. ) ;
#110 = ADVANCED_FACE ( 'NONE', ( #717 ), #1805, .T. ) ;
#111 = DIRECTION ( 'NONE',  ( -0.000000000000000000, 0.000000000000000000, 1.000000000000000000 ) ) ;
#112 = CARTESIAN_POINT ( 'NONE',  ( -17.99999999999997513, -19.99999999999999645, 2.000000000000000000 ) ) ;
#113 = ORIENTED_EDGE ( 'NONE', *, *, #2172, .T. ) ;
#114 = PLANE ( 'NONE',  #2410 ) ;
#115 = EDGE_CURVE ( 'NONE', #2844, #2692, #2085, .T. ) ;
#116 = DIRECTION ( 'NONE',  ( -0.000000000000000000, -1.000000000000000000, -0.000000000000000000 ) ) ;
#117 = CARTESIAN_POINT ( 'NONE',  ( -20.52790531377943495, 0.000000000000000000, 11.00000000000000000 ) ) ;
#118 = LINE ( 'NONE', #1273, #2173 ) ;
#119 = VERTEX_POINT ( 'NONE', #3113 ) ;
#120 = PLANE ( 'NONE',  #2197 ) ;
#121 = LINE ( 'NONE', #2225, #1314 ) ;
#122 = CARTESIAN_POINT ( 'NONE',  ( -10.00000000000000711, 61.19999999999999574, 13.00000000000000000 ) ) ;
#123 = CARTESIAN_POINT ( 'NONE',  ( 24.90000000000001634, 65.99999999999998579, 14.90000000000000036 ) ) ;
#124 = PLANE ( 'NONE',  #2736 ) ;
#125 = ORIENTED_EDGE ( 'NONE', *, *, #2099, .F. ) ;
#126 = EDGE_LOOP ( 'NONE', ( #838, #1486, #2765, #1179, #446, #284 ) ) ;
#127 = DIRECTION ( 'NONE',  ( 0.000000000000000000, 0.000000000000000000, -1.000000000000000000 ) ) ;
#128 = LINE ( 'NONE', #3371, #830 ) ;
#129 = VERTEX_POINT ( 'NONE', #473 ) ;
#130 = EDGE_LOOP ( 'NONE', ( #2121, #2663, #2434, #901 ) ) ;
#131 = ORIENTED_EDGE ( 'NONE', *, *, #1148, .T. ) ;
#132 = AXIS2_PLACEMENT_3D ( 'NONE', #2514, #3313, #1753 ) ;
#133 = EDGE_CURVE ( 'NONE', #1435, #1127, #661, .T. ) ;
#134 = CARTESIAN_POINT ( 'NONE',  ( -24.83598015323722308, 74.91490697504082164, 11.32500338932085171 ) ) ;
#135 = DIRECTION ( 'NONE',  ( 0.8894855250124433788, 0.4569633473193861484, 0.000000000000000000 ) ) ;
#136 = VECTOR ( 'NONE', #2759, 1000.000000000000000 ) ;
#137 = ADVANCED_FACE ( 'NONE', ( #3092 ), #2821, .T. ) ;
#138 = CARTESIAN_POINT ( 'NONE',  ( 2.116648775090894697E-14, 60.00000000000000000, -5.000000000000000000 ) ) ;
#139 = ORIENTED_EDGE ( 'NONE', *, *, #3381, .F. ) ;
#140 = LINE ( 'NONE', #644, #335 ) ;
#141 = VECTOR ( 'NONE', #164, 1000.000000000000000 ) ;
#142 = CARTESIAN_POINT ( 'NONE',  ( 24.87794892019068271, 169.0974218047026056, 11.57956419045520846 ) ) ;
#143 = CARTESIAN_POINT ( 'NONE',  ( 15.59999999999998721, -1.849373372577456376E-15, 3.000000000000000000 ) ) ;
#144 = DIRECTION ( 'NONE',  ( 1.185495751652216669E-16, 1.000000000000000000, 0.000000000000000000 ) ) ;
#145 = ORIENTED_EDGE ( 'NONE', *, *, #330, .F. ) ;
#146 = ORIENTED_EDGE ( 'NONE', *, *, #2768, .T. ) ;
#147 = DIRECTION ( 'NONE',  ( 1.000000000000000000, 0.000000000000000000, 0.000000000000000000 ) ) ;
#148 = LINE ( 'NONE', #2535, #1067 ) ;
#149 = EDGE_CURVE ( 'NONE', #3353, #2425, #2848, .T. ) ;
#150 = ORIENTED_EDGE ( 'NONE', *, *, #1841, .T. ) ;
#151 = ORIENTED_EDGE ( 'NONE', *, *, #1771, .T. ) ;
#152 = ADVANCED_FACE ( 'NONE', ( #2865 ), #2925, .F. ) ;
#153 = AXIS2_PLACEMENT_3D ( 'NONE', #2796, #372, #1452 ) ;
#154 = ORIENTED_EDGE ( 'NONE', *, *, #296, .T. ) ;
#155 = PLANE ( 'NONE',  #3077 ) ;
#156 = AXIS2_PLACEMENT_3D ( 'NONE', #185, #1317, #2800 ) ;
#157 = FACE_OUTER_BOUND ( 'NONE', #1410, .T. ) ;
#158 = LINE ( 'NONE', #2616, #1774 ) ;
#159 = EDGE_CURVE ( 'NONE', #3473, #257, #1503, .T. ) ;
#160 = ORIENTED_EDGE ( 'NONE', *, *, #1726, .T. ) ;
#161 = CARTESIAN_POINT ( 'NONE',  ( -7.806255641895628138E-14, 74.99999999999998579, 10.00000000000000000 ) ) ;
#162 = LINE ( 'NONE', #1241, #195 ) ;
#163 = DIRECTION ( 'NONE',  ( 0.6614378277661476790, 0.7499999999999998890, -0.000000000000000000 ) ) ;
#164 = DIRECTION ( 'NONE',  ( 1.000000000000000000, 0.000000000000000000, 0.000000000000000000 ) ) ;
#165 = ORIENTED_EDGE ( 'NONE', *, *, #1873, .T. ) ;
#166 = ORIENTED_EDGE ( 'NONE', *, *, #741, .F. ) ;
#167 = DIRECTION ( 'NONE',  ( -9.637352644315590312E-17, -1.000000000000000000, 0.000000000000000000 ) ) ;
#168 = DIRECTION ( 'NONE',  ( -1.000000000000000000, 0.000000000000000000, 0.000000000000000000 ) ) ;
#169 = ORIENTED_EDGE ( 'NONE', *, *, #2106, .F. ) ;
#170 = ORIENTED_EDGE ( 'NONE', *, *, #1285, .T. ) ;
#171 = EDGE_CURVE ( 'NONE', #53, #3335, #2334, .T. ) ;
#172 = DIRECTION ( 'NONE',  ( -9.637352644315594010E-17, -1.000000000000000000, 0.000000000000000000 ) ) ;
#173 = CARTESIAN_POINT ( 'NONE',  ( 66.45751311064593381, 75.00000000000005684, 5.000000000000000888 ) ) ;
#174 = DIRECTION ( 'NONE',  ( 0.6614378277661476790, 0.7499999999999998890, -2.775557561562891351E-17 ) ) ;
#175 = CIRCLE ( 'NONE', #1977, 10.00000000000000000 ) ;
#176 = VERTEX_POINT ( 'NONE', #974 ) ;
#177 = CIRCLE ( 'NONE', #1252, 1.199999999999999734 ) ;
#178 = CARTESIAN_POINT ( 'NONE',  ( -59.78434077513685452, 65.02659682051326229, 20.00000000000000000 ) ) ;
#179 = LINE ( 'NONE', #2055, #565 ) ;
#180 = CARTESIAN_POINT ( 'NONE',  ( 59.78434077513687583, 65.02659682051326229, 15.00000000000000000 ) ) ;
#181 = LINE ( 'NONE', #2336, #2458 ) ;
#182 = EDGE_CURVE ( 'NONE', #119, #1233, #2953, .T. ) ;
#183 = ORIENTED_EDGE ( 'NONE', *, *, #544, .T. ) ;
#184 = ORIENTED_EDGE ( 'NONE', *, *, #1428, .F. ) ;
#185 = CARTESIAN_POINT ( 'NONE',  ( -12.30000000000000604, 56.99999999999999289, 13.00000000000000178 ) ) ;
#186 = VECTOR ( 'NONE', #3296, 1000.000000000000000 ) ;
#187 = DIRECTION ( 'NONE',  ( 1.000000000000000000, 0.000000000000000000, 0.000000000000000000 ) ) ;
#188 = CARTESIAN_POINT ( 'NONE',  ( -20.52790531377943495, 129.7011190876420699, 0.000000000000000000 ) ) ;
#189 = ORIENTED_EDGE ( 'NONE', *, *, #1240, .F. ) ;
#190 = VERTEX_POINT ( 'NONE', #1014 ) ;
#191 = DIRECTION ( 'NONE',  ( 1.000000000000000000, 0.000000000000000000, 0.000000000000000000 ) ) ;
#192 = DIRECTION ( 'NONE',  ( -1.000000000000000000, 0.000000000000000000, 0.000000000000000000 ) ) ;
#193 = DIRECTION ( 'NONE',  ( 1.000000000000000000, 1.095614826932720471E-16, 0.000000000000000000 ) ) ;
#194 = ORIENTED_EDGE ( 'NONE', *, *, #1063, .F. ) ;
#195 = VECTOR ( 'NONE', #2316, 1000.000000000000000 ) ;
#196 = ADVANCED_FACE ( 'NONE', ( #1242 ), #442, .F. ) ;
#197 = LINE ( 'NONE', #2037, #1324 ) ;
#198 = FACE_OUTER_BOUND ( 'NONE', #1361, .T. ) ;
#199 = DIRECTION ( 'NONE',  ( -3.346007010100586627E-16, -1.000000000000000000, 0.000000000000000000 ) ) ;
#200 = CARTESIAN_POINT ( 'NONE',  ( 25.55931032189046448, 75.00000000000001421, 5.000000000000000888 ) ) ;
#201 = VECTOR ( 'NONE', #3292, 1000.000000000000000 ) ;
#202 = ORIENTED_EDGE ( 'NONE', *, *, #2228, .F. ) ;
#203 = ORIENTED_EDGE ( 'NONE', *, *, #2203, .T. ) ;
#204 = LINE ( 'NONE', #1852, #398 ) ;
#205 = EDGE_CURVE ( 'NONE', #811, #2489, #461, .T. ) ;
#206 = LINE ( 'NONE', #223, #1046 ) ;
#207 = DIRECTION ( 'NONE',  ( 0.000000000000000000, 0.000000000000000000, 1.000000000000000000 ) ) ;
#208 = VERTEX_POINT ( 'NONE', #2317 ) ;
#209 = ORIENTED_EDGE ( 'NONE', *, *, #2198, .F. ) ;
#210 = DIRECTION ( 'NONE',  ( -1.000000000000000000, 0.000000000000000000, 0.000000000000000000 ) ) ;
#211 = ORIENTED_EDGE ( 'NONE', *, *, #285, .T. ) ;
#212 = FACE_OUTER_BOUND ( 'NONE', #1815, .T. ) ;
#213 = EDGE_LOOP ( 'NONE', ( #2346, #202, #146, #3057 ) ) ;
#214 = VECTOR ( 'NONE', #210, 1000.000000000000000 ) ;
#215 = DIRECTION ( 'NONE',  ( 1.000000000000000000, 0.000000000000000000, 0.000000000000000000 ) ) ;
#216 = LINE ( 'NONE', #687, #1357 ) ;
#217 = EDGE_CURVE ( 'NONE', #635, #2052, #422, .T. ) ;
#218 = CARTESIAN_POINT ( 'NONE',  ( 15.59999999999999076, 25.00506482483916670, 2.000000000000008882 ) ) ;
#219 = DIRECTION ( 'NONE',  ( -8.568780462757794051E-33, -7.228014483236695816E-17, -1.000000000000000000 ) ) ;
#220 = VERTEX_POINT ( 'NONE', #1543 ) ;
#221 = ORIENTED_EDGE ( 'NONE', *, *, #645, .F. ) ;
#222 = LINE ( 'NONE', #642, #3345 ) ;
#223 = CARTESIAN_POINT ( 'NONE',  ( -10.00000000000000711, 61.19999999999999574, 13.00000000000000000 ) ) ;
#224 = CARTESIAN_POINT ( 'NONE',  ( 3.277587836424283229E-14, 199.2521897644363946, 4.794268070985928887 ) ) ;
#225 = ORIENTED_EDGE ( 'NONE', *, *, #506, .T. ) ;
#226 = EDGE_CURVE ( 'NONE', #2266, #620, #179, .T. ) ;
#227 = ORIENTED_EDGE ( 'NONE', *, *, #2468, .F. ) ;
#228 = CARTESIAN_POINT ( 'NONE',  ( 0.000000000000000000, 162.7011190876420983, 0.000000000000000000 ) ) ;
#229 = VECTOR ( 'NONE', #1443, 1000.000000000000000 ) ;
#230 = ORIENTED_EDGE ( 'NONE', *, *, #649, .T. ) ;
#231 = EDGE_CURVE ( 'NONE', #2697, #746, #1829, .T. ) ;
#232 = DIRECTION ( 'NONE',  ( -1.000000000000000000, 0.000000000000000000, -0.000000000000000000 ) ) ;
#233 = VERTEX_POINT ( 'NONE', #1260 ) ;
#234 = CARTESIAN_POINT ( 'NONE',  ( -91.71567416492217717, 80.88562172233854142, 5.857864376269055207 ) ) ;
#235 = LINE ( 'NONE', #1347, #2714 ) ;
#236 = DIRECTION ( 'NONE',  ( 0.000000000000000000, 0.000000000000000000, 1.000000000000000000 ) ) ;
#237 = DIRECTION ( 'NONE',  ( 0.000000000000000000, 0.000000000000000000, -1.000000000000000000 ) ) ;
#238 = ORIENTED_EDGE ( 'NONE', *, *, #2882, .T. ) ;
#239 = ORIENTED_EDGE ( 'NONE', *, *, #2144, .T. ) ;
#240 = SURFACE_STYLE_USAGE ( .BOTH. , #997 ) ;
#241 = CARTESIAN_POINT ( 'NONE',  ( -24.26081396954502623, 168.0626934558059986, 12.92893218813450318 ) ) ;
#242 = CARTESIAN_POINT ( 'NONE',  ( -15.60000000000000497, 60.00000000000000000, -3.697785493223495027E-31 ) ) ;
#243 = ORIENTED_EDGE ( 'NONE', *, *, #24, .T. ) ;
#244 = VECTOR ( 'NONE', #116, 1000.000000000000000 ) ;
#245 = CARTESIAN_POINT ( 'NONE',  ( -15.60000000000000497, 63.00000000000000000, -1.499999999999999556 ) ) ;
#246 = VERTEX_POINT ( 'NONE', #3158 ) ;
#247 = EDGE_CURVE ( 'NONE', #2385, #3465, #478, .T. ) ;
#248 = DIRECTION ( 'NONE',  ( 0.000000000000000000, 0.000000000000000000, 1.000000000000000000 ) ) ;
#249 = ORIENTED_EDGE ( 'NONE', *, *, #2839, .T. ) ;
#250 = ADVANCED_FACE ( 'NONE', ( #198 ), #759, .F. ) ;
#251 = AXIS2_PLACEMENT_3D ( 'NONE', #3049, #938, #383 ) ;
#252 = CARTESIAN_POINT ( 'NONE',  ( 9.999999999999992895, 61.20000000000000284, 11.00000000000000000 ) ) ;
#253 = DIRECTION ( 'NONE',  ( 0.000000000000000000, 1.000000000000000000, -0.000000000000000000 ) ) ;
#254 = LINE ( 'NONE', #2356, #2408 ) ;
#255 = ORIENTED_EDGE ( 'NONE', *, *, #2411, .T. ) ;
#256 = VECTOR ( 'NONE', #468, 1000.000000000000000 ) ;
#257 = VERTEX_POINT ( 'NONE', #3119 ) ;
#258 = FACE_OUTER_BOUND ( 'NONE', #433, .T. ) ;
#259 = CARTESIAN_POINT ( 'NONE',  ( 59.78434077513687583, 65.02659682051326229, -4.999964630394371667 ) ) ;
#260 = CARTESIAN_POINT ( 'NONE',  ( 9.999999999999992895, 61.20000000000000284, 13.00000000000000000 ) ) ;
#261 = AXIS2_PLACEMENT_3D ( 'NONE', #2191, #1396, #1130 ) ;
#262 = LINE ( 'NONE', #999, #360 ) ;
#263 = EDGE_CURVE ( 'NONE', #996, #2546, #2595, .T. ) ;
#264 = DIRECTION ( 'NONE',  ( -1.000000000000000000, 0.000000000000000000, -0.000000000000000000 ) ) ;
#265 = EDGE_CURVE ( 'NONE', #1223, #620, #1278, .T. ) ;
#266 = AXIS2_PLACEMENT_3D ( 'NONE', #3373, #2267, #1741 ) ;
#267 = ORIENTED_EDGE ( 'NONE', *, *, #1197, .F. ) ;
#268 = DIRECTION ( 'NONE',  ( -0.000000000000000000, -0.000000000000000000, -1.000000000000000000 ) ) ;
#269 = ORIENTED_EDGE ( 'NONE', *, *, #1373, .T. ) ;
#270 = VECTOR ( 'NONE', #3323, 1000.000000000000000 ) ;
#271 = EDGE_CURVE ( 'NONE', #1233, #3249, #216, .T. ) ;
#272 = CARTESIAN_POINT ( 'NONE',  ( 92.41510451853648078, 81.50246131402974470, 10.07470942855004736 ) ) ;
#273 = DIRECTION ( 'NONE',  ( -1.000000000000000000, 0.000000000000000000, 0.000000000000000000 ) ) ;
#274 = CARTESIAN_POINT ( 'NONE',  ( 2.123068260032543196E-14, 63.00000000000000000, -1.479114197289397135E-31 ) ) ;
#275 = AXIS2_PLACEMENT_3D ( 'NONE', #3054, #625, #854 ) ;
#276 = VECTOR ( 'NONE', #373, 1000.000000000000000 ) ;
#277 = ORIENTED_EDGE ( 'NONE', *, *, #1614, .F. ) ;
#278 = LINE ( 'NONE', #3280, #1706 ) ;
#279 = LINE ( 'NONE', #3012, #2441 ) ;
#280 = PLANE ( 'NONE',  #720 ) ;
#281 = LINE ( 'NONE', #1553, #1492 ) ;
#282 = AXIS2_PLACEMENT_3D ( 'NONE', #3000, #339, #17 ) ;
#283 = DIRECTION ( 'NONE',  ( 0.000000000000000000, -0.000000000000000000, 1.000000000000000000 ) ) ;
#284 = ORIENTED_EDGE ( 'NONE', *, *, #2801, .F. ) ;
#285 = EDGE_CURVE ( 'NONE', #1257, #2204, #2562, .T. ) ;
#286 = CARTESIAN_POINT ( 'NONE',  ( 27.40000000000001634, 121.2673150230899068, 4.801153862804492442E-15 ) ) ;
#287 = ORIENTED_EDGE ( 'NONE', *, *, #3431, .F. ) ;
#288 = CARTESIAN_POINT ( 'NONE',  ( 2.499999999999994227, 0.000000000000000000, 18.00000000000000355 ) ) ;
#289 = LINE ( 'NONE', #1349, #3391 ) ;
#290 = EDGE_CURVE ( 'NONE', #3487, #756, #1227, .T. ) ;
#291 = VERTEX_POINT ( 'NONE', #2676 ) ;
#292 = DIRECTION ( 'NONE',  ( 0.000000000000000000, 8.673617379884034486E-16, 1.000000000000000000 ) ) ;
#293 = CYLINDRICAL_SURFACE ( 'NONE', #2155, 1.199999999999999734 ) ;
#294 = VECTOR ( 'NONE', #1623, 1000.000000000000000 ) ;
#295 = LINE ( 'NONE', #542, #3321 ) ;
#296 = EDGE_CURVE ( 'NONE', #2862, #1832, #779, .T. ) ;
#297 = DIRECTION ( 'NONE',  ( 1.000000000000000000, 0.000000000000000000, 0.000000000000000000 ) ) ;
#298 = VERTEX_POINT ( 'NONE', #1580 ) ;
#299 = DIRECTION ( 'NONE',  ( 1.000000000000000000, 0.000000000000000000, 0.000000000000000000 ) ) ;
#300 = ORIENTED_EDGE ( 'NONE', *, *, #3028, .F. ) ;
#301 = EDGE_CURVE ( 'NONE', #2692, #1956, #235, .T. ) ;
#302 = LINE ( 'NONE', #1378, #1782 ) ;
#303 = DIRECTION ( 'NONE',  ( 1.156482317317871725E-16, 1.000000000000000000, -0.000000000000000000 ) ) ;
#304 = EDGE_CURVE ( 'NONE', #1697, #3023, #6, .T. ) ;
#305 = ORIENTED_EDGE ( 'NONE', *, *, #1925, .F. ) ;
#306 = CARTESIAN_POINT ( 'NONE',  ( -66.45751311064590539, 75.00000000000002842, 5.000000000000000888 ) ) ;
#307 = DIRECTION ( 'NONE',  ( -1.000000000000000000, 0.000000000000000000, -0.000000000000000000 ) ) ;
#308 = CARTESIAN_POINT ( 'NONE',  ( -2.500000000000005773, 99.20000000000000284, 20.00000000000000000 ) ) ;
#309 = AXIS2_PLACEMENT_3D ( 'NONE', #2596, #1499, #3132 ) ;
#310 = EDGE_CURVE ( 'NONE', #2491, #1493, #1599, .T. ) ;
#311 = DIRECTION ( 'NONE',  ( -3.346007010100586134E-16, -1.000000000000000000, -0.000000000000000000 ) ) ;
#312 = VECTOR ( 'NONE', #898, 1000.000000000000000 ) ;
#313 = ORIENTED_EDGE ( 'NONE', *, *, #525, .F. ) ;
#314 = CYLINDRICAL_SURFACE ( 'NONE', #1679, 1.199999999999999734 ) ;
#315 = ORIENTED_EDGE ( 'NONE', *, *, #715, .T. ) ;
#316 = ORIENTED_EDGE ( 'NONE', *, *, #1841, .F. ) ;
#317 = ORIENTED_EDGE ( 'NONE', *, *, #2247, .T. ) ;
#318 = CARTESIAN_POINT ( 'NONE',  ( -7.806255641895628138E-14, 74.99999999999998579, 15.00000000000000000 ) ) ;
#319 = FACE_OUTER_BOUND ( 'NONE', #1113, .T. ) ;
#320 = EDGE_CURVE ( 'NONE', #2489, #926, #535, .T. ) ;
#321 = ORIENTED_EDGE ( 'NONE', *, *, #3028, .T. ) ;
#322 = CARTESIAN_POINT ( 'NONE',  ( -16.45751311064586631, 65.00000000000000000, -5.000000000000000000 ) ) ;
#323 = DIRECTION ( 'NONE',  ( 0.000000000000000000, 0.000000000000000000, -1.000000000000000000 ) ) ;
#324 = FACE_BOUND ( 'NONE', #1043, .T. ) ;
#325 = AXIS2_PLACEMENT_3D ( 'NONE', #3285, #1123, #2232 ) ;
#326 = DIRECTION ( 'NONE',  ( -0.000000000000000000, -0.000000000000000000, -1.000000000000000000 ) ) ;
#327 = ORIENTED_EDGE ( 'NONE', *, *, #1387, .T. ) ;
#328 = FACE_OUTER_BOUND ( 'NONE', #1352, .T. ) ;
#329 = VERTEX_POINT ( 'NONE', #252 ) ;
#330 = EDGE_CURVE ( 'NONE', #119, #208, #2145, .T. ) ;
#331 = VERTEX_POINT ( 'NONE', #1084 ) ;
#332 = ORIENTED_EDGE ( 'NONE', *, *, #1569, .T. ) ;
#333 = CARTESIAN_POINT ( 'NONE',  ( -25.42900890040251838, 169.6112619481876322, 11.02850421024338523 ) ) ;
#334 = FACE_BOUND ( 'NONE', #853, .T. ) ;
#335 = VECTOR ( 'NONE', #1225, 1000.000000000000000 ) ;
#336 = ORIENTED_EDGE ( 'NONE', *, *, #1535, .T. ) ;
#337 = DIRECTION ( 'NONE',  ( -1.000000000000000000, 3.346007010100586627E-16, 5.577681830192081865E-48 ) ) ;
#338 = CARTESIAN_POINT ( 'NONE',  ( -10.00000000000000533, 79.20000000000000284, 13.00000000000000000 ) ) ;
#339 = DIRECTION ( 'NONE',  ( 1.000000000000000000, 0.000000000000000000, -1.734723475976807094E-15 ) ) ;
#340 = LINE ( 'NONE', #404, #3200 ) ;
#341 = DIRECTION ( 'NONE',  ( 0.000000000000000000, 0.000000000000000000, -1.000000000000000000 ) ) ;
#342 = VERTEX_POINT ( 'NONE', #1862 ) ;
#343 = DIRECTION ( 'NONE',  ( 1.000000000000000000, 0.000000000000000000, 0.000000000000000000 ) ) ;
#344 = VERTEX_POINT ( 'NONE', #1617 ) ;
#345 =( GEOMETRIC_REPRESENTATION_CONTEXT ( 3 ) GLOBAL_UNCERTAINTY_ASSIGNED_CONTEXT ( ( #3 ) ) GLOBAL_UNIT_ASSIGNED_CONTEXT ( ( #1457, #3450, #2060 ) ) REPRESENTATION_CONTEXT ( 'NONE', 'WORKASPACE' ) );
#346 = EDGE_CURVE ( 'NONE', #2308, #1435, #2943, .T. ) ;
#347 = EDGE_LOOP ( 'NONE', ( #2190, #154, #2479, #3088 ) ) ;
#348 = LINE ( 'NONE', #1995, #791 ) ;
#349 = EDGE_LOOP ( 'NONE', ( #3379, #2216, #160, #630 ) ) ;
#350 = CARTESIAN_POINT ( 'NONE',  ( 25.91707493477442270, 169.1512759966000488, 10.18146851711349576 ) ) ;
#351 = DIRECTION ( 'NONE',  ( -0.000000000000000000, -0.000000000000000000, -1.000000000000000000 ) ) ;
#352 = CARTESIAN_POINT ( 'NONE',  ( -23.70000000000000639, 66.00000000000001421, 0.09999999999999722999 ) ) ;
#353 = CARTESIAN_POINT ( 'NONE',  ( 27.39999999999999503, 63.00000000000000000, 4.801153862804492442E-15 ) ) ;
#354 = ORIENTED_EDGE ( 'NONE', *, *, #271, .F. ) ;
#355 = AXIS2_PLACEMENT_3D ( 'NONE', #2556, #699, #1222 ) ;
#356 = CARTESIAN_POINT ( 'NONE',  ( -19.16877253995626162, 73.22592390994353195, 17.28874057068964731 ) ) ;
#357 = ORIENTED_EDGE ( 'NONE', *, *, #1873, .F. ) ;
#358 = CARTESIAN_POINT ( 'NONE',  ( -16.45751311064586631, 166.2203552699077420, -5.000000000000000000 ) ) ;
#359 = EDGE_CURVE ( 'NONE', #1493, #2844, #2412, .T. ) ;
#360 = VECTOR ( 'NONE', #3510, 1000.000000000000000 ) ;
#361 = EDGE_LOOP ( 'NONE', ( #1742, #2617, #815, #287 ) ) ;
#362 = DIRECTION ( 'NONE',  ( -0.000000000000000000, -0.000000000000000000, -1.000000000000000000 ) ) ;
#363 = ADVANCED_FACE ( 'NONE', ( #1878 ), #2694, .T. ) ;
#364 = ADVANCED_FACE ( 'NONE', ( #2166 ), #293, .F. ) ;
#365 = ORIENTED_EDGE ( 'NONE', *, *, #3451, .F. ) ;
#366 = CARTESIAN_POINT ( 'NONE',  ( -10.60000000000000497, 106.2000000000000028, 18.00000000000000355 ) ) ;
#367 = CARTESIAN_POINT ( 'NONE',  ( 0.000000000000000000, 84.20000000000001705, 18.00000000000000355 ) ) ;
#368 = CARTESIAN_POINT ( 'NONE',  ( 18.00000000000002842, 60.00000000000005684, -2.449293598294700991E-16 ) ) ;
#369 = ADVANCED_FACE ( 'NONE', ( #1074 ), #1057, .F. ) ;
#370 = DIRECTION ( 'NONE',  ( -1.000000000000000000, -1.040834085586084059E-15, 0.000000000000000000 ) ) ;
#371 = ORIENTED_EDGE ( 'NONE', *, *, #1047, .T. ) ;
#372 = DIRECTION ( 'NONE',  ( -0.5303300858899117065, 0.4677071733467437209, 0.7071067811865460184 ) ) ;
#373 = DIRECTION ( 'NONE',  ( -1.000000000000000000, 0.000000000000000000, 0.000000000000000000 ) ) ;
#374 = VECTOR ( 'NONE', #575, 1000.000000000000000 ) ;
#375 = ORIENTED_EDGE ( 'NONE', *, *, #2273, .T. ) ;
#376 = ORIENTED_EDGE ( 'NONE', *, *, #2084, .T. ) ;
#377 = VECTOR ( 'NONE', #326, 1000.000000000000000 ) ;
#378 = VERTEX_POINT ( 'NONE', #3220 ) ;
#379 = DIRECTION ( 'NONE',  ( 1.185495751652216669E-16, 1.000000000000000000, 0.000000000000000000 ) ) ;
#380 = LINE ( 'NONE', #1685, #2834 ) ;
#381 = DIRECTION ( 'NONE',  ( -1.095614826932720471E-16, 1.000000000000000000, 0.000000000000000000 ) ) ;
#382 = FACE_OUTER_BOUND ( 'NONE', #1850, .T. ) ;
#383 = DIRECTION ( 'NONE',  ( 1.000000000000000000, -1.185495751652216669E-16, 0.000000000000000000 ) ) ;
#384 = EDGE_CURVE ( 'NONE', #561, #2236, #2418, .T. ) ;
#385 = ORIENTED_EDGE ( 'NONE', *, *, #1708, .F. ) ;
#386 = ORIENTED_EDGE ( 'NONE', *, *, #3261, .F. ) ;
#387 = CARTESIAN_POINT ( 'NONE',  ( -20.52790531377943495, 121.7011190876420557, 3.000000000000000000 ) ) ;
#388 = DIRECTION ( 'NONE',  ( 1.000000000000000000, 0.000000000000000000, 0.000000000000000000 ) ) ;
#389 = EDGE_CURVE ( 'NONE', #129, #926, #3251, .T. ) ;
#390 = EDGE_LOOP ( 'NONE', ( #3359, #856, #707, #1282 ) ) ;
#391 = VERTEX_POINT ( 'NONE', #1902 ) ;
#392 = ORIENTED_EDGE ( 'NONE', *, *, #3035, .F. ) ;
#393 = CARTESIAN_POINT ( 'NONE',  ( -23.52858092251139155, 168.8929676890319911, 12.92893218813450673 ) ) ;
#394 = CARTESIAN_POINT ( 'NONE',  ( -13.94696193444276844, 27.14795580730834601, 15.00000000000000000 ) ) ;
#395 = FACE_OUTER_BOUND ( 'NONE', #2992, .T. ) ;
#396 = VERTEX_POINT ( 'NONE', #3281 ) ;
#397 = DIRECTION ( 'NONE',  ( -3.346007010100586627E-16, -1.000000000000000000, 0.000000000000000000 ) ) ;
#398 = VECTOR ( 'NONE', #2931, 1000.000000000000000 ) ;
#399 = CARTESIAN_POINT ( 'NONE',  ( 2.123068260032543196E-14, 63.00000000000000000, -1.479114197289400200E-31 ) ) ;
#400 = FACE_OUTER_BOUND ( 'NONE', #1011, .T. ) ;
#401 = EDGE_CURVE ( 'NONE', #190, #1345, #279, .T. ) ;
#402 = PLANE ( 'NONE',  #2916 ) ;
#403 = ADVANCED_FACE ( 'NONE', ( #2181 ), #2730, .F. ) ;
#404 = CARTESIAN_POINT ( 'NONE',  ( -19.99999999999997158, 60.00000000000005684, 1.999999999999999556 ) ) ;
#405 = ORIENTED_EDGE ( 'NONE', *, *, #2923, .T. ) ;
#406 = ORIENTED_EDGE ( 'NONE', *, *, #3273, .F. ) ;
#407 = CARTESIAN_POINT ( 'NONE',  ( 45.85968939178621895, 177.3333333333334281, 24.40217628114018567 ) ) ;
#408 = LINE ( 'NONE', #2549, #2020 ) ;
#409 = VERTEX_POINT ( 'NONE', #1887 ) ;
#410 = ORIENTED_EDGE ( 'NONE', *, *, #585, .F. ) ;
#411 = EDGE_CURVE ( 'NONE', #3279, #1118, #584, .T. ) ;
#412 = ORIENTED_EDGE ( 'NONE', *, *, #1369, .F. ) ;
#413 = PRODUCT_DEFINITION ( 'æœ', '', #2219, #2975 ) ;
#414 = CARTESIAN_POINT ( 'NONE',  ( 15.59999999999998543, -14.99493517516083152, 11.00000000000000000 ) ) ;
#415 = DIRECTION ( 'NONE',  ( -3.346007010100586627E-16, -1.000000000000000000, 0.000000000000000000 ) ) ;
#416 = DIRECTION ( 'NONE',  ( 1.000000000000000000, -3.455753102189215654E-16, -6.389316844718679697E-48 ) ) ;
#417 = VECTOR ( 'NONE', #2109, 1000.000000000000000 ) ;
#418 = ORIENTED_EDGE ( 'NONE', *, *, #1512, .T. ) ;
#419 = LINE ( 'NONE', #1501, #229 ) ;
#420 = AXIS2_PLACEMENT_3D ( 'NONE', #745, #1813, #1831 ) ;
#421 = LINE ( 'NONE', #3157, #1149 ) ;
#422 = LINE ( 'NONE', #3403, #3330 ) ;
#423 = DIRECTION ( 'NONE',  ( 1.000000000000000000, -3.346007010100586627E-16, -5.577681830192081865E-48 ) ) ;
#424 = AXIS2_PLACEMENT_3D ( 'NONE', #2838, #2289, #1456 ) ;
#425 = EDGE_CURVE ( 'NONE', #329, #67, #818, .T. ) ;
#426 = ORIENTED_EDGE ( 'NONE', *, *, #31, .T. ) ;
#427 = ORIENTED_EDGE ( 'NONE', *, *, #2580, .F. ) ;
#428 = CARTESIAN_POINT ( 'NONE',  ( 0.000000000000000000, 0.000000000000000000, 0.000000000000000000 ) ) ;
#429 = LINE ( 'NONE', #692, #1510 ) ;
#430 =( BOUNDED_CURVE ( )  B_SPLINE_CURVE ( 3, ( #1570, #3429, #998, #3452 ),
 .UNSPECIFIED., .F., .F. ) 
 B_SPLINE_CURVE_WITH_KNOTS ( ( 4, 4 ),
 ( 0.000000000000000000, 0.7853981633974442822 ),
 .UNSPECIFIED. ) 
 CURVE ( )  GEOMETRIC_REPRESENTATION_ITEM ( )  RATIONAL_B_SPLINE_CURVE ( ( 1.000000000000000000, 0.9492530216741915661, 0.9492530216741915661, 1.000000000000000000 ) ) 
 REPRESENTATION_ITEM ( '' )  );
#431 = ORIENTED_EDGE ( 'NONE', *, *, #1827, .F. ) ;
#432 = AXIS2_PLACEMENT_3D ( 'NONE', #1976, #2014, #2581 ) ;
#433 = EDGE_LOOP ( 'NONE', ( #1651, #1657, #3478, #2772 ) ) ;
#434 = CARTESIAN_POINT ( 'NONE',  ( 9.999999999999994671, 79.20000000000000284, 11.00000000000000000 ) ) ;
#435 = AXIS2_PLACEMENT_3D ( 'NONE', #3320, #1424, #1141 ) ;
#436 = VECTOR ( 'NONE', #311, 1000.000000000000000 ) ;
#437 = FACE_OUTER_BOUND ( 'NONE', #347, .T. ) ;
#438 = LINE ( 'NONE', #138, #2337 ) ;
#439 = ORIENTED_EDGE ( 'NONE', *, *, #2183, .T. ) ;
#440 = EDGE_CURVE ( 'NONE', #2368, #2263, #2967, .T. ) ;
#441 = LINE ( 'NONE', #2638, #1270 ) ;
#442 = CYLINDRICAL_SURFACE ( 'NONE', #611, 1.199999999999999734 ) ;
#443 = FACE_OUTER_BOUND ( 'NONE', #961, .T. ) ;
#444 = DIRECTION ( 'NONE',  ( 0.000000000000000000, 0.000000000000000000, 1.000000000000000000 ) ) ;
#445 = ORIENTED_EDGE ( 'NONE', *, *, #73, .T. ) ;
#446 = ORIENTED_EDGE ( 'NONE', *, *, #2448, .F. ) ;
#447 = CARTESIAN_POINT ( 'NONE',  ( -15.59999999999999787, 162.7011190876420983, 0.000000000000000000 ) ) ;
#448 = CARTESIAN_POINT ( 'NONE',  ( 10.59999999999997478, -1.671642622304920027E-15, 11.00000000000000000 ) ) ;
#449 = CARTESIAN_POINT ( 'NONE',  ( -59.76708378345775685, 65.01773123196730353, -4.999988210124509003 ) ) ;
#450 = VECTOR ( 'NONE', #3213, 1000.000000000000000 ) ;
#451 = ORIENTED_EDGE ( 'NONE', *, *, #1904, .T. ) ;
#452 = ORIENTED_EDGE ( 'NONE', *, *, #2622, .F. ) ;
#453 = CARTESIAN_POINT ( 'NONE',  ( 27.40000000000001634, 62.99999999999998579, -2.400000000000003020 ) ) ;
#454 = ADVANCED_FACE ( 'NONE', ( #2464 ), #1383, .F. ) ;
#455 = DIRECTION ( 'NONE',  ( -0.6614378277661477901, 0.7499999999999997780, 0.000000000000000000 ) ) ;
#456 = DIRECTION ( 'NONE',  ( 0.9999442678553909225, 0.01055751784968288198, -0.000000000000000000 ) ) ;
#457 = VECTOR ( 'NONE', #1432, 1000.000000000000000 ) ;
#458 = ORIENTED_EDGE ( 'NONE', *, *, #2188, .T. ) ;
#459 = EDGE_CURVE ( 'NONE', #1692, #1028, #1641, .T. ) ;
#460 = DIRECTION ( 'NONE',  ( -1.000000000000000000, 3.455753102189216147E-16, 0.000000000000000000 ) ) ;
#461 = LINE ( 'NONE', #2038, #1078 ) ;
#462 = DIRECTION ( 'NONE',  ( 0.000000000000000000, -0.000000000000000000, -1.000000000000000000 ) ) ;
#463 = CARTESIAN_POINT ( 'NONE',  ( 24.32680488014356968, 74.79864235810886441, 2.943141920410689671 ) ) ;
#464 = VERTEX_POINT ( 'NONE', #2451 ) ;
#465 = ORIENTED_EDGE ( 'NONE', *, *, #271, .T. ) ;
#466 = DIRECTION ( 'NONE',  ( -0.7071067811865454633, -7.747166736926500358E-17, 0.7071067811865495711 ) ) ;
#467 = AXIS2_PLACEMENT_3D ( 'NONE', #817, #1090, #848 ) ;
#468 = DIRECTION ( 'NONE',  ( -1.000000000000000000, 1.156482317317871725E-16, 0.000000000000000000 ) ) ;
#469 = CARTESIAN_POINT ( 'NONE',  ( 9.999999999999992895, 61.20000000000000284, 13.00000000000000000 ) ) ;
#470 = EDGE_LOOP ( 'NONE', ( #57, #2668, #945, #427 ) ) ;
#471 = VERTEX_POINT ( 'NONE', #2744 ) ;
#472 = DIRECTION ( 'NONE',  ( -3.346007010100586627E-16, -1.000000000000000000, 0.000000000000000000 ) ) ;
#473 = CARTESIAN_POINT ( 'NONE',  ( 2.499999999999994227, 91.20000000000000284, 18.00000000000000355 ) ) ;
#474 = EDGE_CURVE ( 'NONE', #3045, #1133, #1670, .T. ) ;
#475 = CYLINDRICAL_SURFACE ( 'NONE', #309, 10.00000000000000178 ) ;
#476 = ORIENTED_EDGE ( 'NONE', *, *, #1911, .T. ) ;
#477 = LINE ( 'NONE', #2089, #2559 ) ;
#478 = LINE ( 'NONE', #703, #2880 ) ;
#479 = CYLINDRICAL_SURFACE ( 'NONE', #1897, 1.199999999999999734 ) ;
#480 = CARTESIAN_POINT ( 'NONE',  ( 25.43341579727888657, 75.00000000000001421, 4.723363371673355182 ) ) ;
#481 = EDGE_CURVE ( 'NONE', #3041, #1737, #3489, .T. ) ;
#482 = AXIS2_PLACEMENT_3D ( 'NONE', #2414, #2110, #2660 ) ;
#483 = VECTOR ( 'NONE', #1338, 1000.000000000000000 ) ;
#484 = ORIENTED_EDGE ( 'NONE', *, *, #149, .F. ) ;
#485 = ORIENTED_EDGE ( 'NONE', *, *, #1095, .F. ) ;
#486 = CARTESIAN_POINT ( 'NONE',  ( -15.59999999999999787, 116.7011190876420699, -5.000000000000000000 ) ) ;
#487 = CARTESIAN_POINT ( 'NONE',  ( 2.499999999999994227, 99.20000000000000284, 20.00000000000000000 ) ) ;
#488 = EDGE_CURVE ( 'NONE', #1303, #3341, #175, .T. ) ;
#489 = CARTESIAN_POINT ( 'NONE',  ( 3.292633952937382685E-14, 198.2357644936098495, 3.833067898985401456 ) ) ;
#490 = ORIENTED_EDGE ( 'NONE', *, *, #1655, .T. ) ;
#491 = ORIENTED_EDGE ( 'NONE', *, *, #2882, .F. ) ;
#492 = CARTESIAN_POINT ( 'NONE',  ( 9.999999999999994671, 79.20000000000000284, 11.00000000000000000 ) ) ;
#493 = VERTEX_POINT ( 'NONE', #1869 ) ;
#494 = CARTESIAN_POINT ( 'NONE',  ( 23.82215035372518841, 169.0039265043923535, 2.364637243079292794 ) ) ;
#495 = ORIENTED_EDGE ( 'NONE', *, *, #2084, .F. ) ;
#496 = VECTOR ( 'NONE', #2006, 1000.000000000000000 ) ;
#497 = CARTESIAN_POINT ( 'NONE',  ( -12.30000000000000604, 20.20000000000000284, 11.00000000000000000 ) ) ;
#498 = DIRECTION ( 'NONE',  ( -0.000000000000000000, -0.000000000000000000, -1.000000000000000000 ) ) ;
#499 = CARTESIAN_POINT ( 'NONE',  ( -2.784273260121282142E-14, 195.5718707561279643, 12.92893218813446410 ) ) ;
#500 = CARTESIAN_POINT ( 'NONE',  ( 34.42220510185597959, 37.00506482483916670, 2.000000000000007994 ) ) ;
#501 = ORIENTED_EDGE ( 'NONE', *, *, #2053, .F. ) ;
#502 = VERTEX_POINT ( 'NONE', #1653 ) ;
#503 = CARTESIAN_POINT ( 'NONE',  ( -11.10000000000000497, 56.99999999999999289, 13.00000000000000178 ) ) ;
#504 = LINE ( 'NONE', #1889, #1666 ) ;
#505 = CARTESIAN_POINT ( 'NONE',  ( 10.59999999999999076, 106.2000000000000028, 11.00000000000000355 ) ) ;
#506 = EDGE_CURVE ( 'NONE', #926, #708, #1120, .T. ) ;
#507 = VERTEX_POINT ( 'NONE', #259 ) ;
#508 = EDGE_CURVE ( 'NONE', #464, #2525, #1336, .T. ) ;
#509 =( BOUNDED_CURVE ( )  B_SPLINE_CURVE ( 3, ( #1842, #2921, #494, #1577 ),
 .UNSPECIFIED., .F., .F. ) 
 B_SPLINE_CURVE_WITH_KNOTS ( ( 4, 4 ),
 ( 6.016817709215402488, 6.141288252575423101 ),
 .UNSPECIFIED. ) 
 CURVE ( )  GEOMETRIC_REPRESENTATION_ITEM ( )  RATIONAL_B_SPLINE_CURVE ( ( 1.000000000000000000, 0.9987093403187072838, 0.9987093403187072838, 1.000000000000000000 ) ) 
 REPRESENTATION_ITEM ( '' )  );
#510 = CARTESIAN_POINT ( 'NONE',  ( -1.110223024625156540E-13, 121.7391304347822683, -46.76469956430716479 ) ) ;
#511 = VECTOR ( 'NONE', #2478, 1000.000000000000000 ) ;
#512 = ORIENTED_EDGE ( 'NONE', *, *, #474, .T. ) ;
#513 = PRODUCT ( '\X2\5b9d5251\X0\', '\X2\5b9d5251\X0\', '', ( #2041 ) ) ;
#514 = PLANE ( 'NONE',  #2469 ) ;
#515 = ORIENTED_EDGE ( 'NONE', *, *, #3014, .F. ) ;
#516 = CARTESIAN_POINT ( 'NONE',  ( -19.24082712017161256, -0.2031466975649998674, 11.00000000000000000 ) ) ;
#517 = DIRECTION ( 'NONE',  ( 1.000000000000000000, 0.000000000000000000, 0.000000000000000000 ) ) ;
#518 = CYLINDRICAL_SURFACE ( 'NONE', #3022, 1.199999999999999734 ) ;
#519 = AXIS2_PLACEMENT_3D ( 'NONE', #2639, #722, #2886 ) ;
#520 = EDGE_CURVE ( 'NONE', #2698, #2812, #1751, .T. ) ;
#521 = ORIENTED_EDGE ( 'NONE', *, *, #359, .T. ) ;
#522 = ORIENTED_EDGE ( 'NONE', *, *, #2290, .F. ) ;
#523 = DIRECTION ( 'NONE',  ( 2.796693612530012541E-16, -0.8340576562282979722, 0.5516772843673721782 ) ) ;
#524 = DIRECTION ( 'NONE',  ( 1.128474576789395789E-31, -8.673617379884034486E-16, -1.000000000000000000 ) ) ;
#525 = EDGE_CURVE ( 'NONE', #1989, #2819, #1716, .T. ) ;
#526 = LINE ( 'NONE', #2893, #587 ) ;
#527 = CARTESIAN_POINT ( 'NONE',  ( -26.10000000000000497, 66.00000000000001421, 0.09999999999999736877 ) ) ;
#528 = AXIS2_PLACEMENT_3D ( 'NONE', #2892, #466, #1886 ) ;
#529 = CARTESIAN_POINT ( 'NONE',  ( 13.09999999999999432, 56.99999999999999289, 13.00000000000000178 ) ) ;
#530 = ADVANCED_FACE ( 'NONE', ( #400 ), #2260, .T. ) ;
#531 = ORIENTED_EDGE ( 'NONE', *, *, #3382, .T. ) ;
#532 = LINE ( 'NONE', #2708, #1344 ) ;
#533 = ORIENTED_EDGE ( 'NONE', *, *, #2788, .F. ) ;
#534 = VECTOR ( 'NONE', #1688, 1000.000000000000000 ) ;
#535 = LINE ( 'NONE', #1050, #1973 ) ;
#536 = CARTESIAN_POINT ( 'NONE',  ( 18.00000000000002842, 60.00000000000005684, 2.000000000000000000 ) ) ;
#537 = CARTESIAN_POINT ( 'NONE',  ( -18.00000000000001066, 63.00000000000000000, 3.122502256758257819E-14 ) ) ;
#538 = ORIENTED_EDGE ( 'NONE', *, *, #1263, .T. ) ;
#539 = ORIENTED_EDGE ( 'NONE', *, *, #1403, .F. ) ;
#540 = CARTESIAN_POINT ( 'NONE',  ( -11.10000000000000497, 56.99999999999999289, 11.00000000000000000 ) ) ;
#541 = CARTESIAN_POINT ( 'NONE',  ( 27.40000000000001634, 121.2673150230899068, -2.400000000000003020 ) ) ;
#542 = CARTESIAN_POINT ( 'NONE',  ( -20.52790531377943495, 121.7011190876420557, 3.000000000000000000 ) ) ;
#543 = FACE_OUTER_BOUND ( 'NONE', #1736, .T. ) ;
#544 = EDGE_CURVE ( 'NONE', #2964, #2187, #1462, .T. ) ;
#545 = FACE_OUTER_BOUND ( 'NONE', #2626, .T. ) ;
#546 = ORIENTED_EDGE ( 'NONE', *, *, #62, .F. ) ;
#547 = FACE_OUTER_BOUND ( 'NONE', #130, .T. ) ;
#548 = ORIENTED_EDGE ( 'NONE', *, *, #2208, .T. ) ;
#549 = EDGE_CURVE ( 'NONE', #2357, #1598, #76, .T. ) ;
#550 = ADVANCED_FACE ( 'NONE', ( #2242 ), #86, .F. ) ;
#551 = CARTESIAN_POINT ( 'NONE',  ( 59.78434077513687583, 65.02659682051326229, 19.99996463039438055 ) ) ;
#552 = FACE_BOUND ( 'NONE', #3042, .T. ) ;
#553 = VECTOR ( 'NONE', #2492, 1000.000000000000000 ) ;
#554 = VECTOR ( 'NONE', #1437, 1000.000000000000000 ) ;
#555 = ORIENTED_EDGE ( 'NONE', *, *, #310, .T. ) ;
#556 = LINE ( 'NONE', #2435, #2776 ) ;
#557 = DIRECTION ( 'NONE',  ( -1.000000000000000000, -3.469446951953614189E-16, 0.000000000000000000 ) ) ;
#558 = DIRECTION ( 'NONE',  ( -1.095614826932720471E-16, 1.000000000000000000, -6.162975822039154730E-33 ) ) ;
#559 = AXIS2_PLACEMENT_3D ( 'NONE', #1401, #2482, #1137 ) ;
#560 = LINE ( 'NONE', #47, #1007 ) ;
#561 = VERTEX_POINT ( 'NONE', #2211 ) ;
#562 = PLANE ( 'NONE',  #3317 ) ;
#563 = ORIENTED_EDGE ( 'NONE', *, *, #231, .T. ) ;
#564 = EDGE_CURVE ( 'NONE', #2939, #1737, #2222, .T. ) ;
#565 = VECTOR ( 'NONE', #2600, 1000.000000000000000 ) ;
#566 = DIRECTION ( 'NONE',  ( -1.040834085586084059E-15, 1.000000000000000000, 0.000000000000000000 ) ) ;
#567 = CARTESIAN_POINT ( 'NONE',  ( 15.59999999999999076, 25.00506482483916670, 2.000000000000008882 ) ) ;
#568 = EDGE_CURVE ( 'NONE', #2837, #3353, #3080, .T. ) ;
#569 = VERTEX_POINT ( 'NONE', #2279 ) ;
#570 = CARTESIAN_POINT ( 'NONE',  ( 18.00000000000002842, 63.00000000000000000, 13.00000000000000000 ) ) ;
#571 = DIRECTION ( 'NONE',  ( 1.040834085586084059E-15, -1.000000000000000000, -0.000000000000000000 ) ) ;
#572 = CARTESIAN_POINT ( 'NONE',  ( 14.99999999999999467, -15.00000000000000000, -1.200000000000000030E-05 ) ) ;
#573 = LINE ( 'NONE', #1920, #2934 ) ;
#574 = ORIENTED_EDGE ( 'NONE', *, *, #3398, .F. ) ;
#575 = DIRECTION ( 'NONE',  ( -0.000000000000000000, -0.000000000000000000, -1.000000000000000000 ) ) ;
#576 = ORIENTED_EDGE ( 'NONE', *, *, #2238, .T. ) ;
#577 = EDGE_CURVE ( 'NONE', #1954, #2974, #3326, .T. ) ;
#578 = ORIENTED_EDGE ( 'NONE', *, *, #704, .F. ) ;
#579 = CARTESIAN_POINT ( 'NONE',  ( -10.60000000000002274, 1.671642622304927718E-15, 50.55225032628528936 ) ) ;
#580 = CARTESIAN_POINT ( 'NONE',  ( 17.50000000000000711, 63.00000000000000000, -1.500000000000004885 ) ) ;
#581 = CIRCLE ( 'NONE', #3072, 1.199999999999999734 ) ;
#582 = ORIENTED_EDGE ( 'NONE', *, *, #2971, .T. ) ;
#583 = CARTESIAN_POINT ( 'NONE',  ( 23.70000000000001705, 65.99999999999998579, 14.90000000000000036 ) ) ;
#584 = LINE ( 'NONE', #1091, #2603 ) ;
#585 = EDGE_CURVE ( 'NONE', #3498, #858, #2791, .T. ) ;
#586 = CARTESIAN_POINT ( 'NONE',  ( -66.45751311064590539, 75.00000000000002842, 5.000000000000000888 ) ) ;
#587 = VECTOR ( 'NONE', #2933, 1000.000000000000000 ) ;
#588 = ADVANCED_FACE ( 'NONE', ( #1731, #3297 ), #1205, .F. ) ;
#589 = DIRECTION ( 'NONE',  ( -1.095614826932720471E-16, 1.000000000000000000, -1.025650794761505805E-32 ) ) ;
#590 = AXIS2_PLACEMENT_3D ( 'NONE', #1546, #237, #2602 ) ;
#591 = ORIENTED_EDGE ( 'NONE', *, *, #1925, .T. ) ;
#592 = CARTESIAN_POINT ( 'NONE',  ( 0.000000000000000000, 71.70111908764206987, 11.00000000000000000 ) ) ;
#593 = ORIENTED_EDGE ( 'NONE', *, *, #3328, .T. ) ;
#594 = ORIENTED_EDGE ( 'NONE', *, *, #2401, .T. ) ;
#595 = ORIENTED_EDGE ( 'NONE', *, *, #1892, .F. ) ;
#596 = LINE ( 'NONE', #2206, #201 ) ;
#597 = CARTESIAN_POINT ( 'NONE',  ( -17.99999999999997513, 63.00000000000000000, -1.479114197289396697E-31 ) ) ;
#598 = AXIS2_PLACEMENT_3D ( 'NONE', #921, #127, #2024 ) ;
#599 = ORIENTED_EDGE ( 'NONE', *, *, #1520, .F. ) ;
#600 = CARTESIAN_POINT ( 'NONE',  ( -15.00000000000000000, -14.99493517516083152, 0.000000000000000000 ) ) ;
#601 = LINE ( 'NONE', #1686, #136 ) ;
#602 = CARTESIAN_POINT ( 'NONE',  ( -15.60000000000001208, 1.849373372577459532E-15, 11.00000000000000000 ) ) ;
#603 = CIRCLE ( 'NONE', #435, 1.199999999999999734 ) ;
#604 = DIRECTION ( 'NONE',  ( 0.6614378277661477901, -0.7499999999999997780, -2.656504963745478774E-17 ) ) ;
#605 = CARTESIAN_POINT ( 'NONE',  ( 15.60000000000000142, 116.7011190876420699, -5.000000000000000000 ) ) ;
#606 = ORIENTED_EDGE ( 'NONE', *, *, #1683, .T. ) ;
#607 = ADVANCED_FACE ( 'NONE', ( #3031 ), #936, .T. ) ;
#608 = CARTESIAN_POINT ( 'NONE',  ( 59.73256969328395627, 65.00000000000004263, 20.00000000000000000 ) ) ;
#609 = ORIENTED_EDGE ( 'NONE', *, *, #2365, .T. ) ;
#610 = ORIENTED_EDGE ( 'NONE', *, *, #2713, .F. ) ;
#611 = AXIS2_PLACEMENT_3D ( 'NONE', #2353, #3197, #3442 ) ;
#612 = CARTESIAN_POINT ( 'NONE',  ( 4.190699000851998867E-14, 121.2673150230899211, 17.39999999999999858 ) ) ;
#613 = ORIENTED_EDGE ( 'NONE', *, *, #948, .T. ) ;
#614 = DIRECTION ( 'NONE',  ( 0.000000000000000000, -1.000000000000000000, 0.000000000000000000 ) ) ;
#615 = DIRECTION ( 'NONE',  ( 0.000000000000000000, -0.000000000000000000, 1.000000000000000000 ) ) ;
#616 = DIRECTION ( 'NONE',  ( -3.346007010100586627E-16, -1.000000000000000000, 0.000000000000000000 ) ) ;
#617 = DIRECTION ( 'NONE',  ( 0.6614378277661476790, 0.7499999999999998890, -2.775557561562891351E-17 ) ) ;
#618 = ADVANCED_FACE ( 'NONE', ( #667 ), #1416, .T. ) ;
#619 = AXIS2_PLACEMENT_3D ( 'NONE', #14, #323, #307 ) ;
#620 = VERTEX_POINT ( 'NONE', #2828 ) ;
#621 = ADVANCED_FACE ( 'NONE', ( #59 ), #1135, .F. ) ;
#622 = DIRECTION ( 'NONE',  ( -1.000000000000000000, 0.000000000000000000, 0.000000000000000000 ) ) ;
#623 = AXIS2_PLACEMENT_3D ( 'NONE', #2067, #3150, #455 ) ;
#624 = ORIENTED_EDGE ( 'NONE', *, *, #2461, .F. ) ;
#625 = DIRECTION ( 'NONE',  ( -3.346007010100586627E-16, -1.000000000000000000, 0.000000000000000000 ) ) ;
#626 = EDGE_CURVE ( 'NONE', #1143, #1674, #601, .T. ) ;
#627 = CIRCLE ( 'NONE', #2328, 10.00000000000000000 ) ;
#628 = ORIENTED_EDGE ( 'NONE', *, *, #1441, .T. ) ;
#629 = DIRECTION ( 'NONE',  ( -0.5560976946257540909, 0.8311169316238971039, 0.000000000000000000 ) ) ;
#630 = ORIENTED_EDGE ( 'NONE', *, *, #2365, .F. ) ;
#631 = CARTESIAN_POINT ( 'NONE',  ( -59.73256969328389232, 65.00000000000002842, 20.00000000000000000 ) ) ;
#632 = DIRECTION ( 'NONE',  ( 1.000000000000000000, -0.000000000000000000, -0.000000000000000000 ) ) ;
#633 = LINE ( 'NONE', #1701, #1949 ) ;
#634 = CARTESIAN_POINT ( 'NONE',  ( -17.99999999999997513, -19.99999999999999645, 0.000000000000000000 ) ) ;
#635 = VERTEX_POINT ( 'NONE', #1699 ) ;
#636 = VECTOR ( 'NONE', #885, 1000.000000000000000 ) ;
#637 = DIRECTION ( 'NONE',  ( -1.000000000000000000, 9.637352644315590312E-17, 0.000000000000000000 ) ) ;
#638 = ADVANCED_FACE ( 'NONE', ( #1761 ), #2361, .T. ) ;
#639 = CARTESIAN_POINT ( 'NONE',  ( 0.000000000000000000, 71.70111908764206987, 3.000000000000000000 ) ) ;
#640 = VERTEX_POINT ( 'NONE', #2097 ) ;
#641 = CYLINDRICAL_SURFACE ( 'NONE', #424, 9.999999999999998224 ) ;
#642 = CARTESIAN_POINT ( 'NONE',  ( -17.49999999999998224, 152.0564581469694758, 0.000000000000000000 ) ) ;
#643 = EDGE_LOOP ( 'NONE', ( #3191, #3374, #99, #2852, #239, #2501, #1425, #841, #2840, #548, #2868, #269, #2200, #2156, #1039, #1647, #1125 ) ) ;
#644 = CARTESIAN_POINT ( 'NONE',  ( 9.999999999999994671, 79.20000000000000284, 13.00000000000000000 ) ) ;
#645 = EDGE_CURVE ( 'NONE', #2138, #2385, #2968, .T. ) ;
#646 = CARTESIAN_POINT ( 'NONE',  ( 11.89999999999999325, 56.99999999999999289, 13.00000000000000178 ) ) ;
#647 = CARTESIAN_POINT ( 'NONE',  ( 20.00000000000002842, -19.99999999999999645, 13.00000000000000000 ) ) ;
#648 = FACE_OUTER_BOUND ( 'NONE', #349, .T. ) ;
#649 = EDGE_CURVE ( 'NONE', #2462, #2489, #805, .T. ) ;
#650 = LINE ( 'NONE', #353, #1661 ) ;
#651 = VERTEX_POINT ( 'NONE', #260 ) ;
#652 = ORIENTED_EDGE ( 'NONE', *, *, #1126, .T. ) ;
#653 = LINE ( 'NONE', #448, #2419 ) ;
#654 = CARTESIAN_POINT ( 'NONE',  ( -59.73256969328387100, 65.00000000000001421, -5.000000000000000000 ) ) ;
#655 = VERTEX_POINT ( 'NONE', #2951 ) ;
#656 = ORIENTED_EDGE ( 'NONE', *, *, #1460, .T. ) ;
#657 = AXIS2_PLACEMENT_3D ( 'NONE', #772, #1839, #283 ) ;
#658 = ORIENTED_EDGE ( 'NONE', *, *, #2932, .F. ) ;
#659 = EDGE_CURVE ( 'NONE', #640, #682, #504, .T. ) ;
#660 = DIRECTION ( 'NONE',  ( 1.000000000000000000, 0.000000000000000000, 0.000000000000000000 ) ) ;
#661 = LINE ( 'NONE', #117, #1597 ) ;
#662 = DIRECTION ( 'NONE',  ( 1.000000000000000000, -3.346007010100586627E-16, 1.214306433183765213E-16 ) ) ;
#663 = ADVANCED_FACE ( 'NONE', ( #1607 ), #1817, .T. ) ;
#664 = ORIENTED_EDGE ( 'NONE', *, *, #2762, .F. ) ;
#665 = CARTESIAN_POINT ( 'NONE',  ( 23.69999999999999218, 65.99999999999998579, 0.09999999999999607814 ) ) ;
#666 = CARTESIAN_POINT ( 'NONE',  ( -59.76708378345775685, 65.01773123196730353, 19.99998821012450634 ) ) ;
#667 = FACE_OUTER_BOUND ( 'NONE', #2185, .T. ) ;
#668 = VECTOR ( 'NONE', #1961, 1000.000000000000000 ) ;
#669 = DIRECTION ( 'NONE',  ( 1.000000000000000000, 0.000000000000000000, 0.000000000000000000 ) ) ;
#670 = ADVANCED_FACE ( 'NONE', ( #3166 ), #2079, .F. ) ;
#671 = FACE_OUTER_BOUND ( 'NONE', #1054, .T. ) ;
#672 = ORIENTED_EDGE ( 'NONE', *, *, #1103, .T. ) ;
#673 = ORIENTED_EDGE ( 'NONE', *, *, #301, .T. ) ;
#674 = FACE_OUTER_BOUND ( 'NONE', #1166, .T. ) ;
#675 = FACE_OUTER_BOUND ( 'NONE', #2567, .T. ) ;
#676 = VERTEX_POINT ( 'NONE', #3205 ) ;
#677 = DIRECTION ( 'NONE',  ( 1.000000000000000000, 3.469446951953614189E-16, 0.000000000000000000 ) ) ;
#678 = ORIENTED_EDGE ( 'NONE', *, *, #3137, .F. ) ;
#679 = CARTESIAN_POINT ( 'NONE',  ( -66.45751311064590539, 75.00000000000002842, 15.00000000000000000 ) ) ;
#680 = CARTESIAN_POINT ( 'NONE',  ( 0.000000000000000000, 168.7011190876420983, 11.00000000000000000 ) ) ;
#681 = CYLINDRICAL_SURFACE ( 'NONE', #1938, 10.00000000000000178 ) ;
#682 = VERTEX_POINT ( 'NONE', #3490 ) ;
#683 = LINE ( 'NONE', #3058, #668 ) ;
#684 = EDGE_CURVE ( 'NONE', #676, #2132, #1267, .T. ) ;
#685 = AXIS2_PLACEMENT_3D ( 'NONE', #803, #2417, #1901 ) ;
#686 = DIRECTION ( 'NONE',  ( -3.455753102189216147E-16, -1.000000000000000000, 0.000000000000000000 ) ) ;
#687 = CARTESIAN_POINT ( 'NONE',  ( 23.69999999999999218, 65.99999999999998579, 0.09999999999999607814 ) ) ;
#688 = CARTESIAN_POINT ( 'NONE',  ( -10.00000000000000711, 61.19999999999999574, 11.00000000000000000 ) ) ;
#689 = ORIENTED_EDGE ( 'NONE', *, *, #2169, .F. ) ;
#690 = ORIENTED_EDGE ( 'NONE', *, *, #1351, .F. ) ;
#691 = DIRECTION ( 'NONE',  ( 9.637352644315594010E-17, 1.000000000000000000, 0.000000000000000000 ) ) ;
#692 = CARTESIAN_POINT ( 'NONE',  ( 2.116648775090894697E-14, 60.00000000000000000, -5.000000000000000000 ) ) ;
#693 = ORIENTED_EDGE ( 'NONE', *, *, #767, .T. ) ;
#694 = ADVANCED_FACE ( 'NONE', ( #3221 ), #728, .T. ) ;
#695 = ORIENTED_EDGE ( 'NONE', *, *, #3398, .T. ) ;
#696 = CARTESIAN_POINT ( 'NONE',  ( 0.000000000000000000, 106.2000000000000028, 50.55225032628528936 ) ) ;
#697 = CARTESIAN_POINT ( 'NONE',  ( 97.01897502382128380, 85.56269345580602703, 12.92893218813445699 ) ) ;
#698 = AXIS2_PLACEMENT_3D ( 'NONE', #2017, #1948, #3100 ) ;
#699 = DIRECTION ( 'NONE',  ( -1.000000000000000000, -1.040834085586084059E-15, 0.000000000000000000 ) ) ;
#700 = VECTOR ( 'NONE', #253, 1000.000000000000000 ) ;
#701 = ORIENTED_EDGE ( 'NONE', *, *, #1892, .T. ) ;
#702 = DIRECTION ( 'NONE',  ( -1.000000000000000000, 3.346007010100586627E-16, 5.577681830192081865E-48 ) ) ;
#703 = CARTESIAN_POINT ( 'NONE',  ( -36.52635605845269851, 173.8056649185805327, -0.06884294780687763571 ) ) ;
#704 = EDGE_CURVE ( 'NONE', #1245, #3045, #526, .T. ) ;
#705 = LINE ( 'NONE', #218, #2632 ) ;
#706 = LINE ( 'NONE', #1792, #3208 ) ;
#707 = ORIENTED_EDGE ( 'NONE', *, *, #2623, .T. ) ;
#708 = VERTEX_POINT ( 'NONE', #487 ) ;
#709 = CARTESIAN_POINT ( 'NONE',  ( 10.69999999999999396, 56.99999999999999289, 13.00000000000000178 ) ) ;
#710 = PLANE ( 'NONE',  #1575 ) ;
#711 = ORIENTED_EDGE ( 'NONE', *, *, #310, .F. ) ;
#712 = AXIS2_PLACEMENT_3D ( 'NONE', #2570, #1509, #147 ) ;
#713 = DIRECTION ( 'NONE',  ( -3.346007010100586134E-16, -1.000000000000000000, -0.000000000000000000 ) ) ;
#714 = AXIS2_PLACEMENT_3D ( 'NONE', #2456, #1990, #1675 ) ;
#715 = EDGE_CURVE ( 'NONE', #1954, #67, #206, .T. ) ;
#716 = VECTOR ( 'NONE', #1322, 1000.000000000000000 ) ;
#717 = FACE_OUTER_BOUND ( 'NONE', #3224, .T. ) ;
#718 = CARTESIAN_POINT ( 'NONE',  ( 20.00000000000002842, 63.00000000000000000, 13.00000000000000000 ) ) ;
#719 = EDGE_LOOP ( 'NONE', ( #863, #2770, #3226, #1215, #3203 ) ) ;
#720 = AXIS2_PLACEMENT_3D ( 'NONE', #1355, #819, #1903 ) ;
#721 = DIRECTION ( 'NONE',  ( -1.000000000000000000, 0.000000000000000000, 0.000000000000000000 ) ) ;
#722 = DIRECTION ( 'NONE',  ( 0.000000000000000000, 0.000000000000000000, -1.000000000000000000 ) ) ;
#723 = FACE_OUTER_BOUND ( 'NONE', #1216, .T. ) ;
#724 = LINE ( 'NONE', #1313, #2123 ) ;
#725 = ORIENTED_EDGE ( 'NONE', *, *, #2779, .T. ) ;
#726 = VERTEX_POINT ( 'NONE', #1020 ) ;
#727 = FACE_OUTER_BOUND ( 'NONE', #1900, .T. ) ;
#728 = CYLINDRICAL_SURFACE ( 'NONE', #1327, 10.00000000000000000 ) ;
#729 = CARTESIAN_POINT ( 'NONE',  ( 2.255140518769849223E-14, 65.00000000000000000, 5.000000000000000888 ) ) ;
#730 = VECTOR ( 'NONE', #498, 1000.000000000000000 ) ;
#731 = EDGE_CURVE ( 'NONE', #53, #3434, #2466, .T. ) ;
#732 = ORIENTED_EDGE ( 'NONE', *, *, #1184, .T. ) ;
#733 = ORIENTED_EDGE ( 'NONE', *, *, #1370, .F. ) ;
#734 = FACE_OUTER_BOUND ( 'NONE', #1150, .T. ) ;
#735 = DIRECTION ( 'NONE',  ( 0.000000000000000000, 0.000000000000000000, 1.000000000000000000 ) ) ;
#736 = DIRECTION ( 'NONE',  ( 0.000000000000000000, 1.000000000000000000, -0.000000000000000000 ) ) ;
#737 = VECTOR ( 'NONE', #1918, 1000.000000000000000 ) ;
#738 = EDGE_CURVE ( 'NONE', #3496, #2837, #2342, .T. ) ;
#739 = EDGE_CURVE ( 'NONE', #752, #2138, #430, .T. ) ;
#740 = ORIENTED_EDGE ( 'NONE', *, *, #2536, .F. ) ;
#741 = EDGE_CURVE ( 'NONE', #1604, #801, #2367, .T. ) ;
#742 = CARTESIAN_POINT ( 'NONE',  ( -16.45751311064586631, 65.00000000000000000, -5.000000000000000000 ) ) ;
#743 = DIRECTION ( 'NONE',  ( -2.312964634635743450E-16, -1.000000000000000000, 0.000000000000000000 ) ) ;
#744 = LINE ( 'NONE', #2677, #3142 ) ;
#745 = CARTESIAN_POINT ( 'NONE',  ( -19.99999999999997513, -2.602085213965207486E-15, 15.00000000000000000 ) ) ;
#746 = VERTEX_POINT ( 'NONE', #1037 ) ;
#747 = VERTEX_POINT ( 'NONE', #2115 ) ;
#748 = CARTESIAN_POINT ( 'NONE',  ( -17.99999999999998224, 60.00000000000005684, 15.00000000000000000 ) ) ;
#749 = DIRECTION ( 'NONE',  ( 1.000000000000000000, 0.000000000000000000, 0.000000000000000000 ) ) ;
#750 = DIRECTION ( 'NONE',  ( 1.040834085586084059E-15, -1.000000000000000000, 0.000000000000000000 ) ) ;
#751 = ORIENTED_EDGE ( 'NONE', *, *, #564, .F. ) ;
#752 = VERTEX_POINT ( 'NONE', #1835 ) ;
#753 = LINE ( 'NONE', #1574, #46 ) ;
#754 = ORIENTED_EDGE ( 'NONE', *, *, #2040, .T. ) ;
#755 = CARTESIAN_POINT ( 'NONE',  ( -26.10000000000000497, 66.00000000000001421, 0.09999999999999736877 ) ) ;
#756 = VERTEX_POINT ( 'NONE', #2380 ) ;
#757 = VECTOR ( 'NONE', #3118, 1000.000000000000114 ) ;
#758 = DIRECTION ( 'NONE',  ( -2.062256389565987867E-48, 6.900324336112522010E-64, -1.000000000000000000 ) ) ;
#759 = PLANE ( 'NONE',  #1809 ) ;
#760 = EDGE_CURVE ( 'NONE', #676, #246, #3267, .T. ) ;
#761 = CARTESIAN_POINT ( 'NONE',  ( -15.00000000000000355, -14.99493517516083152, -1.200000000000000030E-05 ) ) ;
#762 = CARTESIAN_POINT ( 'NONE',  ( 24.99575342526324206, 74.94583029734593538, 3.927776637107901259 ) ) ;
#763 = AXIS2_PLACEMENT_3D ( 'NONE', #3215, #1332, #1864 ) ;
#764 = ORIENTED_EDGE ( 'NONE', *, *, #1911, .F. ) ;
#765 = ORIENTED_EDGE ( 'NONE', *, *, #544, .F. ) ;
#766 = DIRECTION ( 'NONE',  ( 0.000000000000000000, 0.000000000000000000, -1.000000000000000000 ) ) ;
#767 = EDGE_CURVE ( 'NONE', #1245, #2307, #834, .T. ) ;
#768 = DIRECTION ( 'NONE',  ( 1.000000000000000000, 1.095614826932720471E-16, 0.000000000000000000 ) ) ;
#769 = CARTESIAN_POINT ( 'NONE',  ( -25.05794768594684996, 74.92029043426040857, 3.600434575300933027 ) ) ;
#770 = VERTEX_POINT ( 'NONE', #1932 ) ;
#771 = ORIENTED_EDGE ( 'NONE', *, *, #2912, .F. ) ;
#772 = CARTESIAN_POINT ( 'NONE',  ( 0.000000000000000000, -19.99999999999999645, 15.00000000000000000 ) ) ;
#773 = ORIENTED_EDGE ( 'NONE', *, *, #1162, .T. ) ;
#774 = CARTESIAN_POINT ( 'NONE',  ( -26.45751311064591249, 168.6420450251705461, 5.857864376269030338 ) ) ;
#775 = AXIS2_PLACEMENT_3D ( 'NONE', #2857, #2820, #191 ) ;
#776 = ORIENTED_EDGE ( 'NONE', *, *, #2438, .F. ) ;
#777 = EDGE_CURVE ( 'NONE', #1303, #298, #2984, .T. ) ;
#778 = EDGE_CURVE ( 'NONE', #2209, #176, #2212, .T. ) ;
#779 = LINE ( 'NONE', #3500, #730 ) ;
#780 = CARTESIAN_POINT ( 'NONE',  ( 9.999999999999994671, 79.20000000000000284, 13.00000000000000000 ) ) ;
#781 = DIRECTION ( 'NONE',  ( -1.000000000000000000, 3.346007010100586627E-16, -2.168404344971010594E-16 ) ) ;
#782 = ORIENTED_EDGE ( 'NONE', *, *, #247, .T. ) ;
#783 = ORIENTED_EDGE ( 'NONE', *, *, #2295, .T. ) ;
#784 = CYLINDRICAL_SURFACE ( 'NONE', #2447, 1.199999999999999734 ) ;
#785 = DIRECTION ( 'NONE',  ( -1.000000000000000000, -1.387778780781445676E-15, 0.000000000000000000 ) ) ;
#786 = EDGE_CURVE ( 'NONE', #944, #507, #795, .T. ) ;
#787 = CARTESIAN_POINT ( 'NONE',  ( -1.734723475976807489E-15, -14.99999999999999822, 0.000000000000000000 ) ) ;
#788 = CYLINDRICAL_SURFACE ( 'NONE', #3363, 9.999999999999994671 ) ;
#789 = EDGE_LOOP ( 'NONE', ( #1500, #3287, #1844, #1877 ) ) ;
#790 = DIRECTION ( 'NONE',  ( -0.000000000000000000, -0.000000000000000000, -1.000000000000000000 ) ) ;
#791 = VECTOR ( 'NONE', #3043, 1000.000000000000000 ) ;
#792 = ORIENTED_EDGE ( 'NONE', *, *, #549, .T. ) ;
#793 = DIRECTION ( 'NONE',  ( 0.000000000000000000, 0.000000000000000000, 1.000000000000000000 ) ) ;
#794 = ORIENTED_EDGE ( 'NONE', *, *, #3222, .F. ) ;
#795 =( BOUNDED_CURVE ( )  B_SPLINE_CURVE ( 3, ( #850, #3298, #1092, #60 ),
 .UNSPECIFIED., .F., .F. ) 
 B_SPLINE_CURVE_WITH_KNOTS ( ( 4, 4 ),
 ( 1.570796326794896558, 1.573456011981952285 ),
 .UNSPECIFIED. ) 
 CURVE ( )  GEOMETRIC_REPRESENTATION_ITEM ( )  RATIONAL_B_SPLINE_CURVE ( ( 1.000000000000000000, 0.9999994105063123584, 0.9999994105063123584, 1.000000000000000000 ) ) 
 REPRESENTATION_ITEM ( '' )  );
#796 = DIRECTION ( 'NONE',  ( 1.000000000000000000, 0.000000000000000000, 0.000000000000000000 ) ) ;
#797 = ADVANCED_FACE ( 'NONE', ( #2732 ), #3312, .F. ) ;
#798 = CARTESIAN_POINT ( 'NONE',  ( 66.45751311064596223, 75.00000000000005684, 15.84551850955888774 ) ) ;
#799 = DIRECTION ( 'NONE',  ( 0.6831300510639713996, 0.2581988897471610422, -0.6831300510639750634 ) ) ;
#800 = VECTOR ( 'NONE', #3416, 1000.000000000000000 ) ;
#801 = VERTEX_POINT ( 'NONE', #2465 ) ;
#802 = ORIENTED_EDGE ( 'NONE', *, *, #760, .F. ) ;
#803 = CARTESIAN_POINT ( 'NONE',  ( 24.90000000000001634, 62.99999999999998579, 14.90000000000000036 ) ) ;
#804 = DIRECTION ( 'NONE',  ( -1.000000000000000000, 0.000000000000000000, 0.000000000000000000 ) ) ;
#805 = LINE ( 'NONE', #3237, #1779 ) ;
#806 = CYLINDRICAL_SURFACE ( 'NONE', #1274, 10.00000000000000178 ) ;
#807 = PLANE ( 'NONE',  #2235 ) ;
#808 = EDGE_LOOP ( 'NONE', ( #243, #1055 ) ) ;
#809 = EDGE_CURVE ( 'NONE', #331, #1143, #1919, .T. ) ;
#810 = CARTESIAN_POINT ( 'NONE',  ( -2.500000000000004885, 91.20000000000000284, 18.00000000000000355 ) ) ;
#811 = VERTEX_POINT ( 'NONE', #308 ) ;
#812 = VECTOR ( 'NONE', #1434, 1000.000000000000000 ) ;
#813 = DIRECTION ( 'NONE',  ( -0.000000000000000000, -0.000000000000000000, -1.000000000000000000 ) ) ;
#814 = LINE ( 'NONE', #2741, #1124 ) ;
#815 = ORIENTED_EDGE ( 'NONE', *, *, #3044, .F. ) ;
#816 = EDGE_CURVE ( 'NONE', #1411, #1435, #295, .T. ) ;
#817 = CARTESIAN_POINT ( 'NONE',  ( -12.30000000000000604, 56.99999999999999289, 11.00000000000000000 ) ) ;
#818 = LINE ( 'NONE', #2134, #1533 ) ;
#819 = DIRECTION ( 'NONE',  ( -1.000000000000000000, 1.185495751652216669E-16, 0.000000000000000000 ) ) ;
#820 = VECTOR ( 'NONE', #1545, 1000.000000000000000 ) ;
#821 = DIRECTION ( 'NONE',  ( -3.346007010100586134E-16, -1.000000000000000000, -0.000000000000000000 ) ) ;
#822 = ORIENTED_EDGE ( 'NONE', *, *, #459, .F. ) ;
#823 = CARTESIAN_POINT ( 'NONE',  ( 15.59999999999999609, 60.00000000000000000, -5.000000000000000000 ) ) ;
#824 = ORIENTED_EDGE ( 'NONE', *, *, #1095, .T. ) ;
#825 = EDGE_CURVE ( 'NONE', #2812, #3111, #2719, .T. ) ;
#826 = ADVANCED_FACE ( 'NONE', ( #3252 ), #1950, .F. ) ;
#827 = CARTESIAN_POINT ( 'NONE',  ( 59.78434077513687583, 65.02659682051326229, 19.99996463039438055 ) ) ;
#828 = CARTESIAN_POINT ( 'NONE',  ( 0.000000000000000000, 71.70111908764206987, 11.00000000000000000 ) ) ;
#829 = AXIS2_PLACEMENT_3D ( 'NONE', #1112, #3303, #872 ) ;
#830 = VECTOR ( 'NONE', #1758, 1000.000000000000000 ) ;
#831 = ORIENTED_EDGE ( 'NONE', *, *, #3125, .F. ) ;
#832 = CARTESIAN_POINT ( 'NONE',  ( 24.46115472733053409, 74.79870160814007818, 11.99635838331536597 ) ) ;
#833 = CARTESIAN_POINT ( 'NONE',  ( 18.00000000000002842, 60.00000000000005684, 2.000000000000000000 ) ) ;
#834 = LINE ( 'NONE', #1654, #3163 ) ;
#835 = VECTOR ( 'NONE', #1169, 1000.000000000000000 ) ;
#836 = ADVANCED_FACE ( 'NONE', ( #2196, #3282, #1672, #2745, #1966, #324, #2497 ), #1642, .T. ) ;
#837 = CARTESIAN_POINT ( 'NONE',  ( -10.00000000000000533, 79.20000000000000284, 13.00000000000000000 ) ) ;
#838 = ORIENTED_EDGE ( 'NONE', *, *, #1254, .F. ) ;
#839 = LINE ( 'NONE', #1923, #1857 ) ;
#840 = AXIS2_PLACEMENT_3D ( 'NONE', #1365, #3263, #1665 ) ;
#841 = ORIENTED_EDGE ( 'NONE', *, *, #2228, .T. ) ;
#842 = EDGE_CURVE ( 'NONE', #2400, #2698, #1178, .T. ) ;
#843 = ORIENTED_EDGE ( 'NONE', *, *, #1240, .T. ) ;
#844 = CARTESIAN_POINT ( 'NONE',  ( 15.59999999999999432, 71.70111908764206987, 3.000000000000002665 ) ) ;
#845 = DIRECTION ( 'NONE',  ( 0.000000000000000000, -1.000000000000000000, 0.000000000000000000 ) ) ;
#846 = EDGE_CURVE ( 'NONE', #1333, #1832, #2083, .T. ) ;
#847 = ORIENTED_EDGE ( 'NONE', *, *, #2386, .F. ) ;
#848 = DIRECTION ( 'NONE',  ( -1.000000000000000000, 0.000000000000000000, 0.000000000000000000 ) ) ;
#849 = CARTESIAN_POINT ( 'NONE',  ( 11.89999999999999325, 56.99999999999999289, 13.00000000000000178 ) ) ;
#850 = CARTESIAN_POINT ( 'NONE',  ( 59.73256969328396337, 65.00000000000004263, -5.000000000000000000 ) ) ;
#851 = CARTESIAN_POINT ( 'NONE',  ( 2.602085213965208176E-16, 162.7011190876420983, -1.500000000000003109 ) ) ;
#852 = CIRCLE ( 'NONE', #467, 1.199999999999999734 ) ;
#853 = EDGE_LOOP ( 'NONE', ( #1316, #847 ) ) ;
#854 = DIRECTION ( 'NONE',  ( 1.000000000000000000, -3.346007010100586627E-16, 0.000000000000000000 ) ) ;
#855 = ORIENTED_EDGE ( 'NONE', *, *, #2944, .F. ) ;
#856 = ORIENTED_EDGE ( 'NONE', *, *, #2733, .F. ) ;
#857 =( BOUNDED_CURVE ( )  B_SPLINE_CURVE ( 3, ( #631, #3342, #666, #3046 ),
 .UNSPECIFIED., .F., .F. ) 
 B_SPLINE_CURVE_WITH_KNOTS ( ( 4, 4 ),
 ( 1.570796326794897668, 1.573456011981955394 ),
 .UNSPECIFIED. ) 
 CURVE ( )  GEOMETRIC_REPRESENTATION_ITEM ( )  RATIONAL_B_SPLINE_CURVE ( ( 1.000000000000000000, 0.9999994105063123584, 0.9999994105063123584, 1.000000000000000000 ) ) 
 REPRESENTATION_ITEM ( '' )  );
#858 = VERTEX_POINT ( 'NONE', #1624 ) ;
#859 = CARTESIAN_POINT ( 'NONE',  ( -27.40000000000000568, 60.00000000000000711, -2.400000000000003020 ) ) ;
#860 = CARTESIAN_POINT ( 'NONE',  ( 17.50000000000000711, 63.00000000000000000, 0.000000000000000000 ) ) ;
#861 = AXIS2_PLACEMENT_3D ( 'NONE', #497, #1579, #1523 ) ;
#862 = ADVANCED_FACE ( 'NONE', ( #2702 ), #280, .F. ) ;
#863 = ORIENTED_EDGE ( 'NONE', *, *, #1320, .T. ) ;
#864 = DIRECTION ( 'NONE',  ( 1.000000000000000000, 0.000000000000000000, 1.734723475976808080E-16 ) ) ;
#865 = DIRECTION ( 'NONE',  ( 0.000000000000000000, 1.000000000000000000, 0.000000000000000000 ) ) ;
#866 = CARTESIAN_POINT ( 'NONE',  ( -59.78434077513685452, 65.02659682051326229, -4.999964630394374332 ) ) ;
#867 = EDGE_CURVE ( 'NONE', #2959, #3279, #2301, .T. ) ;
#868 = VECTOR ( 'NONE', #1588, 1000.000000000000000 ) ;
#869 = CIRCLE ( 'NONE', #2850, 1.199999999999999734 ) ;
#870 = LINE ( 'NONE', #3036, #436 ) ;
#871 = ORIENTED_EDGE ( 'NONE', *, *, #2987, .T. ) ;
#872 = DIRECTION ( 'NONE',  ( -1.000000000000000000, 0.000000000000000000, 0.000000000000000000 ) ) ;
#873 = VERTEX_POINT ( 'NONE', #3385 ) ;
#874 = ORIENTED_EDGE ( 'NONE', *, *, #2566, .T. ) ;
#875 = DIRECTION ( 'NONE',  ( 0.000000000000000000, 0.000000000000000000, 1.000000000000000000 ) ) ;
#876 = ADVANCED_FACE ( 'NONE', ( #382 ), #3366, .F. ) ;
#877 = EDGE_CURVE ( 'NONE', #2643, #2767, #1772, .T. ) ;
#878 = AXIS2_PLACEMENT_3D ( 'NONE', #1212, #2814, #691 ) ;
#879 = ORIENTED_EDGE ( 'NONE', *, *, #2411, .F. ) ;
#880 = CARTESIAN_POINT ( 'NONE',  ( -17.50000000000000000, 63.00000000000000000, -1.479114197289396697E-31 ) ) ;
#881 = DIRECTION ( 'NONE',  ( -0.000000000000000000, -0.000000000000000000, 1.000000000000000000 ) ) ;
#882 = DIRECTION ( 'NONE',  ( 1.000000000000000000, 0.000000000000000000, 0.000000000000000000 ) ) ;
#883 = VECTOR ( 'NONE', #2782, 1000.000000000000000 ) ;
#884 = AXIS2_PLACEMENT_3D ( 'NONE', #2571, #3086, #1469 ) ;
#885 = DIRECTION ( 'NONE',  ( 1.000000000000000000, 1.040834085586084059E-15, -0.000000000000000000 ) ) ;
#886 = ADVANCED_FACE ( 'NONE', ( #3081 ), #957, .F. ) ;
#887 = DIRECTION ( 'NONE',  ( 0.6614378277661477901, -0.7499999999999997780, 2.775557561562891967E-17 ) ) ;
#888 = VECTOR ( 'NONE', #1687, 1000.000000000000000 ) ;
#889 = ORIENTED_EDGE ( 'NONE', *, *, #1441, .F. ) ;
#890 = CARTESIAN_POINT ( 'NONE',  ( 24.67584060691782355, 169.6321501395211726, 3.420435809544713823 ) ) ;
#891 = ORIENTED_EDGE ( 'NONE', *, *, #1276, .F. ) ;
#892 = AXIS2_PLACEMENT_3D ( 'NONE', #1031, #1811, #955 ) ;
#893 = PLANE ( 'NONE',  #432 ) ;
#894 = ADVANCED_FACE ( 'NONE', ( #648 ), #3062, .F. ) ;
#895 = EDGE_LOOP ( 'NONE', ( #3051, #933, #2322, #108 ) ) ;
#896 = FACE_OUTER_BOUND ( 'NONE', #1232, .T. ) ;
#897 = CARTESIAN_POINT ( 'NONE',  ( -16.45751311064591604, -1.803109537846330361E-15, 20.00000000000000000 ) ) ;
#898 = DIRECTION ( 'NONE',  ( -1.000000000000000000, 3.469446951953614189E-16, 0.000000000000000000 ) ) ;
#899 = CARTESIAN_POINT ( 'NONE',  ( 14.99999999999999467, -14.99493517516083152, 11.00000000000000000 ) ) ;
#900 = VECTOR ( 'NONE', #1106, 1000.000000000000000 ) ;
#901 = ORIENTED_EDGE ( 'NONE', *, *, #440, .F. ) ;
#902 = CARTESIAN_POINT ( 'NONE',  ( 24.46115472733051988, 169.0800349408363275, 11.99635838331536952 ) ) ;
#903 = CARTESIAN_POINT ( 'NONE',  ( 15.59999999999999254, 37.00506482483917381, 2.000000000000007550 ) ) ;
#904 = ORIENTED_EDGE ( 'NONE', *, *, #3248, .F. ) ;
#905 = VERTEX_POINT ( 'NONE', #2039 ) ;
#906 = CARTESIAN_POINT ( 'NONE',  ( 2.499999999999994227, 99.20000000000000284, 18.00000000000000355 ) ) ;
#907 = EDGE_CURVE ( 'NONE', #726, #3496, #1732, .T. ) ;
#908 = ADVANCED_FACE ( 'NONE', ( #2544 ), #2000, .F. ) ;
#909 = AXIS2_PLACEMENT_3D ( 'NONE', #3184, #766, #1568 ) ;
#910 = ORIENTED_EDGE ( 'NONE', *, *, #684, .F. ) ;
#911 = CARTESIAN_POINT ( 'NONE',  ( 25.90280624389988517, 170.6289784656927964, 5.857864376268995699 ) ) ;
#912 = ORIENTED_EDGE ( 'NONE', *, *, #777, .F. ) ;
#913 = LINE ( 'NONE', #880, #1258 ) ;
#914 = DIRECTION ( 'NONE',  ( 0.000000000000000000, 1.000000000000000000, 0.000000000000000000 ) ) ;
#915 = CARTESIAN_POINT ( 'NONE',  ( 18.00000000000002842, 60.00000000000005684, 15.00000000000000000 ) ) ;
#916 = CARTESIAN_POINT ( 'NONE',  ( -16.45751311064592670, 166.2203552699077704, 20.00000000000000000 ) ) ;
#917 = EDGE_CURVE ( 'NONE', #67, #233, #976, .T. ) ;
#918 = ORIENTED_EDGE ( 'NONE', *, *, #1001, .F. ) ;
#919 = ORIENTED_EDGE ( 'NONE', *, *, #3315, .T. ) ;
#920 = VECTOR ( 'NONE', #736, 1000.000000000000000 ) ;
#921 = CARTESIAN_POINT ( 'NONE',  ( 0.000000000000000000, 0.000000000000000000, -5.000000000000000000 ) ) ;
#922 = DIRECTION ( 'NONE',  ( -3.346007010100586134E-16, -1.000000000000000000, -0.000000000000000000 ) ) ;
#923 = ORIENTED_EDGE ( 'NONE', *, *, #2369, .F. ) ;
#924 = VERTEX_POINT ( 'NONE', #937 ) ;
#925 = EDGE_CURVE ( 'NONE', #176, #3432, #2233, .T. ) ;
#926 = VERTEX_POINT ( 'NONE', #3344 ) ;
#927 = FACE_OUTER_BOUND ( 'NONE', #3109, .T. ) ;
#928 = CIRCLE ( 'NONE', #1384, 1.199999999999999734 ) ;
#929 = VECTOR ( 'NONE', #1261, 1000.000000000000000 ) ;
#930 = DIRECTION ( 'NONE',  ( -0.000000000000000000, -0.000000000000000000, -1.000000000000000000 ) ) ;
#931 = CARTESIAN_POINT ( 'NONE',  ( -26.10000000000000497, 66.00000000000001421, 14.90000000000000036 ) ) ;
#932 = EDGE_CURVE ( 'NONE', #2974, #2124, #3101, .T. ) ;
#933 = ORIENTED_EDGE ( 'NONE', *, *, #45, .T. ) ;
#934 = FACE_OUTER_BOUND ( 'NONE', #3339, .T. ) ;
#935 = LINE ( 'NONE', #1204, #3006 ) ;
#936 = PLANE ( 'NONE',  #698 ) ;
#937 = CARTESIAN_POINT ( 'NONE',  ( 25.55931032189046448, 75.00000000000001421, 5.000000000000000888 ) ) ;
#938 = DIRECTION ( 'NONE',  ( -1.185495751652216669E-16, -1.000000000000000000, 0.000000000000000000 ) ) ;
#939 = ORIENTED_EDGE ( 'NONE', *, *, #2152, .F. ) ;
#940 = ORIENTED_EDGE ( 'NONE', *, *, #2883, .F. ) ;
#941 = VECTOR ( 'NONE', #3018, 1000.000000000000000 ) ;
#942 = DIRECTION ( 'NONE',  ( 1.000000000000000000, 0.000000000000000000, 0.000000000000000000 ) ) ;
#943 = CARTESIAN_POINT ( 'NONE',  ( -11.10000000000000497, 20.20000000000000284, 11.00000000000000000 ) ) ;
#944 = VERTEX_POINT ( 'NONE', #1244 ) ;
#945 = ORIENTED_EDGE ( 'NONE', *, *, #1703, .T. ) ;
#946 = CIRCLE ( 'NONE', #3039, 10.00000000000000000 ) ;
#947 = ORIENTED_EDGE ( 'NONE', *, *, #1520, .T. ) ;
#948 = EDGE_CURVE ( 'NONE', #2823, #2722, #2261, .T. ) ;
#949 = LINE ( 'NONE', #434, #1065 ) ;
#950 = DIRECTION ( 'NONE',  ( 1.000000000000000000, 0.000000000000000000, 0.000000000000000000 ) ) ;
#951 = DIRECTION ( 'NONE',  ( 0.7499999999999994449, -0.6614378277661482342, 0.000000000000000000 ) ) ;
#952 = ORIENTED_EDGE ( 'NONE', *, *, #659, .F. ) ;
#953 = CARTESIAN_POINT ( 'NONE',  ( -11.24221727378929536, -7.522131809083578702, 15.00000000000000000 ) ) ;
#954 = CARTESIAN_POINT ( 'NONE',  ( 0.000000000000000000, 168.7011190876420983, 0.000000000000000000 ) ) ;
#955 = DIRECTION ( 'NONE',  ( 1.000000000000000000, 0.000000000000000000, 0.000000000000000000 ) ) ;
#956 = AXIS2_PLACEMENT_3D ( 'NONE', #2756, #303, #2207 ) ;
#957 = PLANE ( 'NONE',  #1914 ) ;
#958 =( BOUNDED_CURVE ( )  B_SPLINE_CURVE ( 3, ( #2907, #2111, #1017, #1548 ),
 .UNSPECIFIED., .F., .F. ) 
 B_SPLINE_CURVE_WITH_KNOTS ( ( 4, 4 ),
 ( -8.881784197001252323E-16, 1.369810062861903877 ),
 .UNSPECIFIED. ) 
 CURVE ( )  GEOMETRIC_REPRESENTATION_ITEM ( )  RATIONAL_B_SPLINE_CURVE ( ( 1.000000000000000000, 0.8496527517667821217, 0.8496527517667821217, 1.000000000000000000 ) ) 
 REPRESENTATION_ITEM ( '' )  );
#959 = EDGE_CURVE ( 'NONE', #2282, #1956, #2809, .T. ) ;
#960 = ORIENTED_EDGE ( 'NONE', *, *, #2762, .T. ) ;
#961 = EDGE_LOOP ( 'NONE', ( #3459, #3388, #2013, #3493, #2388, #555, #521, #2003, #2009, #50, #2042, #1375 ) ) ;
#962 = DIRECTION ( 'NONE',  ( 1.000000000000000000, 0.000000000000000000, 0.000000000000000000 ) ) ;
#963 = CARTESIAN_POINT ( 'NONE',  ( -17.49999999999998934, 162.7011190876420983, -1.500000000000000000 ) ) ;
#964 = ORIENTED_EDGE ( 'NONE', *, *, #263, .T. ) ;
#965 = ORIENTED_EDGE ( 'NONE', *, *, #1655, .F. ) ;
#966 = PLANE ( 'NONE',  #94 ) ;
#967 = VECTOR ( 'NONE', #163, 1000.000000000000000 ) ;
#968 = LINE ( 'NONE', #3377, #2488 ) ;
#969 = LINE ( 'NONE', #2012, #2505 ) ;
#970 = ORIENTED_EDGE ( 'NONE', *, *, #3176, .F. ) ;
#971 = LINE ( 'NONE', #161, #2861 ) ;
#972 = VECTOR ( 'NONE', #2681, 1000.000000000000000 ) ;
#973 = FACE_OUTER_BOUND ( 'NONE', #1269, .T. ) ;
#974 = CARTESIAN_POINT ( 'NONE',  ( 23.52858092251139155, 74.56145157584924732, 2.071067811865484831 ) ) ;
#975 = CARTESIAN_POINT ( 'NONE',  ( -15.00000000000000355, -14.99999999999999645, -3.308722450212110699E-21 ) ) ;
#976 = LINE ( 'NONE', #688, #2284 ) ;
#977 = ORIENTED_EDGE ( 'NONE', *, *, #1387, .F. ) ;
#978 = ORIENTED_EDGE ( 'NONE', *, *, #1854, .F. ) ;
#979 = EDGE_CURVE ( 'NONE', #3454, #2246, #928, .T. ) ;
#980 = DIRECTION ( 'NONE',  ( -1.000000000000000000, 0.000000000000000000, 0.000000000000000000 ) ) ;
#981 = DIRECTION ( 'NONE',  ( 1.000000000000000000, -3.346007010100586627E-16, 1.214306433183765213E-16 ) ) ;
#982 = ORIENTED_EDGE ( 'NONE', *, *, #3470, .F. ) ;
#983 = VECTOR ( 'NONE', #758, 1000.000000000000000 ) ;
#984 = LINE ( 'NONE', #1785, #1797 ) ;
#985 = PLANE ( 'NONE',  #623 ) ;
#986 = CARTESIAN_POINT ( 'NONE',  ( -27.40000000000000568, 60.00000000000000711, 0.000000000000000000 ) ) ;
#987 = AXIS2_PLACEMENT_3D ( 'NONE', #2620, #1830, #3444 ) ;
#988 = VERTEX_POINT ( 'NONE', #2829 ) ;
#989 = LINE ( 'NONE', #1502, #3195 ) ;
#990 = DIRECTION ( 'NONE',  ( -0.000000000000000000, -0.000000000000000000, -1.000000000000000000 ) ) ;
#991 = EDGE_CURVE ( 'NONE', #3279, #3353, #633, .T. ) ;
#992 = LINE ( 'NONE', #2073, #3305 ) ;
#993 = FACE_OUTER_BOUND ( 'NONE', #1707, .T. ) ;
#994 = ADVANCED_FACE ( 'NONE', ( #2775 ), #402, .F. ) ;
#995 = ORIENTED_EDGE ( 'NONE', *, *, #182, .T. ) ;
#996 = VERTEX_POINT ( 'NONE', #352 ) ;
#997 = SURFACE_SIDE_STYLE ('',( #3467 ) ) ;
#998 = CARTESIAN_POINT ( 'NONE',  ( -7.942803948862297394E-15, 198.4450477927503869, 11.02850421024334793 ) ) ;
#999 = CARTESIAN_POINT ( 'NONE',  ( 15.60000000000001563, 121.2673150230899068, -2.400000000000003020 ) ) ;
#1000 = ORIENTED_EDGE ( 'NONE', *, *, #3315, .F. ) ;
#1001 = EDGE_CURVE ( 'NONE', #396, #2939, #724, .T. ) ;
#1002 = ADVANCED_FACE ( 'NONE', ( #1583 ), #2393, .F. ) ;
#1003 = ORIENTED_EDGE ( 'NONE', *, *, #440, .T. ) ;
#1004 =( BOUNDED_CURVE ( )  B_SPLINE_CURVE ( 3, ( #3227, #3497, #1343, #2407 ),
 .UNSPECIFIED., .F., .F. ) 
 B_SPLINE_CURVE_WITH_KNOTS ( ( 4, 4 ),
 ( 1.573456011981955616, 3.141592653589793116 ),
 .UNSPECIFIED. ) 
 CURVE ( )  GEOMETRIC_REPRESENTATION_ITEM ( )  RATIONAL_B_SPLINE_CURVE ( ( 1.000000000000000000, 0.8053643309151362617, 0.8053643309151362617, 1.000000000000000000 ) ) 
 REPRESENTATION_ITEM ( '' )  );
#1005 = CARTESIAN_POINT ( 'NONE',  ( -26.45751311064591249, 170.0000000000000000, 5.857864376269051654 ) ) ;
#1006 = VECTOR ( 'NONE', #2370, 1000.000000000000000 ) ;
#1007 = VECTOR ( 'NONE', #1109, 1000.000000000000000 ) ;
#1008 = DIRECTION ( 'NONE',  ( -1.000000000000000000, 0.000000000000000000, 0.000000000000000000 ) ) ;
#1009 = EDGE_CURVE ( 'NONE', #1684, #3264, #2927, .T. ) ;
#1010 = CARTESIAN_POINT ( 'NONE',  ( -20.00000000000000355, 71.70111908764205566, 3.000000000000000000 ) ) ;
#1011 = EDGE_LOOP ( 'NONE', ( #2523, #874, #2494, #3218 ) ) ;
#1012 = AXIS2_PLACEMENT_3D ( 'NONE', #77, #1153, #2227 ) ;
#1013 = LINE ( 'NONE', #3196, #2845 ) ;
#1014 = CARTESIAN_POINT ( 'NONE',  ( 20.00000000000002132, 37.00506482483917381, 11.00000000000000000 ) ) ;
#1015 = LINE ( 'NONE', #180, #929 ) ;
#1016 = CARTESIAN_POINT ( 'NONE',  ( 24.83598015323723374, 74.91490697504080742, 3.674996610679140741 ) ) ;
#1017 = CARTESIAN_POINT ( 'NONE',  ( -19.59747885941465384, 73.80779072209196556, -1.860034251231222902 ) ) ;
#1018 = VERTEX_POINT ( 'NONE', #1280 ) ;
#1019 = ORIENTED_EDGE ( 'NONE', *, *, #846, .T. ) ;
#1020 = CARTESIAN_POINT ( 'NONE',  ( 18.00000000000002842, 63.00000000000000000, 15.00000000000000000 ) ) ;
#1021 = DIRECTION ( 'NONE',  ( -0.000000000000000000, 0.000000000000000000, 1.000000000000000000 ) ) ;
#1022 = ORIENTED_EDGE ( 'NONE', *, *, #959, .T. ) ;
#1023 = LINE ( 'NONE', #2101, #2189 ) ;
#1024 = ORIENTED_EDGE ( 'NONE', *, *, #1591, .F. ) ;
#1025 =( BOUNDED_CURVE ( )  B_SPLINE_CURVE ( 3, ( #10, #798, #1879, #551 ),
 .UNSPECIFIED., .F., .F. ) 
 B_SPLINE_CURVE_WITH_KNOTS ( ( 4, 4 ),
 ( 3.141592653589793116, 4.709729295197634613 ),
 .UNSPECIFIED. ) 
 CURVE ( )  GEOMETRIC_REPRESENTATION_ITEM ( )  RATIONAL_B_SPLINE_CURVE ( ( 1.000000000000000000, 0.8053643309151353735, 0.8053643309151353735, 1.000000000000000000 ) ) 
 REPRESENTATION_ITEM ( '' )  );
#1026 = ADVANCED_FACE ( 'NONE', ( #3199 ), #518, .F. ) ;
#1027 = CARTESIAN_POINT ( 'NONE',  ( 15.60000000000000142, 116.7011190876420699, 145.3413857930792688 ) ) ;
#1028 = VERTEX_POINT ( 'NONE', #1564 ) ;
#1029 = ADVANCED_FACE ( 'NONE', ( #2129 ), #3484, .F. ) ;
#1030 = FACE_OUTER_BOUND ( 'NONE', #1662, .T. ) ;
#1031 = CARTESIAN_POINT ( 'NONE',  ( 24.89999999999999147, 65.99999999999998579, 0.09999999999999592548 ) ) ;
#1032 = LINE ( 'NONE', #2866, #820 ) ;
#1033 = PLANE ( 'NONE',  #482 ) ;
#1034 = ORIENTED_EDGE ( 'NONE', *, *, #520, .F. ) ;
#1035 = ORIENTED_EDGE ( 'NONE', *, *, #2623, .F. ) ;
#1036 = LINE ( 'NONE', #1586, #1094 ) ;
#1037 = CARTESIAN_POINT ( 'NONE',  ( -5.551115123125782702E-14, 184.8814210796309681, 20.00000000000000000 ) ) ;
#1038 = CARTESIAN_POINT ( 'NONE',  ( -15.00000000000000355, -15.00000000000000000, 11.00000000000000000 ) ) ;
#1039 = ORIENTED_EDGE ( 'NONE', *, *, #346, .T. ) ;
#1040 = ADVANCED_FACE ( 'NONE', ( #2376 ), #3463, .F. ) ;
#1041 = DIRECTION ( 'NONE',  ( -3.455753102189216147E-16, -1.000000000000000000, -0.000000000000000000 ) ) ;
#1042 = ADVANCED_FACE ( 'NONE', ( #2621 ), #1033, .F. ) ;
#1043 = EDGE_LOOP ( 'NONE', ( #1019, #2547 ) ) ;
#1044 = CARTESIAN_POINT ( 'NONE',  ( 24.35174463280531754, 169.3695068418699066, 3.003641616684545212 ) ) ;
#1045 = ORIENTED_EDGE ( 'NONE', *, *, #738, .F. ) ;
#1046 = VECTOR ( 'NONE', #3509, 1000.000000000000000 ) ;
#1047 = EDGE_CURVE ( 'NONE', #176, #924, #2349, .T. ) ;
#1048 = AXIS2_PLACEMENT_3D ( 'NONE', #1453, #1194, #2265 ) ;
#1049 = DIRECTION ( 'NONE',  ( 0.6614378277661476790, 0.7499999999999998890, 0.000000000000000000 ) ) ;
#1050 = CARTESIAN_POINT ( 'NONE',  ( -0.000000000000000000, 91.20000000000000284, 20.00000000000000000 ) ) ;
#1051 = DIRECTION ( 'NONE',  ( -3.346007010100586134E-16, -1.000000000000000000, -0.000000000000000000 ) ) ;
#1052 = DIRECTION ( 'NONE',  ( 0.000000000000000000, 1.000000000000000000, -7.228014483236695816E-17 ) ) ;
#1053 = AXIS2_PLACEMENT_3D ( 'NONE', #2946, #1601, #3160 ) ;
#1054 = EDGE_LOOP ( 'NONE', ( #1590, #2358, #1145, #426 ) ) ;
#1055 = ORIENTED_EDGE ( 'NONE', *, *, #979, .T. ) ;
#1056 = CARTESIAN_POINT ( 'NONE',  ( 50.00000000000000711, 59.99999999999998579, 20.00000000000000000 ) ) ;
#1057 = CYLINDRICAL_SURFACE ( 'NONE', #1083, 1.199999999999999734 ) ;
#1058 = DIRECTION ( 'NONE',  ( 2.062256389565987867E-48, -7.126648915752194215E-64, 1.000000000000000000 ) ) ;
#1059 = ORIENTED_EDGE ( 'NONE', *, *, #2874, .F. ) ;
#1060 = LINE ( 'NONE', #3474, #2135 ) ;
#1061 = CIRCLE ( 'NONE', #712, 1.199999999999999734 ) ;
#1062 = ORIENTED_EDGE ( 'NONE', *, *, #1497, .T. ) ;
#1063 = EDGE_CURVE ( 'NONE', #1737, #2939, #1219, .T. ) ;
#1064 = CARTESIAN_POINT ( 'NONE',  ( -15.59999999999999787, 162.7011190876420983, -1.500000000000001332 ) ) ;
#1065 = VECTOR ( 'NONE', #172, 1000.000000000000000 ) ;
#1066 = VERTEX_POINT ( 'NONE', #2678 ) ;
#1067 = VECTOR ( 'NONE', #3411, 1000.000000000000000 ) ;
#1068 = CARTESIAN_POINT ( 'NONE',  ( 11.89999999999999325, 56.99999999999999289, 11.00000000000000000 ) ) ;
#1069 = CARTESIAN_POINT ( 'NONE',  ( 63.69554477766123313, 70.87209465470370162, -4.984417409733840287 ) ) ;
#1070 = DIRECTION ( 'NONE',  ( -3.346007010100586627E-16, -1.000000000000000000, 0.000000000000000000 ) ) ;
#1071 = ORIENTED_EDGE ( 'NONE', *, *, #2099, .T. ) ;
#1072 = EDGE_LOOP ( 'NONE', ( #2251, #313, #740, #919 ) ) ;
#1073 = CARTESIAN_POINT ( 'NONE',  ( 26.00677561912520375, 75.00000000000001421, 10.00000000000000000 ) ) ;
#1074 = FACE_OUTER_BOUND ( 'NONE', #2947, .T. ) ;
#1075 = CARTESIAN_POINT ( 'NONE',  ( -25.96288313285343108, 169.8130474411090916, 4.794268070985916452 ) ) ;
#1076 = EDGE_CURVE ( 'NONE', #291, #3392, #254, .T. ) ;
#1077 = CARTESIAN_POINT ( 'NONE',  ( -12.30000000000000604, 56.99999999999999289, 13.00000000000000178 ) ) ;
#1078 = VECTOR ( 'NONE', #1524, 1000.000000000000000 ) ;
#1079 = FACE_OUTER_BOUND ( 'NONE', #1405, .T. ) ;
#1080 = ORIENTED_EDGE ( 'NONE', *, *, #1428, .T. ) ;
#1081 = PLANE ( 'NONE',  #1289 ) ;
#1082 = VERTEX_POINT ( 'NONE', #3501 ) ;
#1083 = AXIS2_PLACEMENT_3D ( 'NONE', #1368, #28, #804 ) ;
#1084 = CARTESIAN_POINT ( 'NONE',  ( -15.60000000000001386, -14.99493517516083152, 11.00000000000000000 ) ) ;
#1085 = DIRECTION ( 'NONE',  ( -1.000000000000000000, 0.000000000000000000, 0.000000000000000000 ) ) ;
#1086 = PLANE ( 'NONE',  #956 ) ;
#1087 = AXIS2_PLACEMENT_3D ( 'NONE', #2859, #1272, #1253 ) ;
#1088 = EDGE_CURVE ( 'NONE', #2368, #2282, #3180, .T. ) ;
#1089 = ORIENTED_EDGE ( 'NONE', *, *, #2996, .F. ) ;
#1090 = DIRECTION ( 'NONE',  ( -0.000000000000000000, -0.000000000000000000, 1.000000000000000000 ) ) ;
#1091 = CARTESIAN_POINT ( 'NONE',  ( 20.00000000000001776, 63.00000000000000000, -1.479114197289397573E-31 ) ) ;
#1092 = CARTESIAN_POINT ( 'NONE',  ( 59.76708378345779238, 65.01773123196730353, -4.999988210124508115 ) ) ;
#1093 = CARTESIAN_POINT ( 'NONE',  ( 50.00000000000000000, 60.00000000000001421, 20.00000000000000000 ) ) ;
#1094 = VECTOR ( 'NONE', #2269, 1000.000000000000000 ) ;
#1095 = EDGE_CURVE ( 'NONE', #2643, #708, #706, .T. ) ;
#1096 = DIRECTION ( 'NONE',  ( 0.8894855250124432677, 0.4569633473193863149, -0.000000000000000000 ) ) ;
#1097 = ORIENTED_EDGE ( 'NONE', *, *, #3433, .T. ) ;
#1098 = CARTESIAN_POINT ( 'NONE',  ( -15.60000000000001208, 1.849373372577459532E-15, 0.000000000000000000 ) ) ;
#1099 = EDGE_LOOP ( 'NONE', ( #2240, #465, #249, #145 ) ) ;
#1100 = VECTOR ( 'NONE', #3441, 1000.000000000000000 ) ;
#1101 = CARTESIAN_POINT ( 'NONE',  ( 15.59999999999999254, 37.00506482483918091, 11.00000000000000000 ) ) ;
#1102 = DIRECTION ( 'NONE',  ( 0.000000000000000000, -0.000000000000000000, -1.000000000000000000 ) ) ;
#1103 = EDGE_CURVE ( 'NONE', #291, #3122, #181, .T. ) ;
#1104 = ORIENTED_EDGE ( 'NONE', *, *, #263, .F. ) ;
#1105 = CARTESIAN_POINT ( 'NONE',  ( 25.57351462126068853, 75.00000000000001421, 10.73566283914355601 ) ) ;
#1106 = DIRECTION ( 'NONE',  ( -1.000000000000000000, 1.185495751652216669E-16, -0.000000000000000000 ) ) ;
#1107 = DIRECTION ( 'NONE',  ( 0.000000000000000000, 0.000000000000000000, 1.000000000000000000 ) ) ;
#1108 = AXIS2_PLACEMENT_3D ( 'NONE', #318, #566, #38 ) ;
#1109 = DIRECTION ( 'NONE',  ( 1.000000000000000000, -0.000000000000000000, -0.000000000000000000 ) ) ;
#1110 = ADVANCED_FACE ( 'NONE', ( #993 ), #2074, .F. ) ;
#1111 = ORIENTED_EDGE ( 'NONE', *, *, #3433, .F. ) ;
#1112 = CARTESIAN_POINT ( 'NONE',  ( -12.30000000000000604, 20.20000000000000284, 13.00000000000000178 ) ) ;
#1113 = EDGE_LOOP ( 'NONE', ( #1909, #151, #386, #1111 ) ) ;
#1114 = ADVANCED_FACE ( 'NONE', ( #2906 ), #55, .F. ) ;
#1115 = DIRECTION ( 'NONE',  ( 1.000000000000000000, -1.577021341797098300E-16, 0.000000000000000000 ) ) ;
#1116 = CARTESIAN_POINT ( 'NONE',  ( 0.000000000000000000, 91.20000000000000284, 18.00000000000000355 ) ) ;
#1117 = VECTOR ( 'NONE', #622, 1000.000000000000000 ) ;
#1118 = VERTEX_POINT ( 'NONE', #2727 ) ;
#1119 = DIRECTION ( 'NONE',  ( 1.000000000000000000, 0.000000000000000000, 0.000000000000000000 ) ) ;
#1120 = LINE ( 'NONE', #2195, #1250 ) ;
#1121 = LINE ( 'NONE', #3016, #3094 ) ;
#1122 = VERTEX_POINT ( 'NONE', #580 ) ;
#1123 = DIRECTION ( 'NONE',  ( 0.000000000000000000, 0.000000000000000000, -1.000000000000000000 ) ) ;
#1124 = VECTOR ( 'NONE', #1682, 1000.000000000000000 ) ;
#1125 = ORIENTED_EDGE ( 'NONE', *, *, #16, .F. ) ;
#1126 = EDGE_CURVE ( 'NONE', #2266, #502, #2162, .T. ) ;
#1127 = VERTEX_POINT ( 'NONE', #1379 ) ;
#1128 = ADVANCED_FACE ( 'NONE', ( #319 ), #2192, .T. ) ;
#1129 = ORIENTED_EDGE ( 'NONE', *, *, #3306, .T. ) ;
#1130 = DIRECTION ( 'NONE',  ( -1.000000000000000000, 0.000000000000000000, -0.000000000000000000 ) ) ;
#1131 = FACE_BOUND ( 'NONE', #2506, .T. ) ;
#1132 = ADVANCED_FACE ( 'NONE', ( #334, #552, #1131, #2962, #1943 ), #3276, .T. ) ;
#1133 = VERTEX_POINT ( 'NONE', #567 ) ;
#1134 = DIRECTION ( 'NONE',  ( -1.000000000000000000, 0.000000000000000000, 0.000000000000000000 ) ) ;
#1135 = PLANE ( 'NONE',  #2687 ) ;
#1136 = VECTOR ( 'NONE', #3171, 1000.000000000000000 ) ;
#1137 = DIRECTION ( 'NONE',  ( 1.000000000000000000, 0.000000000000000000, 0.000000000000000000 ) ) ;
#1138 = CARTESIAN_POINT ( 'NONE',  ( 15.59999999999998721, -1.849373372577456376E-15, 0.000000000000000000 ) ) ;
#1139 = CARTESIAN_POINT ( 'NONE',  ( -17.99999999999997513, 63.00000000000000000, 2.000000000000000000 ) ) ;
#1140 = ORIENTED_EDGE ( 'NONE', *, *, #1635, .F. ) ;
#1141 = DIRECTION ( 'NONE',  ( -1.000000000000000000, 0.000000000000000000, 0.000000000000000000 ) ) ;
#1142 = EDGE_CURVE ( 'NONE', #1143, #2308, #1619, .T. ) ;
#1143 = VERTEX_POINT ( 'NONE', #1637 ) ;
#1144 = ADVANCED_FACE ( 'NONE', ( #1413 ), #1086, .T. ) ;
#1145 = ORIENTED_EDGE ( 'NONE', *, *, #101, .T. ) ;
#1146 = ORIENTED_EDGE ( 'NONE', *, *, #304, .F. ) ;
#1147 = CARTESIAN_POINT ( 'NONE',  ( 15.59999999999999076, 25.00506482483916315, 11.00000000000000000 ) ) ;
#1148 = EDGE_CURVE ( 'NONE', #1776, #1133, #2980, .T. ) ;
#1149 = VECTOR ( 'NONE', #215, 1000.000000000000000 ) ;
#1150 = EDGE_LOOP ( 'NONE', ( #1916, #2591, #183, #184 ) ) ;
#1151 = CARTESIAN_POINT ( 'NONE',  ( -10.00000000000000533, 79.20000000000000284, 13.00000000000000000 ) ) ;
#1152 = DIRECTION ( 'NONE',  ( 1.000000000000000000, -0.000000000000000000, 0.000000000000000000 ) ) ;
#1153 = DIRECTION ( 'NONE',  ( -0.000000000000000000, -0.000000000000000000, 1.000000000000000000 ) ) ;
#1154 = CARTESIAN_POINT ( 'NONE',  ( 10.59999999999998721, 84.20000000000001705, 18.00000000000000355 ) ) ;
#1155 =( BOUNDED_CURVE ( )  B_SPLINE_CURVE ( 3, ( #3067, #449, #1531, #654 ),
 .UNSPECIFIED., .F., .F. ) 
 B_SPLINE_CURVE_WITH_KNOTS ( ( 4, 4 ),
 ( 4.709729295197631060, 4.712388980384689674 ),
 .UNSPECIFIED. ) 
 CURVE ( )  GEOMETRIC_REPRESENTATION_ITEM ( )  RATIONAL_B_SPLINE_CURVE ( ( 1.000000000000000000, 0.9999994105063123584, 0.9999994105063123584, 1.000000000000000000 ) ) 
 REPRESENTATION_ITEM ( '' )  );
#1156 = AXIS2_PLACEMENT_3D ( 'NONE', #1999, #881, #1168 ) ;
#1157 = VECTOR ( 'NONE', #2413, 1000.000000000000000 ) ;
#1158 = DIRECTION ( 'NONE',  ( -1.185495751652216669E-16, -1.000000000000000000, 0.000000000000000000 ) ) ;
#1159 = EDGE_LOOP ( 'NONE', ( #1479, #3004, #2205, #2856 ) ) ;
#1160 = CARTESIAN_POINT ( 'NONE',  ( 25.90280624389988517, 170.6289784656927964, 5.857864376268995699 ) ) ;
#1161 = CLOSED_SHELL ( 'NONE', ( #2531, #41, #196, #364, #2143, #670, #1729, #894, #2239, #2064, #1581, #2330, #1781, #886, #1340, #1409, #1040, #250, #1991, #550, #994, #3396, #638, #2104, #1547, #618, #137, #1362, #2248, #1754, #1305, #8, #1110, #2671, #1144, #1420, #3294, #1514, #862, #1114, #2503, #3090, #152, #797, #1002, #2904, #1175, #2426, #876, #454, #1029, #3406, #2826, #110, #1132, #3255, #2130, #109, #1494, #1042, #2810, #1128, #530, #3347, #1962, #1928, #2341, #3278, #3336, #663, #363, #3256, #3360, #694, #7, #1773, #2127, #1288, #3097, #403, #2504, #2474, #2725, #2615, #826, #2956, #1883, #1595, #2686, #2803, #3420, #3477, #836, #51, #1026, #2015, #2858, #607, #2665, #1673, #369, #2031, #908, #1189, #2354, #588, #621, #1472, #15, #1402, #2270, #3194 ) ) ;
#1162 = EDGE_CURVE ( 'NONE', #3017, #391, #814, .T. ) ;
#1163 = VERTEX_POINT ( 'NONE', #860 ) ;
#1164 = PLANE ( 'NONE',  #3277 ) ;
#1165 = AXIS2_PLACEMENT_3D ( 'NONE', #1247, #3106, #2548 ) ;
#1166 = EDGE_LOOP ( 'NONE', ( #2048, #2672, #277, #2633, #2100, #1000, #910, #365, #672, #2442, #1180, #3183, #2059, #3322, #2675, #1444 ) ) ;
#1167 = DIRECTION ( 'NONE',  ( 0.000000000000000000, -8.673617379884035472E-16, -1.000000000000000000 ) ) ;
#1168 = DIRECTION ( 'NONE',  ( -1.000000000000000000, 0.000000000000000000, 0.000000000000000000 ) ) ;
#1169 = DIRECTION ( 'NONE',  ( -0.000000000000000000, -1.000000000000000000, -0.000000000000000000 ) ) ;
#1170 = VECTOR ( 'NONE', #2612, 1000.000000000000000 ) ;
#1171 = CIRCLE ( 'NONE', #2362, 1.199999999999999734 ) ;
#1172 = PLANE ( 'NONE',  #3356 ) ;
#1173 = EDGE_CURVE ( 'NONE', #1684, #1851, #289, .T. ) ;
#1174 = EDGE_LOOP ( 'NONE', ( #2113, #34 ) ) ;
#1175 = ADVANCED_FACE ( 'NONE', ( #3247 ), #2446, .F. ) ;
#1176 = CARTESIAN_POINT ( 'NONE',  ( -20.52790531377943495, 121.7011190876420557, 11.00000000000000000 ) ) ;
#1177 = FACE_OUTER_BOUND ( 'NONE', #2332, .T. ) ;
#1178 = CIRCLE ( 'NONE', #559, 10.00000000000000000 ) ;
#1179 = ORIENTED_EDGE ( 'NONE', *, *, #3027, .T. ) ;
#1180 = ORIENTED_EDGE ( 'NONE', *, *, #217, .F. ) ;
#1181 = FACE_OUTER_BOUND ( 'NONE', #2817, .T. ) ;
#1182 = ORIENTED_EDGE ( 'NONE', *, *, #488, .F. ) ;
#1183 = CARTESIAN_POINT ( 'NONE',  ( 26.28140416096750798, 170.1996887790722326, 6.946680748883312440 ) ) ;
#1184 = EDGE_CURVE ( 'NONE', #756, #1684, #39, .T. ) ;
#1185 = ORIENTED_EDGE ( 'NONE', *, *, #2833, .T. ) ;
#1186 = LINE ( 'NONE', #2210, #1881 ) ;
#1187 = CARTESIAN_POINT ( 'NONE',  ( 0.000000000000000000, 0.000000000000000000, 18.00000000000000355 ) ) ;
#1188 = DIRECTION ( 'NONE',  ( -3.346007010100586134E-16, -1.000000000000000000, -0.000000000000000000 ) ) ;
#1189 = ADVANCED_FACE ( 'NONE', ( #25 ), #1927, .F. ) ;
#1190 = LINE ( 'NONE', #3367, #636 ) ;
#1191 = AXIS2_PLACEMENT_3D ( 'NONE', #833, #2700, #1354 ) ;
#1192 = ORIENTED_EDGE ( 'NONE', *, *, #739, .T. ) ;
#1193 = DIRECTION ( 'NONE',  ( -0.000000000000000000, -0.000000000000000000, -1.000000000000000000 ) ) ;
#1194 = DIRECTION ( 'NONE',  ( 0.000000000000000000, 0.000000000000000000, -1.000000000000000000 ) ) ;
#1195 = ORIENTED_EDGE ( 'NONE', *, *, #3035, .T. ) ;
#1196 = ORIENTED_EDGE ( 'NONE', *, *, #2072, .T. ) ;
#1197 = EDGE_CURVE ( 'NONE', #2697, #96, #3008, .T. ) ;
#1198 = DIRECTION ( 'NONE',  ( 0.8894855250124434898, -0.4569633473193858153, -0.000000000000000000 ) ) ;
#1199 = CARTESIAN_POINT ( 'NONE',  ( -10.00000000000000533, 79.20000000000000284, 11.00000000000000000 ) ) ;
#1200 = CARTESIAN_POINT ( 'NONE',  ( 10.69999999999999396, 56.99999999999999289, 13.00000000000000178 ) ) ;
#1201 = CARTESIAN_POINT ( 'NONE',  ( 24.13341001896529647, 169.0663628390535393, 12.32410309168058582 ) ) ;
#1202 = ORIENTED_EDGE ( 'NONE', *, *, #3190, .F. ) ;
#1203 = CARTESIAN_POINT ( 'NONE',  ( 26.45751311064592670, 75.00000000000001421, 9.142135623730975880 ) ) ;
#1204 = CARTESIAN_POINT ( 'NONE',  ( 34.42220510185597959, 37.00506482483916670, 2.000000000000007994 ) ) ;
#1205 = PLANE ( 'NONE',  #2563 ) ;
#1206 = CARTESIAN_POINT ( 'NONE',  ( 16.45751311064585920, 65.00000000000000000, -5.000000000000000000 ) ) ;
#1207 = CARTESIAN_POINT ( 'NONE',  ( 0.000000000000000000, 71.70111908764206987, 0.000000000000000000 ) ) ;
#1208 = EDGE_CURVE ( 'NONE', #1229, #1515, #1880, .T. ) ;
#1209 = ORIENTED_EDGE ( 'NONE', *, *, #1915, .F. ) ;
#1210 = ORIENTED_EDGE ( 'NONE', *, *, #301, .F. ) ;
#1211 = VECTOR ( 'NONE', #2777, 1000.000000000000000 ) ;
#1212 = CARTESIAN_POINT ( 'NONE',  ( 9.999999999999994671, 79.20000000000000284, 13.00000000000000000 ) ) ;
#1213 = LINE ( 'NONE', #1268, #2804 ) ;
#1214 = ORIENTED_EDGE ( 'NONE', *, *, #1512, .F. ) ;
#1215 = ORIENTED_EDGE ( 'NONE', *, *, #488, .T. ) ;
#1216 = EDGE_LOOP ( 'NONE', ( #2371, #452, #2532, #1414 ) ) ;
#1217 = CARTESIAN_POINT ( 'NONE',  ( -19.99999999999997158, -19.99999999999999645, 1.999999999999999556 ) ) ;
#1218 = EDGE_CURVE ( 'NONE', #3407, #988, #2483, .T. ) ;
#1219 = CIRCLE ( 'NONE', #1053, 1.199999999999999734 ) ;
#1220 = DIRECTION ( 'NONE',  ( 1.000000000000000000, 0.000000000000000000, 0.000000000000000000 ) ) ;
#1221 = B_SPLINE_CURVE_WITH_KNOTS ( 'NONE', 3,
 ( #2153, #1589, #769, #1625 ),
 .UNSPECIFIED., .F., .F.,
 ( 4, 4 ),
 ( 1.734723475976807094E-18, 0.002532767612386070677 ),
 .UNSPECIFIED. ) ;
#1222 = DIRECTION ( 'NONE',  ( 1.040834085586084059E-15, -1.000000000000000000, 0.000000000000000000 ) ) ;
#1223 = VERTEX_POINT ( 'NONE', #2507 ) ;
#1224 = EDGE_CURVE ( 'NONE', #2246, #3407, #1728, .T. ) ;
#1225 = DIRECTION ( 'NONE',  ( -0.000000000000000000, -0.000000000000000000, -1.000000000000000000 ) ) ;
#1226 = DIRECTION ( 'NONE',  ( -0.000000000000000000, -0.000000000000000000, 1.000000000000000000 ) ) ;
#1227 = LINE ( 'NONE', #2300, #3050 ) ;
#1228 = ORIENTED_EDGE ( 'NONE', *, *, #1009, .F. ) ;
#1229 = VERTEX_POINT ( 'NONE', #3340 ) ;
#1230 = CARTESIAN_POINT ( 'NONE',  ( -66.45751311064590539, 75.00000000000002842, 10.00000000000000000 ) ) ;
#1231 = LINE ( 'NONE', #2836, #496 ) ;
#1232 = EDGE_LOOP ( 'NONE', ( #1408, #1323, #1872, #515 ) ) ;
#1233 = VERTEX_POINT ( 'NONE', #665 ) ;
#1234 = ORIENTED_EDGE ( 'NONE', *, *, #991, .T. ) ;
#1235 = CARTESIAN_POINT ( 'NONE',  ( -25.43341579727886526, 75.00000000000001421, 10.27663662832664926 ) ) ;
#1236 = LINE ( 'NONE', #680, #1417 ) ;
#1237 = CARTESIAN_POINT ( 'NONE',  ( 18.00000000000002842, 37.00506482483917381, 2.000000000000000000 ) ) ;
#1238 = ORIENTED_EDGE ( 'NONE', *, *, #2198, .T. ) ;
#1239 = LINE ( 'NONE', #3400, #3034 ) ;
#1240 = EDGE_CURVE ( 'NONE', #2275, #873, #683, .T. ) ;
#1241 = CARTESIAN_POINT ( 'NONE',  ( 0.000000000000000000, 168.7011190876420983, 3.000000000000000000 ) ) ;
#1242 = FACE_OUTER_BOUND ( 'NONE', #3242, .T. ) ;
#1243 = FACE_OUTER_BOUND ( 'NONE', #74, .T. ) ;
#1244 = CARTESIAN_POINT ( 'NONE',  ( 59.73256969328396337, 65.00000000000004263, -5.000000000000000000 ) ) ;
#1245 = VERTEX_POINT ( 'NONE', #1459 ) ;
#1246 = ORIENTED_EDGE ( 'NONE', *, *, #1173, .F. ) ;
#1247 = CARTESIAN_POINT ( 'NONE',  ( 24.89999999999999147, 62.99999999999998579, 0.09999999999999592548 ) ) ;
#1248 = FACE_OUTER_BOUND ( 'NONE', #1539, .T. ) ;
#1249 = VERTEX_POINT ( 'NONE', #1749 ) ;
#1250 = VECTOR ( 'NONE', #2682, 1000.000000000000000 ) ;
#1251 = CARTESIAN_POINT ( 'NONE',  ( -10.60000000000000853, 84.20000000000001705, 11.00000000000000000 ) ) ;
#1252 = AXIS2_PLACEMENT_3D ( 'NONE', #2293, #1745, #950 ) ;
#1253 = DIRECTION ( 'NONE',  ( -1.000000000000000000, 0.000000000000000000, -0.000000000000000000 ) ) ;
#1254 = EDGE_CURVE ( 'NONE', #1674, #569, #72, .T. ) ;
#1255 = DIRECTION ( 'NONE',  ( -0.7499999999999994449, 0.6614378277661482342, 0.000000000000000000 ) ) ;
#1256 = EDGE_CURVE ( 'NONE', #1229, #1692, #2256, .T. ) ;
#1257 = VERTEX_POINT ( 'NONE', #2824 ) ;
#1258 = VECTOR ( 'NONE', #1698, 1000.000000000000000 ) ;
#1259 = CARTESIAN_POINT ( 'NONE',  ( -15.60000000000000497, 63.00000000000000000, 3.217119967722946165E-47 ) ) ;
#1260 = CARTESIAN_POINT ( 'NONE',  ( -10.00000000000000533, 79.20000000000000284, 11.00000000000000000 ) ) ;
#1261 = DIRECTION ( 'NONE',  ( -0.000000000000000000, -0.000000000000000000, -1.000000000000000000 ) ) ;
#1262 = DIRECTION ( 'NONE',  ( -0.000000000000000000, -0.000000000000000000, -1.000000000000000000 ) ) ;
#1263 = EDGE_CURVE ( 'NONE', #2124, #1534, #140, .T. ) ;
#1264 = EDGE_LOOP ( 'NONE', ( #1724, #2339 ) ) ;
#1265 = ORIENTED_EDGE ( 'NONE', *, *, #3070, .F. ) ;
#1266 = DIRECTION ( 'NONE',  ( -0.000000000000000000, -1.000000000000000000, -0.000000000000000000 ) ) ;
#1267 = LINE ( 'NONE', #787, #256 ) ;
#1268 = CARTESIAN_POINT ( 'NONE',  ( 2.123068260032543196E-14, 63.00000000000000000, 15.00000000000000000 ) ) ;
#1269 = EDGE_LOOP ( 'NONE', ( #1937, #1807, #336, #26 ) ) ;
#1270 = VECTOR ( 'NONE', #2352, 1000.000000000000000 ) ;
#1271 = FACE_OUTER_BOUND ( 'NONE', #2611, .T. ) ;
#1272 = DIRECTION ( 'NONE',  ( 0.000000000000000000, 0.000000000000000000, -1.000000000000000000 ) ) ;
#1273 = CARTESIAN_POINT ( 'NONE',  ( -7.806255641895628138E-14, 74.99999999999998579, 5.000000000000000888 ) ) ;
#1274 = AXIS2_PLACEMENT_3D ( 'NONE', #3186, #1836, #750 ) ;
#1275 = ORIENTED_EDGE ( 'NONE', *, *, #1256, .F. ) ;
#1276 = EDGE_CURVE ( 'NONE', #502, #2263, #348, .T. ) ;
#1277 = DIRECTION ( 'NONE',  ( 0.000000000000000000, -0.000000000000000000, -1.000000000000000000 ) ) ;
#1278 = LINE ( 'NONE', #2903, #2253 ) ;
#1279 = DIRECTION ( 'NONE',  ( 0.000000000000000000, -0.000000000000000000, -1.000000000000000000 ) ) ;
#1280 = CARTESIAN_POINT ( 'NONE',  ( 18.00000000000002842, 63.00000000000000000, 2.000000000000000000 ) ) ;
#1281 = ORIENTED_EDGE ( 'NONE', *, *, #1693, .F. ) ;
#1282 = ORIENTED_EDGE ( 'NONE', *, *, #2833, .F. ) ;
#1283 = LINE ( 'NONE', #3428, #2898 ) ;
#1284 = CARTESIAN_POINT ( 'NONE',  ( -26.45751311064591249, 170.0000000000000000, 5.857864376269051654 ) ) ;
#1285 = EDGE_CURVE ( 'NONE', #1521, #298, #1593, .T. ) ;
#1286 = ORIENTED_EDGE ( 'NONE', *, *, #3148, .F. ) ;
#1287 = LINE ( 'NONE', #2366, #1799 ) ;
#1288 = ADVANCED_FACE ( 'NONE', ( #3096 ), #2297, .T. ) ;
#1289 = AXIS2_PLACEMENT_3D ( 'NONE', #1027, #4, #1612 ) ;
#1290 = AXIS2_PLACEMENT_3D ( 'NONE', #2403, #472, #1555 ) ;
#1291 = ORIENTED_EDGE ( 'NONE', *, *, #2034, .F. ) ;
#1292 = CARTESIAN_POINT ( 'NONE',  ( 11.89999999999999325, 20.20000000000000284, 13.00000000000000178 ) ) ;
#1293 = ORIENTED_EDGE ( 'NONE', *, *, #3027, .F. ) ;
#1294 = CARTESIAN_POINT ( 'NONE',  ( 15.59999999999998543, -14.99493517516083152, 0.000000000000000000 ) ) ;
#1295 = CARTESIAN_POINT ( 'NONE',  ( -24.90000000000000568, 66.00000000000001421, 0.09999999999999722999 ) ) ;
#1296 = PLANE ( 'NONE',  #987 ) ;
#1297 = CARTESIAN_POINT ( 'NONE',  ( 11.89999999999999325, 56.99999999999999289, 13.00000000000000178 ) ) ;
#1298 = VERTEX_POINT ( 'NONE', #2276 ) ;
#1299 = EDGE_LOOP ( 'NONE', ( #879, #1997, #2069, #3175 ) ) ;
#1300 = AXIS2_PLACEMENT_3D ( 'NONE', #612, #3075, #3380 ) ;
#1301 = CARTESIAN_POINT ( 'NONE',  ( -24.46115472733038843, 169.2454474557126218, 3.003641616684461724 ) ) ;
#1302 = LINE ( 'NONE', #242, #3021 ) ;
#1303 = VERTEX_POINT ( 'NONE', #1203 ) ;
#1304 = LINE ( 'NONE', #2670, #2080 ) ;
#1305 = ADVANCED_FACE ( 'NONE', ( #2785 ), #1164, .F. ) ;
#1306 = ORIENTED_EDGE ( 'NONE', *, *, #1370, .T. ) ;
#1307 = CARTESIAN_POINT ( 'NONE',  ( -23.52858092251139865, 75.00000000000001421, 12.92893218813448364 ) ) ;
#1308 = PRODUCT_RELATED_PRODUCT_CATEGORY ( 'part', '', ( #513 ) ) ;
#1309 = ORIENTED_EDGE ( 'NONE', *, *, #585, .T. ) ;
#1310 = DIRECTION ( 'NONE',  ( -0.6614378277661476790, -0.7500000000000000000, 2.775557561562891967E-17 ) ) ;
#1311 = DIRECTION ( 'NONE',  ( -0.000000000000000000, -0.000000000000000000, 1.000000000000000000 ) ) ;
#1312 = DIRECTION ( 'NONE',  ( 0.000000000000000000, -1.000000000000000000, 0.000000000000000000 ) ) ;
#1313 = CARTESIAN_POINT ( 'NONE',  ( 10.69999999999999396, 20.20000000000000284, 13.00000000000000178 ) ) ;
#1314 = VECTOR ( 'NONE', #1461, 1000.000000000000000 ) ;
#1315 = EDGE_LOOP ( 'NONE', ( #1788, #594, #221, #3408 ) ) ;
#1316 = ORIENTED_EDGE ( 'NONE', *, *, #2172, .F. ) ;
#1317 = DIRECTION ( 'NONE',  ( 0.000000000000000000, 0.000000000000000000, -1.000000000000000000 ) ) ;
#1318 = DIRECTION ( 'NONE',  ( 1.000000000000000000, 0.000000000000000000, 0.000000000000000000 ) ) ;
#1319 = DIRECTION ( 'NONE',  ( 3.469446951953616161E-16, 1.000000000000000000, 0.000000000000000000 ) ) ;
#1320 = EDGE_CURVE ( 'NONE', #1690, #65, #2036, .T. ) ;
#1321 = ORIENTED_EDGE ( 'NONE', *, *, #2536, .T. ) ;
#1322 = DIRECTION ( 'NONE',  ( -1.095614826932720471E-16, 1.000000000000000000, 0.000000000000000000 ) ) ;
#1323 = ORIENTED_EDGE ( 'NONE', *, *, #1983, .T. ) ;
#1324 = VECTOR ( 'NONE', #2584, 1000.000000000000000 ) ;
#1325 = DIRECTION ( 'NONE',  ( 0.000000000000000000, 0.000000000000000000, -1.000000000000000000 ) ) ;
#1326 = ORIENTED_EDGE ( 'NONE', *, *, #508, .F. ) ;
#1327 = AXIS2_PLACEMENT_3D ( 'NONE', #1870, #2666, #768 ) ;
#1328 = VECTOR ( 'NONE', #2056, 1000.000000000000000 ) ;
#1329 = EDGE_CURVE ( 'NONE', #746, #3465, #419, .T. ) ;
#1330 = DIRECTION ( 'NONE',  ( -0.01055751784968288198, 0.9999442678553909225, 0.000000000000000000 ) ) ;
#1331 = CARTESIAN_POINT ( 'NONE',  ( 27.39999999999999503, 59.99999999999999289, -2.400000000000003020 ) ) ;
#1332 = DIRECTION ( 'NONE',  ( 1.000000000000000000, -2.312964634635743450E-16, 0.000000000000000000 ) ) ;
#1333 = VERTEX_POINT ( 'NONE', #2542 ) ;
#1334 = VERTEX_POINT ( 'NONE', #1147 ) ;
#1335 = CARTESIAN_POINT ( 'NONE',  ( 0.000000000000000000, 112.5365171789060099, 67.85165608604643239 ) ) ;
#1336 = LINE ( 'NONE', #3343, #457 ) ;
#1337 = CARTESIAN_POINT ( 'NONE',  ( 18.00000000000002842, -19.99999999999999645, 13.00000000000000000 ) ) ;
#1338 = DIRECTION ( 'NONE',  ( -0.000000000000000000, -0.000000000000000000, -1.000000000000000000 ) ) ;
#1339 = LINE ( 'NONE', #3225, #3268 ) ;
#1340 = ADVANCED_FACE ( 'NONE', ( #2221, #1427 ), #120, .T. ) ;
#1341 = VECTOR ( 'NONE', #980, 1000.000000000000000 ) ;
#1342 = ORIENTED_EDGE ( 'NONE', *, *, #1535, .F. ) ;
#1343 = CARTESIAN_POINT ( 'NONE',  ( -66.45751311064591960, 75.00000000000001421, 15.84551850955886643 ) ) ;
#1344 = VECTOR ( 'NONE', #2443, 1000.000000000000000 ) ;
#1345 = VERTEX_POINT ( 'NONE', #1695 ) ;
#1346 = VECTOR ( 'NONE', #2424, 1000.000000000000114 ) ;
#1347 = CARTESIAN_POINT ( 'NONE',  ( 15.60000000000000497, 152.0564581469694474, -1.500000000000000444 ) ) ;
#1348 = DIRECTION ( 'NONE',  ( -0.000000000000000000, -0.000000000000000000, 1.000000000000000000 ) ) ;
#1349 = CARTESIAN_POINT ( 'NONE',  ( -17.99999999999997513, 60.00000000000005684, 2.000000000000000000 ) ) ;
#1350 = AXIS2_PLACEMENT_3D ( 'NONE', #368, #3120, #1463 ) ;
#1351 = EDGE_CURVE ( 'NONE', #344, #1572, #2237, .T. ) ;
#1352 = EDGE_LOOP ( 'NONE', ( #2753, #2551, #2171, #23 ) ) ;
#1353 = FACE_OUTER_BOUND ( 'NONE', #808, .T. ) ;
#1354 = DIRECTION ( 'NONE',  ( 1.000000000000000000, 0.000000000000000000, -0.000000000000000000 ) ) ;
#1355 = CARTESIAN_POINT ( 'NONE',  ( -15.59999999999999787, 116.7011190876420699, 145.3413857930792688 ) ) ;
#1356 = LINE ( 'NONE', #18, #2176 ) ;
#1357 = VECTOR ( 'NONE', #1482, 1000.000000000000000 ) ;
#1358 = DIRECTION ( 'NONE',  ( 0.000000000000000000, 0.000000000000000000, -1.000000000000000000 ) ) ;
#1359 = ORIENTED_EDGE ( 'NONE', *, *, #474, .F. ) ;
#1360 = LINE ( 'NONE', #2636, #3502 ) ;
#1361 = EDGE_LOOP ( 'NONE', ( #2884, #1455, #1059, #2252 ) ) ;
#1362 = ADVANCED_FACE ( 'NONE', ( #934 ), #893, .T. ) ;
#1363 = VECTOR ( 'NONE', #351, 1000.000000000000000 ) ;
#1364 = CARTESIAN_POINT ( 'NONE',  ( 59.76708378345779948, 65.01773123196730353, 19.99998821012450634 ) ) ;
#1365 = CARTESIAN_POINT ( 'NONE',  ( -26.45751311064589473, -2.898724364779047849E-15, 4.999999999999980460 ) ) ;
#1366 = ORIENTED_EDGE ( 'NONE', *, *, #2978, .F. ) ;
#1367 = CARTESIAN_POINT ( 'NONE',  ( 18.00000000000002842, -19.99999999999999645, 13.00000000000000000 ) ) ;
#1368 = CARTESIAN_POINT ( 'NONE',  ( 11.89999999999999325, 20.20000000000000284, 13.00000000000000178 ) ) ;
#1369 = EDGE_CURVE ( 'NONE', #3341, #1690, #971, .T. ) ;
#1370 = EDGE_CURVE ( 'NONE', #2462, #129, #1239, .T. ) ;
#1371 = CARTESIAN_POINT ( 'NONE',  ( -63.69554477766121892, 70.87209465470370162, -4.984417409733822524 ) ) ;
#1372 = CIRCLE ( 'NONE', #685, 1.199999999999999734 ) ;
#1373 = EDGE_CURVE ( 'NONE', #2819, #331, #2872, .T. ) ;
#1374 = DIRECTION ( 'NONE',  ( -3.469446951953614189E-16, -1.000000000000000000, 0.000000000000000000 ) ) ;
#1375 = ORIENTED_EDGE ( 'NONE', *, *, #1650, .T. ) ;
#1376 = LINE ( 'NONE', #2254, #374 ) ;
#1377 = ORIENTED_EDGE ( 'NONE', *, *, #2996, .T. ) ;
#1378 = CARTESIAN_POINT ( 'NONE',  ( 0.000000000000000000, -14.99493517516083152, 11.00000000000000000 ) ) ;
#1379 = CARTESIAN_POINT ( 'NONE',  ( -20.52790531377943495, 168.7011190876420983, 11.00000000000000000 ) ) ;
#1380 =( BOUNDED_CURVE ( )  B_SPLINE_CURVE ( 3, ( #1005, #2755, #333, #393 ),
 .UNSPECIFIED., .F., .F. ) 
 B_SPLINE_CURVE_WITH_KNOTS ( ( 4, 4 ),
 ( 0.000000000000000000, 0.7853981633974473908 ),
 .UNSPECIFIED. ) 
 CURVE ( )  GEOMETRIC_REPRESENTATION_ITEM ( )  RATIONAL_B_SPLINE_CURVE ( ( 1.000000000000000000, 0.9492530216741912330, 0.9492530216741912330, 1.000000000000000000 ) ) 
 REPRESENTATION_ITEM ( '' )  );
#1381 = VERTEX_POINT ( 'NONE', #902 ) ;
#1382 = LINE ( 'NONE', #322, #1826 ) ;
#1383 = PLANE ( 'NONE',  #1191 ) ;
#1384 = AXIS2_PLACEMENT_3D ( 'NONE', #123, #616, #669 ) ;
#1385 = DIRECTION ( 'NONE',  ( 0.000000000000000000, 0.000000000000000000, 1.000000000000000000 ) ) ;
#1386 = VECTOR ( 'NONE', #2375, 1000.000000000000000 ) ;
#1387 = EDGE_CURVE ( 'NONE', #208, #3249, #2701, .T. ) ;
#1388 = CARTESIAN_POINT ( 'NONE',  ( 66.45751311064593381, 75.00000000000005684, 10.00000000000000000 ) ) ;
#1389 = ORIENTED_EDGE ( 'NONE', *, *, #1329, .F. ) ;
#1390 = CARTESIAN_POINT ( 'NONE',  ( -24.90000000000000568, 66.00000000000001421, 14.90000000000000036 ) ) ;
#1391 = EDGE_CURVE ( 'NONE', #1598, #1969, #653, .T. ) ;
#1392 = EDGE_LOOP ( 'NONE', ( #2023, #1426, #2062, #315 ) ) ;
#1393 = ORIENTED_EDGE ( 'NONE', *, *, #1440, .T. ) ;
#1394 = VECTOR ( 'NONE', #1860, 1000.000000000000000 ) ;
#1395 = ORIENTED_EDGE ( 'NONE', *, *, #1544, .F. ) ;
#1396 = DIRECTION ( 'NONE',  ( 0.000000000000000000, 0.000000000000000000, -1.000000000000000000 ) ) ;
#1397 = DIRECTION ( 'NONE',  ( -0.000000000000000000, -1.000000000000000000, -0.000000000000000000 ) ) ;
#1398 = ORIENTED_EDGE ( 'NONE', *, *, #304, .T. ) ;
#1399 = CARTESIAN_POINT ( 'NONE',  ( -11.10000000000000497, 56.99999999999999289, 13.00000000000000178 ) ) ;
#1400 = CARTESIAN_POINT ( 'NONE',  ( 34.42220510185597959, 25.00506482483916315, 2.000000000000008882 ) ) ;
#1401 = CARTESIAN_POINT ( 'NONE',  ( -17.39008691546496266, 75.00000000000000000, 10.07470942855000295 ) ) ;
#1402 = ADVANCED_FACE ( 'NONE', ( #1738 ), #2045, .F. ) ;
#1403 = EDGE_CURVE ( 'NONE', #2209, #2304, #1777, .T. ) ;
#1404 = DIRECTION ( 'NONE',  ( -1.000000000000000000, 0.000000000000000000, -0.000000000000000000 ) ) ;
#1405 = EDGE_LOOP ( 'NONE', ( #1513, #3485, #939, #484, #2476, #1045, #316, #822, #1884, #321, #2518, #533 ) ) ;
#1406 = DIRECTION ( 'NONE',  ( -1.000000000000000000, 0.000000000000000000, 0.000000000000000000 ) ) ;
#1407 = VECTOR ( 'NONE', #1712, 1000.000000000000000 ) ;
#1408 = ORIENTED_EDGE ( 'NONE', *, *, #265, .T. ) ;
#1409 = ADVANCED_FACE ( 'NONE', ( #674 ), #1757, .F. ) ;
#1410 = EDGE_LOOP ( 'NONE', ( #2597, #3089 ) ) ;
#1411 = VERTEX_POINT ( 'NONE', #387 ) ;
#1412 = CARTESIAN_POINT ( 'NONE',  ( 4.386934713946172956E-15, 37.00506482483918091, 11.00000000000000000 ) ) ;
#1413 = FACE_OUTER_BOUND ( 'NONE', #1783, .T. ) ;
#1414 = ORIENTED_EDGE ( 'NONE', *, *, #3451, .T. ) ;
#1415 = CARTESIAN_POINT ( 'NONE',  ( 18.00000000000002842, 25.00506482483916670, 2.000000000000008882 ) ) ;
#1416 = PLANE ( 'NONE',  #3486 ) ;
#1417 = VECTOR ( 'NONE', #192, 1000.000000000000000 ) ;
#1418 = DIRECTION ( 'NONE',  ( -3.346007010100586134E-16, -1.000000000000000000, -0.000000000000000000 ) ) ;
#1419 = LINE ( 'NONE', #3064, #1663 ) ;
#1420 = ADVANCED_FACE ( 'NONE', ( #1468 ), #3332, .T. ) ;
#1421 = CARTESIAN_POINT ( 'NONE',  ( 11.89999999999999325, 20.20000000000000284, 13.00000000000000178 ) ) ;
#1422 = AXIS2_PLACEMENT_3D ( 'NONE', #1622, #2729, #1119 ) ;
#1423 = ORIENTED_EDGE ( 'NONE', *, *, #320, .F. ) ;
#1424 = DIRECTION ( 'NONE',  ( 0.000000000000000000, 0.000000000000000000, -1.000000000000000000 ) ) ;
#1425 = ORIENTED_EDGE ( 'NONE', *, *, #3273, .T. ) ;
#1426 = ORIENTED_EDGE ( 'NONE', *, *, #1667, .F. ) ;
#1427 = FACE_BOUND ( 'NONE', #5, .T. ) ;
#1428 = EDGE_CURVE ( 'NONE', #1969, #2187, #2286, .T. ) ;
#1429 = VECTOR ( 'NONE', #2350, 1000.000000000000000 ) ;
#1430 = ORIENTED_EDGE ( 'NONE', *, *, #549, .F. ) ;
#1431 = CARTESIAN_POINT ( 'NONE',  ( -27.39999999999998437, 121.2673150230899353, -2.400000000000003020 ) ) ;
#1432 = DIRECTION ( 'NONE',  ( -2.062256389565987867E-48, 7.126648915752194215E-64, -1.000000000000000000 ) ) ;
#1433 = DIRECTION ( 'NONE',  ( -1.000000000000000000, -1.084202172485505420E-16, 0.000000000000000000 ) ) ;
#1434 = DIRECTION ( 'NONE',  ( 0.000000000000000000, 0.000000000000000000, -1.000000000000000000 ) ) ;
#1435 = VERTEX_POINT ( 'NONE', #1176 ) ;
#1436 = AXIS2_PLACEMENT_3D ( 'NONE', #2695, #1348, #1085 ) ;
#1437 = DIRECTION ( 'NONE',  ( -0.000000000000000000, -1.000000000000000000, -0.000000000000000000 ) ) ;
#1438 = ORIENTED_EDGE ( 'NONE', *, *, #2652, .T. ) ;
#1439 = LINE ( 'NONE', #2502, #2360 ) ;
#1440 = EDGE_CURVE ( 'NONE', #3041, #396, #3314, .T. ) ;
#1441 = EDGE_CURVE ( 'NONE', #770, #3284, #1793, .T. ) ;
#1442 = ORIENTED_EDGE ( 'NONE', *, *, #2965, .F. ) ;
#1443 = DIRECTION ( 'NONE',  ( -0.6614378277661476790, -0.7499999999999998890, 0.000000000000000000 ) ) ;
#1444 = ORIENTED_EDGE ( 'NONE', *, *, #1784, .F. ) ;
#1445 = LINE ( 'NONE', #3364, #2613 ) ;
#1446 = DIRECTION ( 'NONE',  ( -1.000000000000000000, 1.185495751652216669E-16, 0.000000000000000000 ) ) ;
#1447 = CARTESIAN_POINT ( 'NONE',  ( 0.000000000000000000, 99.20000000000000284, 18.00000000000000355 ) ) ;
#1448 = VECTOR ( 'NONE', #248, 1000.000000000000000 ) ;
#1449 = EDGE_CURVE ( 'NONE', #3284, #770, #1061, .T. ) ;
#1450 = CARTESIAN_POINT ( 'NONE',  ( 18.00000000000002842, 60.00000000000005684, 2.000000000000000000 ) ) ;
#1451 = ORIENTED_EDGE ( 'NONE', *, *, #320, .T. ) ;
#1452 = DIRECTION ( 'NONE',  ( 0.6614378277661476790, 0.7499999999999998890, -0.000000000000000000 ) ) ;
#1453 = CARTESIAN_POINT ( 'NONE',  ( -12.30000000000000604, 56.99999999999999289, 13.00000000000000178 ) ) ;
#1454 = AXIS2_PLACEMENT_3D ( 'NONE', #2167, #2182, #2760 ) ;
#1455 = ORIENTED_EDGE ( 'NONE', *, *, #2987, .F. ) ;
#1456 = DIRECTION ( 'NONE',  ( -1.000000000000000000, -1.095614826932720471E-16, 0.000000000000000000 ) ) ;
#1457 =( LENGTH_UNIT ( ) NAMED_UNIT ( * ) SI_UNIT ( .MILLI., .METRE. ) );
#1458 = VERTEX_POINT ( 'NONE', #1230 ) ;
#1459 = CARTESIAN_POINT ( 'NONE',  ( 20.00000000000002132, 25.00506482483916315, 2.000000000000008882 ) ) ;
#1460 = EDGE_CURVE ( 'NONE', #3331, #3111, #3126, .T. ) ;
#1461 = DIRECTION ( 'NONE',  ( -2.312964634635743450E-16, -1.000000000000000000, -0.000000000000000000 ) ) ;
#1462 = LINE ( 'NONE', #2543, #1363 ) ;
#1463 = DIRECTION ( 'NONE',  ( 0.000000000000000000, 0.000000000000000000, 1.000000000000000000 ) ) ;
#1464 = CARTESIAN_POINT ( 'NONE',  ( -6.765421556309545144E-14, 64.99999999999998579, 20.00000000000000000 ) ) ;
#1465 = EDGE_LOOP ( 'NONE', ( #354, #3289, #1485, #327 ) ) ;
#1466 = VERTEX_POINT ( 'NONE', #709 ) ;
#1467 = EDGE_CURVE ( 'NONE', #2304, #3432, #3389, .T. ) ;
#1468 = FACE_OUTER_BOUND ( 'NONE', #1740, .T. ) ;
#1469 = DIRECTION ( 'NONE',  ( -1.000000000000000000, 0.000000000000000000, 0.000000000000000000 ) ) ;
#1470 = ORIENTED_EDGE ( 'NONE', *, *, #2290, .T. ) ;
#1471 = PLANE ( 'NONE',  #266 ) ;
#1472 = ADVANCED_FACE ( 'NONE', ( #2264 ), #3066, .F. ) ;
#1473 = EDGE_LOOP ( 'NONE', ( #1554, #3258, #431, #538 ) ) ;
#1474 = ADVANCED_BREP_SHAPE_REPRESENTATION ( '\X2\5b9d5251\X0\', ( #2792, #2399 ), #3480 ) ;
#1475 = LINE ( 'NONE', #679, #3037 ) ;
#1476 = AXIS2_PLACEMENT_3D ( 'NONE', #646, #1715, #2773 ) ;
#1477 = LINE ( 'NONE', #1786, #1700 ) ;
#1478 = CYLINDRICAL_SURFACE ( 'NONE', #355, 10.00000000000000178 ) ;
#1479 = ORIENTED_EDGE ( 'NONE', *, *, #991, .F. ) ;
#1480 = CARTESIAN_POINT ( 'NONE',  ( -15.60000000000001208, 1.849373372577459532E-15, 3.000000000000000000 ) ) ;
#1481 = LINE ( 'NONE', #2561, #3290 ) ;
#1482 = DIRECTION ( 'NONE',  ( -3.346007010100586134E-16, -1.000000000000000000, -0.000000000000000000 ) ) ;
#1483 = DIRECTION ( 'NONE',  ( 1.000000000000000000, -1.185495751652216669E-16, 0.000000000000000000 ) ) ;
#1484 = DIRECTION ( 'NONE',  ( -1.752245935330108674E-16, 5.863027183034802441E-32, 1.000000000000000000 ) ) ;
#1485 = ORIENTED_EDGE ( 'NONE', *, *, #330, .T. ) ;
#1486 = ORIENTED_EDGE ( 'NONE', *, *, #626, .F. ) ;
#1487 = DIRECTION ( 'NONE',  ( -3.346007010100586627E-16, -1.000000000000000000, 0.000000000000000000 ) ) ;
#1488 = LINE ( 'NONE', #2815, #3319 ) ;
#1489 = VECTOR ( 'NONE', #1980, 1000.000000000000000 ) ;
#1490 = ORIENTED_EDGE ( 'NONE', *, *, #2746, .T. ) ;
#1491 = ORIENTED_EDGE ( 'NONE', *, *, #3240, .T. ) ;
#1492 = VECTOR ( 'NONE', #3492, 1000.000000000000000 ) ;
#1493 = VERTEX_POINT ( 'NONE', #1721 ) ;
#1494 = ADVANCED_FACE ( 'NONE', ( #2324 ), #3410, .T. ) ;
#1495 = LINE ( 'NONE', #1098, #1394 ) ;
#1496 = VECTOR ( 'NONE', #781, 1000.000000000000000 ) ;
#1497 = EDGE_CURVE ( 'NONE', #1458, #2364, #2534, .T. ) ;
#1498 = LINE ( 'NONE', #3395, #3401 ) ;
#1499 = DIRECTION ( 'NONE',  ( 1.095614826932720471E-16, -1.000000000000000000, 6.162975822039154730E-33 ) ) ;
#1500 = ORIENTED_EDGE ( 'NONE', *, *, #932, .T. ) ;
#1501 = CARTESIAN_POINT ( 'NONE',  ( -18.95751311064593736, 163.3856217223385556, 20.00000000000000000 ) ) ;
#1502 = CARTESIAN_POINT ( 'NONE',  ( 2.073451861313529235E-14, 60.00000000000000000, -2.400000000000003020 ) ) ;
#1503 = LINE ( 'NONE', #3422, #2044 ) ;
#1504 = DIRECTION ( 'NONE',  ( 1.734723475976807834E-16, -4.012354050806744827E-32, -1.000000000000000000 ) ) ;
#1505 = VECTOR ( 'NONE', #3085, 1000.000000000000000 ) ;
#1506 = ORIENTED_EDGE ( 'NONE', *, *, #1904, .F. ) ;
#1507 = ORIENTED_EDGE ( 'NONE', *, *, #1569, .F. ) ;
#1508 = VECTOR ( 'NONE', #1266, 1000.000000000000000 ) ;
#1509 = DIRECTION ( 'NONE',  ( -3.346007010100586627E-16, -1.000000000000000000, 0.000000000000000000 ) ) ;
#1510 = VECTOR ( 'NONE', #1511, 1000.000000000000000 ) ;
#1511 = DIRECTION ( 'NONE',  ( 1.000000000000000000, -3.455753102189215654E-16, -6.389316844718679697E-48 ) ) ;
#1512 = EDGE_CURVE ( 'NONE', #2877, #944, #1060, .T. ) ;
#1513 = ORIENTED_EDGE ( 'NONE', *, *, #159, .T. ) ;
#1514 = ADVANCED_FACE ( 'NONE', ( #2706 ), #807, .F. ) ;
#1515 = VERTEX_POINT ( 'NONE', #2170 ) ;
#1516 = CARTESIAN_POINT ( 'NONE',  ( 2.499999999999994227, 0.000000000000000000, 18.00000000000000355 ) ) ;
#1517 = CARTESIAN_POINT ( 'NONE',  ( -24.90000000000000568, 66.00000000000001421, 0.09999999999999722999 ) ) ;
#1518 =( BOUNDED_CURVE ( )  B_SPLINE_CURVE ( 3, ( #827, #1364, #1942, #54 ),
 .UNSPECIFIED., .F., .F. ) 
 B_SPLINE_CURVE_WITH_KNOTS ( ( 4, 4 ),
 ( 4.709729295197633725, 4.712388980384689674 ),
 .UNSPECIFIED. ) 
 CURVE ( )  GEOMETRIC_REPRESENTATION_ITEM ( )  RATIONAL_B_SPLINE_CURVE ( ( 1.000000000000000000, 0.9999994105063123584, 0.9999994105063123584, 1.000000000000000000 ) ) 
 REPRESENTATION_ITEM ( '' )  );
#1519 = CARTESIAN_POINT ( 'NONE',  ( -92.41510451853643815, 81.50246131402965943, 10.07470942854996032 ) ) ;
#1520 = EDGE_CURVE ( 'NONE', #2394, #873, #1339, .T. ) ;
#1521 = VERTEX_POINT ( 'NONE', #1823 ) ;
#1522 = AXIS2_PLACEMENT_3D ( 'NONE', #1068, #1311, #2960 ) ;
#1523 = DIRECTION ( 'NONE',  ( -1.000000000000000000, 0.000000000000000000, 0.000000000000000000 ) ) ;
#1524 = DIRECTION ( 'NONE',  ( 1.084202172485505297E-16, -1.000000000000000000, 0.000000000000000000 ) ) ;
#1525 = PLANE ( 'NONE',  #2063 ) ;
#1526 = DIRECTION ( 'NONE',  ( -0.000000000000000000, -0.000000000000000000, -1.000000000000000000 ) ) ;
#1527 = ORIENTED_EDGE ( 'NONE', *, *, #2876, .F. ) ;
#1528 = VERTEX_POINT ( 'NONE', #245 ) ;
#1529 = PLANE ( 'NONE',  #2958 ) ;
#1530 = DIRECTION ( 'NONE',  ( -0.6614378277661479011, 0.7499999999999998890, -2.775557561562892584E-17 ) ) ;
#1531 = CARTESIAN_POINT ( 'NONE',  ( -59.74982674600051524, 65.00886561990331813, -4.999999999999999112 ) ) ;
#1532 = ORIENTED_EDGE ( 'NONE', *, *, #877, .F. ) ;
#1533 = VECTOR ( 'NONE', #557, 1000.000000000000000 ) ;
#1534 = VERTEX_POINT ( 'NONE', #492 ) ;
#1535 = EDGE_CURVE ( 'NONE', #3335, #1298, #1891, .T. ) ;
#1536 = CARTESIAN_POINT ( 'NONE',  ( -10.60000000000002274, 1.671642622304927718E-15, 18.00000000000000355 ) ) ;
#1537 = DIRECTION ( 'NONE',  ( -3.346007010100586627E-16, -1.000000000000000000, 0.000000000000000000 ) ) ;
#1538 = CARTESIAN_POINT ( 'NONE',  ( -13.50000000000000533, 56.99999999999999289, 11.00000000000000000 ) ) ;
#1539 = EDGE_LOOP ( 'NONE', ( #1129, #1573, #2105, #673 ) ) ;
#1540 = APPLICATION_CONTEXT ( 'automotive_design' ) ;
#1541 = VECTOR ( 'NONE', #1167, 1000.000000000000000 ) ;
#1542 = CARTESIAN_POINT ( 'NONE',  ( -27.39999999999998437, 121.2673150230899353, 0.000000000000000000 ) ) ;
#1543 = CARTESIAN_POINT ( 'NONE',  ( -27.40000000000000568, 60.00000000000000711, 17.39999999999999858 ) ) ;
#1544 = EDGE_CURVE ( 'NONE', #2204, #561, #1304, .T. ) ;
#1545 = DIRECTION ( 'NONE',  ( -0.000000000000000000, -1.000000000000000000, -0.000000000000000000 ) ) ;
#1546 = CARTESIAN_POINT ( 'NONE',  ( 20.00000000000002842, 60.00000000000005684, 13.00000000000000000 ) ) ;
#1547 = ADVANCED_FACE ( 'NONE', ( #1079 ), #2919, .F. ) ;
#1548 = CARTESIAN_POINT ( 'NONE',  ( -24.46115472733042751, 74.79870160814004976, 3.003641616684519011 ) ) ;
#1549 = EDGE_LOOP ( 'NONE', ( #831, #3427, #656, #451, #725, #392 ) ) ;
#1550 = ORIENTED_EDGE ( 'NONE', *, *, #2369, .T. ) ;
#1551 = PRESENTATION_STYLE_ASSIGNMENT (( #240 ) ) ;
#1552 = DIRECTION ( 'NONE',  ( 0.000000000000000000, 0.000000000000000000, 1.000000000000000000 ) ) ;
#1553 = CARTESIAN_POINT ( 'NONE',  ( 17.50000000000002842, 152.0564581469694474, -1.500000000000000000 ) ) ;
#1554 = ORIENTED_EDGE ( 'NONE', *, *, #2389, .T. ) ;
#1555 = DIRECTION ( 'NONE',  ( 1.000000000000000000, -3.346007010100586627E-16, 0.000000000000000000 ) ) ;
#1556 = DIRECTION ( 'NONE',  ( 1.000000000000000000, 0.000000000000000000, 0.000000000000000000 ) ) ;
#1557 = CARTESIAN_POINT ( 'NONE',  ( 24.46115472733051988, 169.0800349408363275, 11.99635838331536952 ) ) ;
#1558 = VECTOR ( 'NONE', #2335, 1000.000000000000000 ) ;
#1559 = ORIENTED_EDGE ( 'NONE', *, *, #1628, .F. ) ;
#1560 = EDGE_CURVE ( 'NONE', #409, #1333, #1858, .T. ) ;
#1561 = LINE ( 'NONE', #2333, #1838 ) ;
#1562 = DIRECTION ( 'NONE',  ( 0.000000000000000000, 0.000000000000000000, 1.000000000000000000 ) ) ;
#1563 = CARTESIAN_POINT ( 'NONE',  ( -24.90000000000000568, 66.00000000000001421, 0.09999999999999722999 ) ) ;
#1564 = CARTESIAN_POINT ( 'NONE',  ( -17.99999999999998224, -19.99999999999999645, 15.00000000000000000 ) ) ;
#1565 =( NAMED_UNIT ( * ) PLANE_ANGLE_UNIT ( ) SI_UNIT ( $, .RADIAN. ) );
#1566 = ORIENTED_EDGE ( 'NONE', *, *, #425, .T. ) ;
#1567 = ORIENTED_EDGE ( 'NONE', *, *, #45, .F. ) ;
#1568 = DIRECTION ( 'NONE',  ( -1.000000000000000000, 0.000000000000000000, 0.000000000000000000 ) ) ;
#1569 = EDGE_CURVE ( 'NONE', #1245, #2425, #2938, .T. ) ;
#1570 = CARTESIAN_POINT ( 'NONE',  ( 0.000000000000000000, 200.0000000000000000, 5.857864376268992146 ) ) ;
#1571 = PLANE ( 'NONE',  #2004 ) ;
#1572 = VERTEX_POINT ( 'NONE', #1592 ) ;
#1573 = ORIENTED_EDGE ( 'NONE', *, *, #2019, .F. ) ;
#1574 = CARTESIAN_POINT ( 'NONE',  ( 18.00000000000002842, 60.00000000000005684, 2.000000000000000000 ) ) ;
#1575 = AXIS2_PLACEMENT_3D ( 'NONE', #2609, #2287, #3146 ) ;
#1576 = ORIENTED_EDGE ( 'NONE', *, *, #867, .T. ) ;
#1577 = CARTESIAN_POINT ( 'NONE',  ( 23.52858092251137379, 168.8929676890319911, 2.071067811865470176 ) ) ;
#1578 = ORIENTED_EDGE ( 'NONE', *, *, #1088, .F. ) ;
#1579 = DIRECTION ( 'NONE',  ( -0.000000000000000000, -0.000000000000000000, 1.000000000000000000 ) ) ;
#1580 = CARTESIAN_POINT ( 'NONE',  ( 26.45751311064591960, 169.1613620457430045, 9.142135623730975880 ) ) ;
#1581 = ADVANCED_FACE ( 'NONE', ( #2154 ), #2954, .F. ) ;
#1582 = CARTESIAN_POINT ( 'NONE',  ( 14.99999999999999645, -1.910929918480489504E-15, -1.200000000000000030E-05 ) ) ;
#1583 = FACE_OUTER_BOUND ( 'NONE', #1159, .T. ) ;
#1584 = ORIENTED_EDGE ( 'NONE', *, *, #1047, .F. ) ;
#1585 = ORIENTED_EDGE ( 'NONE', *, *, #16, .T. ) ;
#1587 = VECTOR ( 'NONE', #2432, 1000.000000000000000 ) ;
#1586 = CARTESIAN_POINT ( 'NONE',  ( -17.99999999999997513, -19.99999999999999645, 0.000000000000000000 ) ) ;
#1588 = DIRECTION ( 'NONE',  ( -0.6614378277661476790, -0.7499999999999998890, 1.387778780781476182E-17 ) ) ;
#1589 = CARTESIAN_POINT ( 'NONE',  ( -25.57351462126064945, 75.00000000000001421, 4.264337160856396025 ) ) ;
#1590 = ORIENTED_EDGE ( 'NONE', *, *, #1544, .T. ) ;
#1591 = EDGE_CURVE ( 'NONE', #3369, #2697, #3254, .T. ) ;
#1592 = CARTESIAN_POINT ( 'NONE',  ( -19.99999999999997158, -19.99999999999999645, 13.00000000000000000 ) ) ;
#1593 = B_SPLINE_CURVE_WITH_KNOTS ( 'NONE', 3,
 ( #911, #1183, #2524, #2806 ),
 .UNSPECIFIED., .F., .F.,
 ( 4, 4 ),
 ( 1.734723475976807094E-18, 0.003639785061102778201 ),
 .UNSPECIFIED. ) ;
#1594 = EDGE_LOOP ( 'NONE', ( #1856, #593, #267, #1024, #2644 ) ) ;
#1595 = ADVANCED_FACE ( 'NONE', ( #545 ), #19, .T. ) ;
#1596 = CARTESIAN_POINT ( 'NONE',  ( 19.59747885941476397, 73.80779072209203662, 16.86003425123116273 ) ) ;
#1597 = VECTOR ( 'NONE', #2272, 1000.000000000000000 ) ;
#1598 = VERTEX_POINT ( 'NONE', #3495 ) ;
#1599 = LINE ( 'NONE', #9, #107 ) ;
#1600 = CARTESIAN_POINT ( 'NONE',  ( 17.50000000000000711, 63.00000000000000000, -1.479114197289397573E-31 ) ) ;
#1601 = DIRECTION ( 'NONE',  ( -0.000000000000000000, -0.000000000000000000, 1.000000000000000000 ) ) ;
#1602 = MECHANICAL_DESIGN_GEOMETRIC_PRESENTATION_REPRESENTATION (  '', ( #1764 ), #345 ) ;
#1603 = ORIENTED_EDGE ( 'NONE', *, *, #171, .F. ) ;
#1604 = VERTEX_POINT ( 'NONE', #2140 ) ;
#1605 = CARTESIAN_POINT ( 'NONE',  ( -15.00000000000000355, -14.99493517516083152, 11.00000000000000000 ) ) ;
#1606 = DIRECTION ( 'NONE',  ( -2.062256389565989386E-48, 6.900324336112527408E-64, -1.000000000000000000 ) ) ;
#1607 = FACE_OUTER_BOUND ( 'NONE', #1639, .T. ) ;
#1608 = FACE_OUTER_BOUND ( 'NONE', #2550, .T. ) ;
#1609 = EDGE_CURVE ( 'NONE', #2749, #1697, #1874, .T. ) ;
#1610 = DIRECTION ( 'NONE',  ( -0.000000000000000000, -0.000000000000000000, -1.000000000000000000 ) ) ;
#1611 = VERTEX_POINT ( 'NONE', #2651 ) ;
#1612 = DIRECTION ( 'NONE',  ( 1.185495751652216669E-16, 1.000000000000000000, 0.000000000000000000 ) ) ;
#1613 = ORIENTED_EDGE ( 'NONE', *, *, #2273, .F. ) ;
#1614 = EDGE_CURVE ( 'NONE', #747, #1082, #2688, .T. ) ;
#1615 = VECTOR ( 'NONE', #632, 1000.000000000000000 ) ;
#1616 = AXIS2_PLACEMENT_3D ( 'NONE', #2703, #3206, #2935 ) ;
#1617 = CARTESIAN_POINT ( 'NONE',  ( -19.99999999999997158, 63.00000000000000000, 13.00000000000000000 ) ) ;
#1618 = CARTESIAN_POINT ( 'NONE',  ( -20.00000000000000000, 71.70111908764206987, 11.00000000000000000 ) ) ;
#1619 = LINE ( 'NONE', #828, #1868 ) ;
#1620 = ORIENTED_EDGE ( 'NONE', *, *, #1915, .T. ) ;
#1621 = ORIENTED_EDGE ( 'NONE', *, *, #1771, .F. ) ;
#1622 = CARTESIAN_POINT ( 'NONE',  ( 24.89999999999999147, 62.99999999999998579, 0.09999999999999592548 ) ) ;
#1623 = DIRECTION ( 'NONE',  ( -3.455753102189216147E-16, -1.000000000000000000, -0.000000000000000000 ) ) ;
#1624 = CARTESIAN_POINT ( 'NONE',  ( -10.60000000000000853, 84.20000000000001705, 18.00000000000000355 ) ) ;
#1625 = CARTESIAN_POINT ( 'NONE',  ( -24.46115472733042751, 74.79870160814004976, 3.003641616684519011 ) ) ;
#1626 = EDGE_CURVE ( 'NONE', #1528, #2491, #1287, .T. ) ;
#1627 = CARTESIAN_POINT ( 'NONE',  ( -13.50000000000000533, 20.20000000000000284, 13.00000000000000178 ) ) ;
#1628 = EDGE_CURVE ( 'NONE', #2735, #2877, #1023, .T. ) ;
#1629 = VECTOR ( 'NONE', #1193, 1000.000000000000000 ) ;
#1630 = ORIENTED_EDGE ( 'NONE', *, *, #2533, .F. ) ;
#1631 = FACE_OUTER_BOUND ( 'NONE', #3212, .T. ) ;
#1632 = EDGE_LOOP ( 'NONE', ( #546, #2043, #3147, #2579 ) ) ;
#1633 = AXIS2_PLACEMENT_3D ( 'NONE', #2199, #1374, #2453 ) ;
#1634 = EDGE_CURVE ( 'NONE', #3045, #3188, #753, .T. ) ;
#1635 = EDGE_CURVE ( 'NONE', #493, #2823, #3076, .T. ) ;
#1636 = CARTESIAN_POINT ( 'NONE',  ( -23.52858092251139865, 74.56145157584924732, 12.92893218813448541 ) ) ;
#1637 = CARTESIAN_POINT ( 'NONE',  ( -15.60000000000000497, 71.70111908764206987, 11.00000000000000000 ) ) ;
#1638 = VECTOR ( 'NONE', #2437, 1000.000000000000000 ) ;
#1639 = EDGE_LOOP ( 'NONE', ( #12, #1192, #1567, #2179, #1089, #2588 ) ) ;
#1640 = CARTESIAN_POINT ( 'NONE',  ( 24.90000000000001634, 65.99999999999998579, 14.90000000000000036 ) ) ;
#1641 = LINE ( 'NONE', #2717, #2257 ) ;
#1642 = PLANE ( 'NONE',  #1454 ) ;
#1643 = VECTOR ( 'NONE', #1790, 1000.000000000000000 ) ;
#1644 = CARTESIAN_POINT ( 'NONE',  ( 13.09999999999999432, 20.20000000000000284, 11.00000000000000000 ) ) ;
#1645 = ORIENTED_EDGE ( 'NONE', *, *, #3125, .T. ) ;
#1646 = CARTESIAN_POINT ( 'NONE',  ( -24.90000000000000568, 66.00000000000001421, 0.09999999999999722999 ) ) ;
#1647 = ORIENTED_EDGE ( 'NONE', *, *, #133, .T. ) ;
#1648 = LINE ( 'NONE', #288, #700 ) ;
#1649 = DIRECTION ( 'NONE',  ( 0.000000000000000000, -1.000000000000000000, 0.000000000000000000 ) ) ;
#1650 = EDGE_CURVE ( 'NONE', #2052, #1257, #2230, .T. ) ;
#1651 = ORIENTED_EDGE ( 'NONE', *, *, #2452, .F. ) ;
#1652 = PLANE ( 'NONE',  #3472 ) ;
#1653 = CARTESIAN_POINT ( 'NONE',  ( 27.39999999999999147, 59.99999999999999289, 17.39999999999999858 ) ) ;
#1654 = CARTESIAN_POINT ( 'NONE',  ( 20.00000000000002132, 25.00506482483916315, 2.000000000000008882 ) ) ;
#1655 = EDGE_CURVE ( 'NONE', #2844, #2525, #78, .T. ) ;
#1656 = PLANE ( 'NONE',  #97 ) ;
#1657 = ORIENTED_EDGE ( 'NONE', *, *, #3102, .F. ) ;
#1658 = B_SPLINE_CURVE_WITH_KNOTS ( 'NONE', 3,
 ( #1073, #1105, #3265, #832 ),
 .UNSPECIFIED., .F., .F.,
 ( 4, 4 ),
 ( 0.000000000000000000, 0.002532767612385923225 ),
 .UNSPECIFIED. ) ;
#1659 = DIRECTION ( 'NONE',  ( -1.000000000000000000, -3.469446951953614189E-16, 0.000000000000000000 ) ) ;
#1660 = ORIENTED_EDGE ( 'NONE', *, *, #88, .F. ) ;
#1661 = VECTOR ( 'NONE', #1484, 1000.000000000000000 ) ;
#1662 = EDGE_LOOP ( 'NONE', ( #2855, #2, #1585, #2604 ) ) ;
#1663 = VECTOR ( 'NONE', #604, 1000.000000000000114 ) ;
#1664 = PLANE ( 'NONE',  #1108 ) ;
#1665 = DIRECTION ( 'NONE',  ( -1.095614826932720471E-16, 1.000000000000000000, 0.000000000000000000 ) ) ;
#1666 = VECTOR ( 'NONE', #2683, 1000.000000000000000 ) ;
#1667 = EDGE_CURVE ( 'NONE', #2974, #233, #2734, .T. ) ;
#1668 = ORIENTED_EDGE ( 'NONE', *, *, #1591, .T. ) ;
#1669 = PLANE ( 'NONE',  #2498 ) ;
#1670 = LINE ( 'NONE', #1400, #900 ) ;
#1671 = VECTOR ( 'NONE', #1981, 1000.000000000000000 ) ;
#1672 = FACE_BOUND ( 'NONE', #1174, .T. ) ;
#1673 = ADVANCED_FACE ( 'NONE', ( #1689 ), #1656, .T. ) ;
#1674 = VERTEX_POINT ( 'NONE', #2484 ) ;
#1675 = DIRECTION ( 'NONE',  ( 1.000000000000000000, 0.000000000000000000, 0.000000000000000000 ) ) ;
#1676 = EDGE_LOOP ( 'NONE', ( #1755, #1398 ) ) ;
#1677 = AXIS2_PLACEMENT_3D ( 'NONE', #2853, #637, #167 ) ;
#1678 = ORIENTED_EDGE ( 'NONE', *, *, #3382, .F. ) ;
#1679 = AXIS2_PLACEMENT_3D ( 'NONE', #1390, #2471, #49 ) ;
#1680 = EDGE_LOOP ( 'NONE', ( #211, #1929, #3348, #904, #2457, #227, #764, #2409, #3217 ) ) ;
#1681 = CARTESIAN_POINT ( 'NONE',  ( 15.59999999999999432, 63.00000000000000000, -2.400000000000003020 ) ) ;
#1682 = DIRECTION ( 'NONE',  ( -2.081668171172168513E-16, -1.000000000000000000, 0.000000000000000000 ) ) ;
#1683 = EDGE_CURVE ( 'NONE', #3264, #344, #573, .T. ) ;
#1684 = VERTEX_POINT ( 'NONE', #1139 ) ;
#1685 = CARTESIAN_POINT ( 'NONE',  ( -49.99999999999997158, 60.00000000000001421, 15.00000000000000000 ) ) ;
#1686 = CARTESIAN_POINT ( 'NONE',  ( -15.60000000000000497, 71.70111908764206987, 0.000000000000000000 ) ) ;
#1687 = DIRECTION ( 'NONE',  ( 0.000000000000000000, 0.000000000000000000, 1.000000000000000000 ) ) ;
#1688 = DIRECTION ( 'NONE',  ( -1.273953278986993364E-16, -1.000000000000000000, 0.000000000000000000 ) ) ;
#1689 = FACE_OUTER_BOUND ( 'NONE', #3115, .T. ) ;
#1690 = VERTEX_POINT ( 'NONE', #1388 ) ;
#1691 = LINE ( 'NONE', #1936, #941 ) ;
#1692 = VERTEX_POINT ( 'NONE', #3301 ) ;
#1693 = EDGE_CURVE ( 'NONE', #3284, #801, #870, .T. ) ;
#1694 = ORIENTED_EDGE ( 'NONE', *, *, #2320, .T. ) ;
#1695 = CARTESIAN_POINT ( 'NONE',  ( 20.00000000000001776, 37.00506482483916670, 2.000000000000007105 ) ) ;
#1696 = VECTOR ( 'NONE', #914, 1000.000000000000000 ) ;
#1697 = VERTEX_POINT ( 'NONE', #3316 ) ;
#1698 = DIRECTION ( 'NONE',  ( 2.062256389565989386E-48, -6.900324336112527408E-64, 1.000000000000000000 ) ) ;
#1699 = CARTESIAN_POINT ( 'NONE',  ( 17.50000000000002132, 162.7011190876420983, 0.000000000000000000 ) ) ;
#1700 = VECTOR ( 'NONE', #2899, 1000.000000000000000 ) ;
#1701 = CARTESIAN_POINT ( 'NONE',  ( 20.00000000000002842, 60.00000000000005684, 13.00000000000000000 ) ) ;
#1702 = CARTESIAN_POINT ( 'NONE',  ( -16.45751311064587696, 154.8814210796308828, -5.000000000000000000 ) ) ;
#1703 = EDGE_CURVE ( 'NONE', #752, #1521, #2467, .T. ) ;
#1704 = ORIENTED_EDGE ( 'NONE', *, *, #649, .F. ) ;
#1705 = DIRECTION ( 'NONE',  ( -3.346007010100586627E-16, -1.000000000000000000, 0.000000000000000000 ) ) ;
#1706 = VECTOR ( 'NONE', #3011, 1000.000000000000000 ) ;
#1707 = EDGE_LOOP ( 'NONE', ( #690, #79, #2541, #300 ) ) ;
#1708 = EDGE_CURVE ( 'NONE', #1118, #1345, #3052, .T. ) ;
#1709 = CARTESIAN_POINT ( 'NONE',  ( -17.99999999999997513, -19.99999999999999645, 2.000000000000000000 ) ) ;
#1710 = EDGE_CURVE ( 'NONE', #708, #811, #2988, .T. ) ;
#1711 = ORIENTED_EDGE ( 'NONE', *, *, #2971, .F. ) ;
#1712 = DIRECTION ( 'NONE',  ( -0.000000000000000000, -1.000000000000000000, -0.000000000000000000 ) ) ;
#1713 = AXIS2_PLACEMENT_3D ( 'NONE', #1789, #3481, #1049 ) ;
#1714 = ORIENTED_EDGE ( 'NONE', *, *, #24, .F. ) ;
#1715 = DIRECTION ( 'NONE',  ( 0.000000000000000000, 0.000000000000000000, -1.000000000000000000 ) ) ;
#1716 = LINE ( 'NONE', #2496, #1696 ) ;
#1717 = DIRECTION ( 'NONE',  ( -0.000000000000000000, -1.000000000000000000, -0.000000000000000000 ) ) ;
#1718 = DIRECTION ( 'NONE',  ( 1.185495751652216669E-16, 1.000000000000000000, 0.000000000000000000 ) ) ;
#1719 = ORIENTED_EDGE ( 'NONE', *, *, #1734, .T. ) ;
#1720 = VECTOR ( 'NONE', #1021, 1000.000000000000000 ) ;
#1721 = CARTESIAN_POINT ( 'NONE',  ( -15.59999999999999787, 162.7011190876420983, -5.000000000000004441 ) ) ;
#1722 = DIRECTION ( 'NONE',  ( -1.095614826932720348E-16, 1.000000000000000000, 1.540743955509788169E-33 ) ) ;
#1723 = ORIENTED_EDGE ( 'NONE', *, *, #2490, .F. ) ;
#1724 = ORIENTED_EDGE ( 'NONE', *, *, #2648, .T. ) ;
#1725 = FILL_AREA_STYLE ('',( #2664 ) ) ;
#1726 = EDGE_CURVE ( 'NONE', #801, #1604, #1171, .T. ) ;
#1727 = EDGE_LOOP ( 'NONE', ( #1802, #578, #332, #2724 ) ) ;
#1728 = LINE ( 'NONE', #83, #2656 ) ;
#1729 = ADVANCED_FACE ( 'NONE', ( #1177 ), #1934, .F. ) ;
#1730 = CARTESIAN_POINT ( 'NONE',  ( 24.46115472733051988, 169.0800349408363275, 11.99635838331536952 ) ) ;
#1731 = FACE_BOUND ( 'NONE', #3010, .T. ) ;
#1732 = LINE ( 'NONE', #915, #835 ) ;
#1733 = VECTOR ( 'NONE', #2897, 1000.000000000000000 ) ;
#1734 = EDGE_CURVE ( 'NONE', #1572, #1692, #560, .T. ) ;
#1735 = DIRECTION ( 'NONE',  ( 0.000000000000000000, 0.000000000000000000, 1.000000000000000000 ) ) ;
#1736 = EDGE_LOOP ( 'NONE', ( #2813, #952, #2738, #773 ) ) ;
#1737 = VERTEX_POINT ( 'NONE', #1644 ) ;
#1738 = FACE_OUTER_BOUND ( 'NONE', #1473, .T. ) ;
#1739 = LINE ( 'NONE', #2630, #33 ) ;
#1740 = EDGE_LOOP ( 'NONE', ( #2296, #2909, #2929, #2454, #3272, #1097, #2382, #2118, #2915, #531, #1214, #2487, #965 ) ) ;
#1741 = DIRECTION ( 'NONE',  ( -0.8894855250124433788, 0.4569633473193861484, 0.000000000000000000 ) ) ;
#1742 = ORIENTED_EDGE ( 'NONE', *, *, #2019, .T. ) ;
#1743 =( BOUNDED_CURVE ( )  B_SPLINE_CURVE ( 3, ( #2914, #489, #224, #2168 ),
 .UNSPECIFIED., .F., .F. ) 
 B_SPLINE_CURVE_WITH_KNOTS ( ( 4, 4 ),
 ( 5.497787143782142394, 5.847883033309167367 ),
 .UNSPECIFIED. ) 
 CURVE ( )  GEOMETRIC_REPRESENTATION_ITEM ( )  RATIONAL_B_SPLINE_CURVE ( ( 1.000000000000000000, 0.9898121267997723738, 0.9898121267997723738, 1.000000000000000000 ) ) 
 REPRESENTATION_ITEM ( '' )  );
#1744 = DIRECTION ( 'NONE',  ( 0.000000000000000000, 0.000000000000000000, -1.000000000000000000 ) ) ;
#1745 = DIRECTION ( 'NONE',  ( -3.346007010100586627E-16, -1.000000000000000000, 0.000000000000000000 ) ) ;
#1746 = VECTOR ( 'NONE', #362, 1000.000000000000000 ) ;
#1747 = DIRECTION ( 'NONE',  ( -0.01055751784968288198, 0.9999442678553909225, 0.000000000000000000 ) ) ;
#1748 = VERTEX_POINT ( 'NONE', #3283 ) ;
#1749 = CARTESIAN_POINT ( 'NONE',  ( 24.35174463280531754, 169.3695068418699066, 3.003641616684545212 ) ) ;
#1750 = CARTESIAN_POINT ( 'NONE',  ( 13.09999999999999432, 20.20000000000000284, 13.00000000000000178 ) ) ;
#1751 = LINE ( 'NONE', #3061, #3236 ) ;
#1752 = DIRECTION ( 'NONE',  ( -1.000000000000000000, 0.000000000000000000, 0.000000000000000000 ) ) ;
#1753 = DIRECTION ( 'NONE',  ( 0.000000000000000000, 0.000000000000000000, 1.000000000000000000 ) ) ;
#1754 = ADVANCED_FACE ( 'NONE', ( #2720 ), #3001, .F. ) ;
#1755 = ORIENTED_EDGE ( 'NONE', *, *, #2309, .T. ) ;
#1756 = ORIENTED_EDGE ( 'NONE', *, *, #62, .T. ) ;
#1757 = PLANE ( 'NONE',  #3152 ) ;
#1758 = DIRECTION ( 'NONE',  ( -9.637352644315594010E-17, -1.000000000000000000, 0.000000000000000000 ) ) ;
#1759 = EDGE_CURVE ( 'NONE', #2692, #905, #2184, .T. ) ;
#1760 = EDGE_LOOP ( 'NONE', ( #1451, #48, #733, #230 ) ) ;
#1761 = FACE_OUTER_BOUND ( 'NONE', #1072, .T. ) ;
#1762 = EDGE_LOOP ( 'NONE', ( #375, #131, #1359, #2587 ) ) ;
#1763 = DIRECTION ( 'NONE',  ( -0.000000000000000000, -0.000000000000000000, -1.000000000000000000 ) ) ;
#1764 = STYLED_ITEM ( 'NONE', ( #1551 ), #2792 ) ;
#1765 = CARTESIAN_POINT ( 'NONE',  ( 24.90000000000001634, 65.99999999999998579, 14.90000000000000036 ) ) ;
#1766 = FACE_OUTER_BOUND ( 'NONE', #2832, .T. ) ;
#1767 = ORIENTED_EDGE ( 'NONE', *, *, #778, .T. ) ;
#1768 = CARTESIAN_POINT ( 'NONE',  ( 66.45751311064593381, 75.00000000000005684, 15.00000000000000000 ) ) ;
#1769 = DIRECTION ( 'NONE',  ( 0.000000000000000000, -1.000000000000000000, 0.000000000000000000 ) ) ;
#1770 = DIRECTION ( 'NONE',  ( -1.000000000000000000, 3.346007010100586627E-16, 5.577681830192081865E-48 ) ) ;
#1771 = EDGE_CURVE ( 'NONE', #342, #53, #1121, .T. ) ;
#1772 = LINE ( 'NONE', #1447, #3448 ) ;
#1773 = ADVANCED_FACE ( 'NONE', ( #675 ), #2854, .F. ) ;
#1774 = VECTOR ( 'NONE', #2860, 1000.000000000000000 ) ;
#1775 = EDGE_LOOP ( 'NONE', ( #2573, #512, #1071, #2930, #2592 ) ) ;
#1776 = VERTEX_POINT ( 'NONE', #903 ) ;
#1777 = LINE ( 'NONE', #407, #2234 ) ;
#1778 = DIRECTION ( 'NONE',  ( 1.000000000000000000, 0.000000000000000000, 0.000000000000000000 ) ) ;
#1779 = VECTOR ( 'NONE', #1552, 1000.000000000000000 ) ;
#1780 = ORIENTED_EDGE ( 'NONE', *, *, #401, .F. ) ;
#1781 = ADVANCED_FACE ( 'NONE', ( #1248 ), #710, .F. ) ;
#1782 = VECTOR ( 'NONE', #273, 1000.000000000000000 ) ;
#1783 = EDGE_LOOP ( 'NONE', ( #1321, #3304, #802, #3083 ) ) ;
#1784 = EDGE_CURVE ( 'NONE', #756, #3473, #408, .T. ) ;
#1785 = CARTESIAN_POINT ( 'NONE',  ( -23.70000000000000639, 66.00000000000001421, 14.90000000000000036 ) ) ;
#1786 = CARTESIAN_POINT ( 'NONE',  ( -17.49999999999998934, 162.7011190876420983, 0.000000000000000000 ) ) ;
#1787 = CARTESIAN_POINT ( 'NONE',  ( 20.00000000000002842, -19.99999999999999645, 13.00000000000000000 ) ) ;
#1788 = ORIENTED_EDGE ( 'NONE', *, *, #3413, .F. ) ;
#1789 = CARTESIAN_POINT ( 'NONE',  ( -99.21567416492216296, 87.50000000000002842, 4.999999999999980460 ) ) ;
#1790 = DIRECTION ( 'NONE',  ( -1.185495751652216669E-16, -1.000000000000000000, 0.000000000000000000 ) ) ;
#1791 = LINE ( 'NONE', #1600, #1328 ) ;
#1792 = CARTESIAN_POINT ( 'NONE',  ( 2.499999999999994227, 99.20000000000000284, 18.00000000000000355 ) ) ;
#1793 = CIRCLE ( 'NONE', #3499, 1.199999999999999734 ) ;
#1794 = EDGE_CURVE ( 'NONE', #2862, #409, #2986, .T. ) ;
#1795 = ORIENTED_EDGE ( 'NONE', *, *, #226, .F. ) ;
#1796 = ORIENTED_EDGE ( 'NONE', *, *, #2404, .F. ) ;
#1797 = VECTOR ( 'NONE', #713, 1000.000000000000000 ) ;
#1798 = DIRECTION ( 'NONE',  ( 1.095614826932720471E-16, -1.000000000000000000, 0.000000000000000000 ) ) ;
#1799 = VECTOR ( 'NONE', #3455, 1000.000000000000000 ) ;
#1800 = DIRECTION ( 'NONE',  ( 1.000000000000000000, 0.000000000000000000, 0.000000000000000000 ) ) ;
#1801 = ORIENTED_EDGE ( 'NONE', *, *, #1497, .F. ) ;
#1802 = ORIENTED_EDGE ( 'NONE', *, *, #1634, .F. ) ;
#1803 = CARTESIAN_POINT ( 'NONE',  ( -23.94783676885252888, 74.68988102337307566, 12.50967634179335342 ) ) ;
#1804 = VECTOR ( 'NONE', #423, 1000.000000000000000 ) ;
#1805 = PLANE ( 'NONE',  #2606 ) ;
#1806 = LINE ( 'NONE', #3093, #1429 ) ;
#1807 = ORIENTED_EDGE ( 'NONE', *, *, #171, .T. ) ;
#1808 = EDGE_CURVE ( 'NONE', #2307, #1334, #1231, .T. ) ;
#1809 = AXIS2_PLACEMENT_3D ( 'NONE', #3178, #2108, #743 ) ;
#1810 = PLANE ( 'NONE',  #2624 ) ;
#1811 = DIRECTION ( 'NONE',  ( -3.346007010100586627E-16, -1.000000000000000000, 0.000000000000000000 ) ) ;
#1812 = CARTESIAN_POINT ( 'NONE',  ( 20.00000000000002487, 2.602085213965213797E-15, 11.00000000000000000 ) ) ;
#1813 = DIRECTION ( 'NONE',  ( 1.000000000000000000, 1.301042606982605321E-16, -0.000000000000000000 ) ) ;
#1814 = EDGE_LOOP ( 'NONE', ( #3029, #3471, #491, #3307 ) ) ;
#1815 = EDGE_LOOP ( 'NONE', ( #3399, #2653, #751, #918 ) ) ;
#1816 = PLANE ( 'NONE',  #528 ) ;
#1817 = CYLINDRICAL_SURFACE ( 'NONE', #3202, 9.999999999999998224 ) ;
#1818 = LINE ( 'NONE', #469, #483 ) ;
#1819 = EDGE_CURVE ( 'NONE', #3475, #1381, #1488, .T. ) ;
#1820 = EDGE_LOOP ( 'NONE', ( #771, #2752, #782, #1389 ) ) ;
#1821 = VECTOR ( 'NONE', #3508, 1000.000000000000000 ) ;
#1822 = EDGE_LOOP ( 'NONE', ( #1342, #2378, #3169, #2159, #169 ) ) ;
#1823 = CARTESIAN_POINT ( 'NONE',  ( 25.90280624389988517, 170.6289784656927964, 5.857864376268995699 ) ) ;
#1824 = LINE ( 'NONE', #697, #1136 ) ;
#1825 = EDGE_LOOP ( 'NONE', ( #1196, #970, #1293, #2022 ) ) ;
#1826 = VECTOR ( 'NONE', #27, 1000.000000000000000 ) ;
#1827 = EDGE_CURVE ( 'NONE', #2124, #651, #128, .T. ) ;
#1828 = DIRECTION ( 'NONE',  ( -2.062256389565989386E-48, 6.900324336112527408E-64, -1.000000000000000000 ) ) ;
#1829 = LINE ( 'NONE', #2374, #2539 ) ;
#1830 = DIRECTION ( 'NONE',  ( -0.5303300858899085979, -0.4677071733467411119, 0.7071067811865502373 ) ) ;
#1831 = DIRECTION ( 'NONE',  ( -1.301042606982605321E-16, 1.000000000000000000, 0.000000000000000000 ) ) ;
#1832 = VERTEX_POINT ( 'NONE', #943 ) ;
#1833 = EDGE_LOOP ( 'NONE', ( #2977, #3078, #3129, #1660 ) ) ;
#1834 = DIRECTION ( 'NONE',  ( 1.185495751652216669E-16, 1.000000000000000000, -0.000000000000000000 ) ) ;
#1835 = CARTESIAN_POINT ( 'NONE',  ( 0.000000000000000000, 200.0000000000000000, 5.857864376268992146 ) ) ;
#1836 = DIRECTION ( 'NONE',  ( -1.000000000000000000, -1.040834085586084059E-15, 0.000000000000000000 ) ) ;
#1837 = ORIENTED_EDGE ( 'NONE', *, *, #1320, .F. ) ;
#1838 = VECTOR ( 'NONE', #3177, 1000.000000000000000 ) ;
#1839 = DIRECTION ( 'NONE',  ( 0.000000000000000000, 1.000000000000000000, 0.000000000000000000 ) ) ;
#1840 = ORIENTED_EDGE ( 'NONE', *, *, #3503, .F. ) ;
#1841 = EDGE_CURVE ( 'NONE', #1028, #3496, #2325, .T. ) ;
#1842 = CARTESIAN_POINT ( 'NONE',  ( 24.35174463280531754, 169.3695068418699066, 3.003641616684545212 ) ) ;
#1843 = AXIS2_PLACEMENT_3D ( 'NONE', #3293, #1649, #1102 ) ;
#1844 = ORIENTED_EDGE ( 'NONE', *, *, #2713, .T. ) ;
#1845 = CARTESIAN_POINT ( 'NONE',  ( -59.73256969328387100, 65.00000000000001421, -5.000000000000000000 ) ) ;
#1846 = DIRECTION ( 'NONE',  ( 1.000000000000000000, 0.000000000000000000, 0.000000000000000000 ) ) ;
#1847 = LINE ( 'NONE', #2355, #1558 ) ;
#1848 = CARTESIAN_POINT ( 'NONE',  ( 25.29467238386869354, 74.98844803805266679, 4.452177916967940519 ) ) ;
#1849 = EDGE_CURVE ( 'NONE', #1515, #726, #1213, .T. ) ;
#1850 = EDGE_LOOP ( 'NONE', ( #3162, #1711, #1470, #458, #1978, #3260 ) ) ;
#1851 = VERTEX_POINT ( 'NONE', #112 ) ;
#1852 = CARTESIAN_POINT ( 'NONE',  ( 15.59999999999998543, -14.99493517516083152, 145.3413857930792688 ) ) ;
#1853 = DIRECTION ( 'NONE',  ( -0.000000000000000000, -0.000000000000000000, -1.000000000000000000 ) ) ;
#1854 = EDGE_CURVE ( 'NONE', #1748, #3498, #148, .T. ) ;
#1855 = CARTESIAN_POINT ( 'NONE',  ( 20.00000000000000711, 168.7011190876420983, 0.000000000000000000 ) ) ;
#1856 = ORIENTED_EDGE ( 'NONE', *, *, #1819, .T. ) ;
#1857 = VECTOR ( 'NONE', #1659, 1000.000000000000000 ) ;
#1858 = LINE ( 'NONE', #1627, #3504 ) ;
#1859 = ORIENTED_EDGE ( 'NONE', *, *, #411, .F. ) ;
#1860 = DIRECTION ( 'NONE',  ( -1.185495751652216669E-16, -1.000000000000000000, 0.000000000000000000 ) ) ;
#1861 = ORIENTED_EDGE ( 'NONE', *, *, #1218, .T. ) ;
#1862 = CARTESIAN_POINT ( 'NONE',  ( -24.46115472733042751, 74.79870160814004976, 3.003641616684519011 ) ) ;
#1863 = DIRECTION ( 'NONE',  ( 0.000000000000000000, -1.000000000000000000, 0.000000000000000000 ) ) ;
#1864 = DIRECTION ( 'NONE',  ( 2.312964634635743450E-16, 1.000000000000000000, 0.000000000000000000 ) ) ;
#1865 = ORIENTED_EDGE ( 'NONE', *, *, #2661, .T. ) ;
#1866 = ORIENTED_EDGE ( 'NONE', *, *, #1819, .F. ) ;
#1868 = VECTOR ( 'NONE', #2995, 1000.000000000000000 ) ;
#1867 = LINE ( 'NONE', #1335, #3409 ) ;
#1869 = CARTESIAN_POINT ( 'NONE',  ( -23.52858092251139865, 74.56145157584924732, 12.92893218813448541 ) ) ;
#1870 = CARTESIAN_POINT ( 'NONE',  ( -16.45751311064589473, -1.803109537846327600E-15, 5.857864376269030338 ) ) ;
#1871 = DIRECTION ( 'NONE',  ( -3.455753102189216147E-16, -1.000000000000000000, -0.000000000000000000 ) ) ;
#1872 = ORIENTED_EDGE ( 'NONE', *, *, #3381, .T. ) ;
#1873 = EDGE_CURVE ( 'NONE', #2364, #2400, #946, .T. ) ;
#1874 = LINE ( 'NONE', #529, #2646 ) ;
#1875 = ORIENTED_EDGE ( 'NONE', *, *, #3288, .T. ) ;
#1876 = AXIS2_PLACEMENT_3D ( 'NONE', #2576, #930, #2030 ) ;
#1877 = ORIENTED_EDGE ( 'NONE', *, *, #577, .T. ) ;
#1878 = FACE_OUTER_BOUND ( 'NONE', #470, .T. ) ;
#1879 = CARTESIAN_POINT ( 'NONE',  ( 63.69554477766125444, 70.87209465470370162, 19.98441740973384029 ) ) ;
#1880 = LINE ( 'NONE', #537, #1587 ) ;
#1881 = VECTOR ( 'NONE', #3060, 1000.000000000000000 ) ;
#1882 =( BOUNDED_CURVE ( )  B_SPLINE_CURVE ( 3, ( #3262, #1069, #2161, #2711 ),
 .UNSPECIFIED., .F., .F. ) 
 B_SPLINE_CURVE_WITH_KNOTS ( ( 4, 4 ),
 ( 1.573456011981952063, 3.141592653589793116 ),
 .UNSPECIFIED. ) 
 CURVE ( )  GEOMETRIC_REPRESENTATION_ITEM ( )  RATIONAL_B_SPLINE_CURVE ( ( 1.000000000000000000, 0.8053643309151354845, 0.8053643309151354845, 1.000000000000000000 ) ) 
 REPRESENTATION_ITEM ( '' )  );
#1883 = ADVANCED_FACE ( 'NONE', ( #3107 ), #2797, .F. ) ;
#1884 = ORIENTED_EDGE ( 'NONE', *, *, #1734, .F. ) ;
#1885 = VERTEX_POINT ( 'NONE', #963 ) ;
#1886 = DIRECTION ( 'NONE',  ( -1.095614826932720471E-16, 1.000000000000000000, 0.000000000000000000 ) ) ;
#1887 = CARTESIAN_POINT ( 'NONE',  ( -13.50000000000000533, 20.20000000000000284, 13.00000000000000178 ) ) ;
#1888 = EDGE_CURVE ( 'NONE', #1066, #2896, #429, .T. ) ;
#1889 = CARTESIAN_POINT ( 'NONE',  ( 19.99999999999998224, -4.163336342344333871E-15, 11.00000000000000000 ) ) ;
#1890 = LINE ( 'NONE', #2684, #2509 ) ;
#1891 = LINE ( 'NONE', #510, #1346 ) ;
#1892 = EDGE_CURVE ( 'NONE', #2075, #1528, #2590, .T. ) ;
#1893 = EDGE_LOOP ( 'NONE', ( #2789, #2028, #2710, #3506 ) ) ;
#1894 = VECTOR ( 'NONE', #662, 1000.000000000000000 ) ;
#1895 = CARTESIAN_POINT ( 'NONE',  ( -2.500000000000004885, 91.20000000000000284, 20.00000000000000000 ) ) ;
#1896 = ORIENTED_EDGE ( 'NONE', *, *, #979, .F. ) ;
#1897 = AXIS2_PLACEMENT_3D ( 'NONE', #1563, #1051, #517 ) ;
#1898 = LINE ( 'NONE', #536, #1157 ) ;
#1899 = CARTESIAN_POINT ( 'NONE',  ( -17.99999999999997513, 60.00000000000005684, 2.000000000000000000 ) ) ;
#1900 = EDGE_LOOP ( 'NONE', ( #539, #1767, #2851, #2891 ) ) ;
#1901 = DIRECTION ( 'NONE',  ( 1.000000000000000000, 0.000000000000000000, 0.000000000000000000 ) ) ;
#1902 = CARTESIAN_POINT ( 'NONE',  ( 19.99999999999999645, 71.70111908764206987, 3.000000000000000000 ) ) ;
#1903 = DIRECTION ( 'NONE',  ( -1.185495751652216669E-16, -1.000000000000000000, 0.000000000000000000 ) ) ;
#1904 = EDGE_CURVE ( 'NONE', #3111, #3164, #1155, .T. ) ;
#1905 = CARTESIAN_POINT ( 'NONE',  ( 20.00000000000002842, 60.00000000000005684, 2.000000000000000000 ) ) ;
#1906 = EDGE_LOOP ( 'NONE', ( #255, #2997, #2026, #2625 ) ) ;
#1907 = DIRECTION ( 'NONE',  ( -0.01055751784968288198, 0.9999442678553909225, 0.000000000000000000 ) ) ;
#1908 = VECTOR ( 'NONE', #3476, 1000.000000000000000 ) ;
#1909 = ORIENTED_EDGE ( 'NONE', *, *, #3503, .T. ) ;
#1910 = VECTOR ( 'NONE', #63, 1000.000000000000000 ) ;
#1911 = EDGE_CURVE ( 'NONE', #1674, #655, #2873, .T. ) ;
#1912 = LINE ( 'NONE', #2979, #3257 ) ;
#1913 = DIRECTION ( 'NONE',  ( 1.000000000000000000, -3.346007010100586627E-16, 0.000000000000000000 ) ) ;
#1914 = AXIS2_PLACEMENT_3D ( 'NONE', #2529, #1504, #2319 ) ;
#1915 = EDGE_CURVE ( 'NONE', #2895, #1611, #81, .T. ) ;
#1916 = ORIENTED_EDGE ( 'NONE', *, *, #2247, .F. ) ;
#1917 = CARTESIAN_POINT ( 'NONE',  ( 10.69999999999999396, 20.20000000000000284, 11.00000000000000000 ) ) ;
#1918 = DIRECTION ( 'NONE',  ( -0.000000000000000000, -0.000000000000000000, -1.000000000000000000 ) ) ;
#1919 = LINE ( 'NONE', #602, #2528 ) ;
#1920 = CARTESIAN_POINT ( 'NONE',  ( -19.99999999999998224, 63.00000000000000000, -1.479114197289396697E-31 ) ) ;
#1921 = EDGE_CURVE ( 'NONE', #2655, #1298, #1739, .T. ) ;
#1922 = EDGE_LOOP ( 'NONE', ( #2637, #476, #238, #20 ) ) ;
#1923 = CARTESIAN_POINT ( 'NONE',  ( 9.999999999999992895, 61.20000000000000284, 13.00000000000000000 ) ) ;
#1924 = EDGE_LOOP ( 'NONE', ( #418, #2303, #70, #203, #2510, #3005 ) ) ;
#1925 = EDGE_CURVE ( 'NONE', #2896, #873, #1302, .T. ) ;
#1926 = ORIENTED_EDGE ( 'NONE', *, *, #3355, .T. ) ;
#1927 = PLANE ( 'NONE',  #2816 ) ;
#1928 = ADVANCED_FACE ( 'NONE', ( #1608 ), #788, .T. ) ;
#1929 = ORIENTED_EDGE ( 'NONE', *, *, #31, .F. ) ;
#1930 = DIRECTION ( 'NONE',  ( 1.185495751652216669E-16, 1.000000000000000000, -8.673617379884034486E-16 ) ) ;
#1931 = DIRECTION ( 'NONE',  ( -0.7499999999999994449, -0.6614378277661482342, 0.000000000000000000 ) ) ;
#1932 = CARTESIAN_POINT ( 'NONE',  ( -23.70000000000000639, 66.00000000000001421, 14.90000000000000036 ) ) ;
#1933 = VECTOR ( 'NONE', #2807, 1000.000000000000000 ) ;
#1934 = CYLINDRICAL_SURFACE ( 'NONE', #3155, 1.199999999999999734 ) ;
#1935 = ORIENTED_EDGE ( 'NONE', *, *, #1148, .F. ) ;
#1936 = CARTESIAN_POINT ( 'NONE',  ( 14.99999999999999645, -1.910929918480489504E-15, 11.00000000000000000 ) ) ;
#1937 = ORIENTED_EDGE ( 'NONE', *, *, #3261, .T. ) ;
#1938 = AXIS2_PLACEMENT_3D ( 'NONE', #2051, #3151, #193 ) ;
#1939 = EDGE_CURVE ( 'NONE', #3017, #640, #2398, .T. ) ;
#1940 = EDGE_LOOP ( 'NONE', ( #940, #1714, #2416, #1861 ) ) ;
#1941 = EDGE_LOOP ( 'NONE', ( #1566, #2231, #610, #2799 ) ) ;
#1942 = CARTESIAN_POINT ( 'NONE',  ( 59.74982674600057919, 65.00886561990334656, 20.00000000000000000 ) ) ;
#1943 = FACE_OUTER_BOUND ( 'NONE', #2164, .T. ) ;
#1944 = AXIS2_PLACEMENT_3D ( 'NONE', #2136, #1318, #3468 ) ;
#1945 = VECTOR ( 'NONE', #3238, 1000.000000000000000 ) ;
#1946 = ORIENTED_EDGE ( 'NONE', *, *, #1351, .T. ) ;
#1947 = DIRECTION ( 'NONE',  ( -3.455753102189216147E-16, -1.000000000000000000, -0.000000000000000000 ) ) ;
#1948 = DIRECTION ( 'NONE',  ( 0.000000000000000000, 0.000000000000000000, -1.000000000000000000 ) ) ;
#1949 = VECTOR ( 'NONE', #1717, 1000.000000000000000 ) ;
#1950 = CYLINDRICAL_SURFACE ( 'NONE', #2709, 1.199999999999999734 ) ;
#1951 = DIRECTION ( 'NONE',  ( 1.000000000000000000, 0.000000000000000000, -0.000000000000000000 ) ) ;
#1952 = EDGE_CURVE ( 'NONE', #651, #329, #1818, .T. ) ;
#1953 = CARTESIAN_POINT ( 'NONE',  ( 0.000000000000000000, 99.20000000000000284, 20.00000000000000000 ) ) ;
#1954 = VERTEX_POINT ( 'NONE', #2381 ) ;
#1955 = PLANE ( 'NONE',  #275 ) ;
#1956 = VERTEX_POINT ( 'NONE', #2647 ) ;
#1957 = AXIS2_PLACEMENT_3D ( 'NONE', #3145, #2835, #1985 ) ;
#1958 = VECTOR ( 'NONE', #1834, 1000.000000000000000 ) ;
#1959 = VECTOR ( 'NONE', #1158, 1000.000000000000000 ) ;
#1960 = ORIENTED_EDGE ( 'NONE', *, *, #842, .T. ) ;
#1961 = DIRECTION ( 'NONE',  ( 1.000000000000000000, -3.455753102189215654E-16, 0.000000000000000000 ) ) ;
#1962 = ADVANCED_FACE ( 'NONE', ( #2116 ), #806, .T. ) ;
#1963 = ORIENTED_EDGE ( 'NONE', *, *, #1173, .T. ) ;
#1964 = CARTESIAN_POINT ( 'NONE',  ( 26.20877453999787932, 169.1622317797013295, 9.676994885402399049 ) ) ;
#1965 = CARTESIAN_POINT ( 'NONE',  ( 20.00000000000002487, 2.602085213965213797E-15, 15.00000000000000000 ) ) ;
#1966 = FACE_BOUND ( 'NONE', #3368, .T. ) ;
#1967 = DIRECTION ( 'NONE',  ( -0.000000000000000000, -1.000000000000000000, -0.000000000000000000 ) ) ;
#1968 = EDGE_CURVE ( 'NONE', #344, #1229, #3469, .T. ) ;
#1969 = VERTEX_POINT ( 'NONE', #505 ) ;
#1970 = CARTESIAN_POINT ( 'NONE',  ( -23.52858092251139865, 74.56145157584924732, 12.92893218813448541 ) ) ;
#1971 = ORIENTED_EDGE ( 'NONE', *, *, #1708, .T. ) ;
#1972 = EDGE_CURVE ( 'NONE', #2546, #378, #2894, .T. ) ;
#1973 = VECTOR ( 'NONE', #2658, 1000.000000000000000 ) ;
#1974 = CARTESIAN_POINT ( 'NONE',  ( 24.97041301440313177, 169.8631327086292515, 3.867244709463102392 ) ) ;
#1975 = ORIENTED_EDGE ( 'NONE', *, *, #3306, .F. ) ;
#1976 = CARTESIAN_POINT ( 'NONE',  ( 11.24221727378942859, -7.522131809083645315, 15.00000000000000000 ) ) ;
#1977 = AXIS2_PLACEMENT_3D ( 'NONE', #2999, #571, #785 ) ;
#1978 = ORIENTED_EDGE ( 'NONE', *, *, #1634, .T. ) ;
#1979 = PLANE ( 'NONE',  #2455 ) ;
#1980 = DIRECTION ( 'NONE',  ( 9.637352644315590312E-17, 1.000000000000000000, 0.000000000000000000 ) ) ;
#1981 = DIRECTION ( 'NONE',  ( 2.062256389565987867E-48, -6.900324336112522010E-64, 1.000000000000000000 ) ) ;
#1982 = FACE_OUTER_BOUND ( 'NONE', #1922, .T. ) ;
#1983 = EDGE_CURVE ( 'NONE', #620, #220, #1890, .T. ) ;
#1984 = ORIENTED_EDGE ( 'NONE', *, *, #3102, .T. ) ;
#1985 = DIRECTION ( 'NONE',  ( -1.000000000000000000, 0.000000000000000000, 0.000000000000000000 ) ) ;
#1986 = CARTESIAN_POINT ( 'NONE',  ( 2.259285152079774271E-14, 63.00000000000000000, -1.500000000000006883 ) ) ;
#1987 = VECTOR ( 'NONE', #1947, 1000.000000000000000 ) ;
#1988 = ORIENTED_EDGE ( 'NONE', *, *, #2874, .T. ) ;
#1989 = VERTEX_POINT ( 'NONE', #1038 ) ;
#1990 = DIRECTION ( 'NONE',  ( -0.000000000000000000, 0.000000000000000000, 1.000000000000000000 ) ) ;
#1991 = ADVANCED_FACE ( 'NONE', ( #543 ), #3453, .T. ) ;
#1992 = EDGE_CURVE ( 'NONE', #2282, #464, #262, .T. ) ;
#1993 = ORIENTED_EDGE ( 'NONE', *, *, #2731, .F. ) ;
#1994 = EDGE_CURVE ( 'NONE', #2698, #342, #1221, .T. ) ;
#1995 = CARTESIAN_POINT ( 'NONE',  ( 27.39999999999999503, 59.99999999999999289, 4.801153862804492442E-15 ) ) ;
#1996 = AXIS2_PLACEMENT_3D ( 'NONE', #1010, #456, #1747 ) ;
#1997 = ORIENTED_EDGE ( 'NONE', *, *, #917, .F. ) ;
#1998 = LINE ( 'NONE', #2827, #1933 ) ;
#1999 = CARTESIAN_POINT ( 'NONE',  ( 11.89999999999999325, 20.20000000000000284, 11.00000000000000000 ) ) ;
#2000 = PLANE ( 'NONE',  #2869 ) ;
#2001 = DIRECTION ( 'NONE',  ( 0.000000000000000000, 0.000000000000000000, 1.000000000000000000 ) ) ;
#2002 = ORIENTED_EDGE ( 'NONE', *, *, #1009, .T. ) ;
#2003 = ORIENTED_EDGE ( 'NONE', *, *, #115, .T. ) ;
#2004 = AXIS2_PLACEMENT_3D ( 'NONE', #2137, #3167, #207 ) ;
#2005 = CARTESIAN_POINT ( 'NONE',  ( 0.000000000000000000, -14.99493517516083152, 11.00000000000000000 ) ) ;
#2006 = DIRECTION ( 'NONE',  ( -1.000000000000000000, 1.185495751652216669E-16, 0.000000000000000000 ) ) ;
#2007 = ORIENTED_EDGE ( 'NONE', *, *, #88, .T. ) ;
#2008 = FACE_OUTER_BOUND ( 'NONE', #1549, .T. ) ;
#2009 = ORIENTED_EDGE ( 'NONE', *, *, #1759, .T. ) ;
#2010 = PLANE ( 'NONE',  #3439 ) ;
#2011 = CARTESIAN_POINT ( 'NONE',  ( -24.46115472733038843, 169.2454474557126218, 3.003641616684461724 ) ) ;
#2012 = CARTESIAN_POINT ( 'NONE',  ( -45.85968939178638237, 177.3333333333333997, 24.40217628114034554 ) ) ;
#2013 = ORIENTED_EDGE ( 'NONE', *, *, #1614, .T. ) ;
#2014 = DIRECTION ( 'NONE',  ( 0.8311169316238978810, -0.5560976946257528697, 0.000000000000000000 ) ) ;
#2015 = ADVANCED_FACE ( 'NONE', ( #2969 ), #2667, .T. ) ;
#2016 = LINE ( 'NONE', #3325, #186 ) ;
#2017 = CARTESIAN_POINT ( 'NONE',  ( -12.30000000000000604, 20.20000000000000284, 13.00000000000000178 ) ) ;
#2018 = DIRECTION ( 'NONE',  ( 1.084202172485505420E-16, -1.000000000000000000, 0.000000000000000000 ) ) ;
#2019 = EDGE_CURVE ( 'NONE', #905, #1122, #281, .T. ) ;
#2020 = VECTOR ( 'NONE', #2025, 1000.000000000000000 ) ;
#2021 = CARTESIAN_POINT ( 'NONE',  ( 17.50000000000002132, 162.7011190876420983, 0.000000000000000000 ) ) ;
#2022 = ORIENTED_EDGE ( 'NONE', *, *, #1373, .F. ) ;
#2023 = ORIENTED_EDGE ( 'NONE', *, *, #917, .T. ) ;
#2024 = DIRECTION ( 'NONE',  ( -1.000000000000000000, 0.000000000000000000, -0.000000000000000000 ) ) ;
#2025 = DIRECTION ( 'NONE',  ( -0.000000000000000000, -1.000000000000000000, -0.000000000000000000 ) ) ;
#2026 = ORIENTED_EDGE ( 'NONE', *, *, #932, .F. ) ;
#2027 = EDGE_LOOP ( 'NONE', ( #1993, #52, #2415, #2515 ) ) ;
#2028 = ORIENTED_EDGE ( 'NONE', *, *, #2533, .T. ) ;
#2029 = CARTESIAN_POINT ( 'NONE',  ( 18.00000000000002842, 63.00000000000000000, -2.449293598294700991E-16 ) ) ;
#2030 = DIRECTION ( 'NONE',  ( -1.000000000000000000, 0.000000000000000000, 0.000000000000000000 ) ) ;
#2031 = ADVANCED_FACE ( 'NONE', ( #2081 ), #1571, .F. ) ;
#2032 = AXIS2_PLACEMENT_3D ( 'NONE', #274, #1070, #1913 ) ;
#2033 = CARTESIAN_POINT ( 'NONE',  ( -1.896364574816368365E-14, 196.9817898228505157, 3.003641616684565641 ) ) ;
#2034 = EDGE_CURVE ( 'NONE', #3335, #752, #1743, .T. ) ;
#2035 = EDGE_LOOP ( 'NONE', ( #2728, #624, #1532, #824 ) ) ;
#2036 = LINE ( 'NONE', #1768, #1746 ) ;
#2037 = CARTESIAN_POINT ( 'NONE',  ( -23.70000000000000639, 66.00000000000001421, 0.09999999999999722999 ) ) ;
#2038 = CARTESIAN_POINT ( 'NONE',  ( -2.499999999999994671, -2.710505431213757634E-16, 20.00000000000000000 ) ) ;
#2039 = CARTESIAN_POINT ( 'NONE',  ( 17.50000000000002132, 162.7011190876420983, -1.500000000000000000 ) ) ;
#2040 = EDGE_CURVE ( 'NONE', #2735, #2690, #2098, .T. ) ;
#2041 = PRODUCT_CONTEXT ( 'NONE', #1540, 'mechanical' ) ;
#2042 = ORIENTED_EDGE ( 'NONE', *, *, #217, .T. ) ;
#2043 = ORIENTED_EDGE ( 'NONE', *, *, #1972, .T. ) ;
#2044 = VECTOR ( 'NONE', #2585, 1000.000000000000000 ) ;
#2045 = PLANE ( 'NONE',  #878 ) ;
#2046 = DIRECTION ( 'NONE',  ( 0.000000000000000000, 0.000000000000000000, 1.000000000000000000 ) ) ;
#2047 = ORIENTED_EDGE ( 'NONE', *, *, #2160, .T. ) ;
#2048 = ORIENTED_EDGE ( 'NONE', *, *, #290, .F. ) ;
#2049 = CARTESIAN_POINT ( 'NONE',  ( -25.55931032189044316, 75.00000000000000000, 10.00000000000000000 ) ) ;
#2050 = DIRECTION ( 'NONE',  ( 0.000000000000000000, -0.000000000000000000, -1.000000000000000000 ) ) ;
#2051 = CARTESIAN_POINT ( 'NONE',  ( 16.45751311064593736, 1.803109537846332333E-15, 9.142135623730975880 ) ) ;
#2052 = VERTEX_POINT ( 'NONE', #2439 ) ;
#2053 = EDGE_CURVE ( 'NONE', #858, #2357, #1356, .T. ) ;
#2054 = LINE ( 'NONE', #1259, #983 ) ;
#2055 = CARTESIAN_POINT ( 'NONE',  ( 2.241070555582017796E-14, 63.00000000000000000, 17.39999999999999858 ) ) ;
#2056 = DIRECTION ( 'NONE',  ( -2.062256389565989386E-48, 6.900324336112527408E-64, -1.000000000000000000 ) ) ;
#2057 = CARTESIAN_POINT ( 'NONE',  ( 2.241070555582017796E-14, 63.00000000000000000, -2.400000000000003020 ) ) ;
#2058 = EDGE_LOOP ( 'NONE', ( #522, #794, #1971, #3084 ) ) ;
#2059 = ORIENTED_EDGE ( 'NONE', *, *, #3056, .F. ) ;
#2060 =( NAMED_UNIT ( * ) SI_UNIT ( $, .STERADIAN. ) SOLID_ANGLE_UNIT ( ) );
#2061 = CARTESIAN_POINT ( 'NONE',  ( 0.000000000000000000, 106.2000000000000028, 11.00000000000000000 ) ) ;
#2062 = ORIENTED_EDGE ( 'NONE', *, *, #577, .F. ) ;
#2063 = AXIS2_PLACEMENT_3D ( 'NONE', #1582, #3404, #2905 ) ;
#2064 = ADVANCED_FACE ( 'NONE', ( #1243 ), #3198, .F. ) ;
#2065 = B_SPLINE_CURVE_WITH_KNOTS ( 'NONE', 3,
 ( #1636, #1803, #2878, #134, #3415, #2593, #1235, #3112 ),
 .UNSPECIFIED., .F., .F.,
 ( 4, 2, 2, 4 ),
 ( 1.734723475976806902E-18, 0.001797102358907051939, 0.002695653538360580186, 0.003594204717814108649 ),
 .UNSPECIFIED. ) ;
#2066 = DIRECTION ( 'NONE',  ( 1.000000000000000000, -3.469446951953614189E-16, 0.000000000000000000 ) ) ;
#2067 = CARTESIAN_POINT ( 'NONE',  ( 91.71567416492216296, 80.88562172233856984, 20.00000000000000000 ) ) ;
#2068 = CARTESIAN_POINT ( 'NONE',  ( -15.00000000000000355, 0.000000000000000000, 0.000000000000000000 ) ) ;
#2069 = ORIENTED_EDGE ( 'NONE', *, *, #425, .F. ) ;
#2070 = CARTESIAN_POINT ( 'NONE',  ( -59.78434077513685452, 65.02659682051326229, -4.999964630394374332 ) ) ;
#2071 = DIRECTION ( 'NONE',  ( -3.346007010100586627E-16, -1.000000000000000000, 0.000000000000000000 ) ) ;
#2072 = EDGE_CURVE ( 'NONE', #2819, #2963, #3139, .T. ) ;
#2073 = CARTESIAN_POINT ( 'NONE',  ( 18.00000000000002842, 60.00000000000005684, 2.000000000000000000 ) ) ;
#2074 = PLANE ( 'NONE',  #420 ) ;
#2075 = VERTEX_POINT ( 'NONE', #2128 ) ;
#2076 = ORIENTED_EDGE ( 'NONE', *, *, #777, .T. ) ;
#2077 = FACE_OUTER_BOUND ( 'NONE', #2568, .T. ) ;
#2078 = VECTOR ( 'NONE', #1907, 1000.000000000000000 ) ;
#2079 = CYLINDRICAL_SURFACE ( 'NONE', #3138, 1.199999999999999734 ) ;
#2080 = VECTOR ( 'NONE', #1, 1000.000000000000000 ) ;
#2081 = FACE_OUTER_BOUND ( 'NONE', #2035, .T. ) ;
#2082 = EDGE_LOOP ( 'NONE', ( #2485, #1620 ) ) ;
#2083 = CIRCLE ( 'NONE', #1012, 1.199999999999999734 ) ;
#2084 = EDGE_CURVE ( 'NONE', #2735, #2202, #1847, .T. ) ;
#2085 = LINE ( 'NONE', #3357, #3117 ) ;
#2086 = DIRECTION ( 'NONE',  ( -1.000000000000000000, -1.040834085586084059E-15, 0.000000000000000000 ) ) ;
#2087 = ORIENTED_EDGE ( 'NONE', *, *, #3014, .T. ) ;
#2088 = VECTOR ( 'NONE', #796, 1000.000000000000000 ) ;
#2089 = CARTESIAN_POINT ( 'NONE',  ( -10.60000000000002274, 1.671642622304927718E-15, 11.00000000000000000 ) ) ;
#2090 = DIRECTION ( 'NONE',  ( -1.000000000000000000, 0.000000000000000000, 0.000000000000000000 ) ) ;
#2091 = PLANE ( 'NONE',  #2689 ) ;
#2092 = DIRECTION ( 'NONE',  ( 0.000000000000000000, 0.000000000000000000, 1.000000000000000000 ) ) ;
#2093 = APPLICATION_PROTOCOL_DEFINITION ( 'draft international standard', 'automotive_design', 1998, #1540 ) ;
#2094 = ORIENTED_EDGE ( 'NONE', *, *, #3190, .T. ) ;
#2095 = EDGE_LOOP ( 'NONE', ( #1865, #613, #1645, #495, #754, #695, #1668, #563, #2805 ) ) ;
#2096 = DIRECTION ( 'NONE',  ( 1.000000000000000000, -3.346007010100586627E-16, 0.000000000000000000 ) ) ;
#2097 = CARTESIAN_POINT ( 'NONE',  ( 20.00000000000001776, 168.7011190876420983, 11.00000000000000000 ) ) ;
#2098 = LINE ( 'NONE', #1093, #3491 ) ;
#2099 = EDGE_CURVE ( 'NONE', #1133, #1334, #705, .T. ) ;
#2100 = ORIENTED_EDGE ( 'NONE', *, *, #3176, .T. ) ;
#2101 = CARTESIAN_POINT ( 'NONE',  ( 50.00000000000000000, 60.00000000000001421, 15.00000000000000000 ) ) ;
#2102 = ORIENTED_EDGE ( 'NONE', *, *, #3073, .T. ) ;
#2103 = CYLINDRICAL_SURFACE ( 'NONE', #2985, 1.199999999999999734 ) ;
#2104 = ADVANCED_FACE ( 'NONE', ( #723 ), #1525, .T. ) ;
#2105 = ORIENTED_EDGE ( 'NONE', *, *, #1759, .F. ) ;
#2106 = EDGE_CURVE ( 'NONE', #1298, #2304, #744, .T. ) ;
#2107 = CARTESIAN_POINT ( 'NONE',  ( -20.52790531377943495, 168.7011190876420983, 3.000000000000000000 ) ) ;
#2108 = DIRECTION ( 'NONE',  ( -1.000000000000000000, 2.312964634635743450E-16, 0.000000000000000000 ) ) ;
#2109 = DIRECTION ( 'NONE',  ( 1.301042606982605321E-16, -1.000000000000000000, 0.000000000000000000 ) ) ;
#2110 = DIRECTION ( 'NONE',  ( -0.7071067811865493491, -7.747166736926543499E-17, -0.7071067811865456854 ) ) ;
#2111 = CARTESIAN_POINT ( 'NONE',  ( -16.45751311064585920, 69.96359218028985083, -5.000000000000007105 ) ) ;
#2112 = ORIENTED_EDGE ( 'NONE', *, *, #205, .T. ) ;
#2113 = ORIENTED_EDGE ( 'NONE', *, *, #564, .T. ) ;
#2114 = DIRECTION ( 'NONE',  ( -0.000000000000000000, -0.000000000000000000, -1.000000000000000000 ) ) ;
#2115 = CARTESIAN_POINT ( 'NONE',  ( -15.59999999999999787, 162.7011190876420983, 0.000000000000000000 ) ) ;
#2116 = FACE_OUTER_BOUND ( 'NONE', #2757, .T. ) ;
#2117 = ORIENTED_EDGE ( 'NONE', *, *, #2461, .T. ) ;
#2118 = ORIENTED_EDGE ( 'NONE', *, *, #2106, .T. ) ;
#2119 = VECTOR ( 'NONE', #104, 1000.000000000000000 ) ;
#2120 = CARTESIAN_POINT ( 'NONE',  ( 10.59999999999997478, -1.671642622304920027E-15, 50.55225032628528936 ) ) ;
#2121 = ORIENTED_EDGE ( 'NONE', *, *, #1088, .T. ) ;
#2122 = LINE ( 'NONE', #2976, #2078 ) ;
#2123 = VECTOR ( 'NONE', #1262, 1000.000000000000000 ) ;
#2124 = VERTEX_POINT ( 'NONE', #780 ) ;
#2125 = FACE_OUTER_BOUND ( 'NONE', #1315, .T. ) ;
#2126 = CARTESIAN_POINT ( 'NONE',  ( 26.09999999999999076, 65.99999999999998579, 0.09999999999999592548 ) ) ;
#2127 = ADVANCED_FACE ( 'NONE', ( #443 ), #2091, .T. ) ;
#2128 = CARTESIAN_POINT ( 'NONE',  ( -17.50000000000000000, 63.00000000000000000, -1.500000000000009104 ) ) ;
#2129 = FACE_OUTER_BOUND ( 'NONE', #1762, .T. ) ;
#2130 = ADVANCED_FACE ( 'NONE', ( #2945 ), #1296, .F. ) ;
#2131 = EDGE_LOOP ( 'NONE', ( #3387, #947, #305, #3449, #711, #3201 ) ) ;
#2132 = VERTEX_POINT ( 'NONE', #975 ) ;
#2133 = LINE ( 'NONE', #486, #1958 ) ;
#2134 = CARTESIAN_POINT ( 'NONE',  ( 9.999999999999992895, 61.20000000000000284, 11.00000000000000000 ) ) ;
#2135 = VECTOR ( 'NONE', #1096, 1000.000000000000114 ) ;
#2136 = CARTESIAN_POINT ( 'NONE',  ( -15.00000000000000355, 0.000000000000000000, -1.200000000000000030E-05 ) ) ;
#2137 = CARTESIAN_POINT ( 'NONE',  ( 0.000000000000000000, 99.20000000000000284, 18.00000000000000355 ) ) ;
#2138 = VERTEX_POINT ( 'NONE', #499 ) ;
#2139 = VECTOR ( 'NONE', #2114, 1000.000000000000000 ) ;
#2140 = CARTESIAN_POINT ( 'NONE',  ( -23.70000000000000639, 63.00000000000001421, 14.90000000000000036 ) ) ;
#2141 = EDGE_LOOP ( 'NONE', ( #166, #2610 ) ) ;
#2142 = ORIENTED_EDGE ( 'NONE', *, *, #877, .T. ) ;
#2143 = ADVANCED_FACE ( 'NONE', ( #2392 ), #479, .F. ) ;
#2144 = EDGE_CURVE ( 'NONE', #190, #2307, #3159, .T. ) ;
#2145 = LINE ( 'NONE', #2126, #450 ) ;
#2146 = PLANE ( 'NONE',  #261 ) ;
#2147 = DIRECTION ( 'NONE',  ( 0.000000000000000000, -0.000000000000000000, -1.000000000000000000 ) ) ;
#2148 = ORIENTED_EDGE ( 'NONE', *, *, #1449, .T. ) ;
#2149 = ORIENTED_EDGE ( 'NONE', *, *, #2580, .T. ) ;
#2150 = DIRECTION ( 'NONE',  ( -1.000000000000000000, -1.387778780781445676E-15, 3.469446951953614189E-15 ) ) ;
#2151 = CARTESIAN_POINT ( 'NONE',  ( 15.59999999999998721, -1.849373372577456376E-15, 11.00000000000000000 ) ) ;
#2152 = EDGE_CURVE ( 'NONE', #2425, #3188, #2318, .T. ) ;
#2153 = CARTESIAN_POINT ( 'NONE',  ( -26.00677561912519309, 75.00000000000001421, 5.000000000000000888 ) ) ;
#2154 = FACE_OUTER_BOUND ( 'NONE', #2831, .T. ) ;
#2155 = AXIS2_PLACEMENT_3D ( 'NONE', #849, #2983, #43 ) ;
#2156 = ORIENTED_EDGE ( 'NONE', *, *, #1142, .T. ) ;
#2157 = LINE ( 'NONE', #3259, #2802 ) ;
#2158 = AXIS2_PLACEMENT_3D ( 'NONE', #394, #2555, #135 ) ;
#2159 = ORIENTED_EDGE ( 'NONE', *, *, #1403, .T. ) ;
#2160 = EDGE_CURVE ( 'NONE', #1163, #1122, #1791, .T. ) ;
#2161 = CARTESIAN_POINT ( 'NONE',  ( 66.45751311064594802, 75.00000000000005684, -0.8455185095588855226 ) ) ;
#2162 = LINE ( 'NONE', #2712, #2569 ) ;
#2163 = PRESENTATION_LAYER_ASSIGNMENT (  '', '', ( #1764 ) ) ;
#2164 = EDGE_LOOP ( 'NONE', ( #595, #871, #3426, #732, #2002, #606, #3024, #2218, #2572, #1984, #1576, #2605, #2680, #582, #2268, #2047, #1975, #2679, #1578, #2715, #3002, #2649, #3133, #3414 ) ) ;
#2165 = PLANE ( 'NONE',  #2674 ) ;
#2166 = FACE_OUTER_BOUND ( 'NONE', #1833, .T. ) ;
#2167 = CARTESIAN_POINT ( 'NONE',  ( 0.000000000000000000, 0.000000000000000000, 11.00000000000000000 ) ) ;
#2168 = CARTESIAN_POINT ( 'NONE',  ( 0.000000000000000000, 200.0000000000000000, 5.857864376268992146 ) ) ;
#2169 = EDGE_CURVE ( 'NONE', #3210, #1411, #1032, .T. ) ;
#2170 = CARTESIAN_POINT ( 'NONE',  ( -17.99999999999998224, 63.00000000000000000, 15.00000000000000000 ) ) ;
#2171 = ORIENTED_EDGE ( 'NONE', *, *, #1560, .T. ) ;
#2172 = EDGE_CURVE ( 'NONE', #471, #378, #869, .T. ) ;
#2173 = VECTOR ( 'NONE', #2086, 1000.000000000000000 ) ;
#2174 = CARTESIAN_POINT ( 'NONE',  ( 24.46115472733053409, 74.79870160814007818, 11.99635838331536597 ) ) ;
#2175 = ORIENTED_EDGE ( 'NONE', *, *, #948, .F. ) ;
#2176 = VECTOR ( 'NONE', #2659, 1000.000000000000000 ) ;
#2177 = CARTESIAN_POINT ( 'NONE',  ( 23.52858092251137379, 168.8929676890319911, 2.071067811865470176 ) ) ;
#2178 = DIRECTION ( 'NONE',  ( -3.455753102189216147E-16, -1.000000000000000000, -0.000000000000000000 ) ) ;
#2179 = ORIENTED_EDGE ( 'NONE', *, *, #3328, .F. ) ;
#2180 = DIRECTION ( 'NONE',  ( 0.000000000000000000, 0.000000000000000000, 1.000000000000000000 ) ) ;
#2181 = FACE_OUTER_BOUND ( 'NONE', #3393, .T. ) ;
#2182 = DIRECTION ( 'NONE',  ( 0.000000000000000000, 0.000000000000000000, -1.000000000000000000 ) ) ;
#2183 = EDGE_CURVE ( 'NONE', #3228, #507, #1015, .T. ) ;
#2184 = LINE ( 'NONE', #851, #2583 ) ;
#2185 = EDGE_LOOP ( 'NONE', ( #693, #2258, #3182, #385, #1859, #1234, #3351, #1507 ) ) ;
#2186 = LINE ( 'NONE', #2766, #2582 ) ;
#2187 = VERTEX_POINT ( 'NONE', #3423 ) ;
#2188 = EDGE_CURVE ( 'NONE', #3291, #3045, #992, .T. ) ;
#2189 = VECTOR ( 'NONE', #3189, 1000.000000000000000 ) ;
#2190 = ORIENTED_EDGE ( 'NONE', *, *, #1794, .F. ) ;
#2191 = CARTESIAN_POINT ( 'NONE',  ( 0.000000000000000000, 0.000000000000000000, 13.00000000000000000 ) ) ;
#2192 = PLANE ( 'NONE',  #840 ) ;
#2193 = ORIENTED_EDGE ( 'NONE', *, *, #1001, .T. ) ;
#2194 = CARTESIAN_POINT ( 'NONE',  ( 34.42220510185597959, 37.00506482483917381, 10.00000000000000888 ) ) ;
#2195 = CARTESIAN_POINT ( 'NONE',  ( 2.499999999999994227, 0.000000000000000000, 20.00000000000000000 ) ) ;
#2196 = FACE_BOUND ( 'NONE', #1299, .T. ) ;
#2197 = AXIS2_PLACEMENT_3D ( 'NONE', #3308, #875, #3361 ) ;
#2198 = EDGE_CURVE ( 'NONE', #129, #2643, #1648, .T. ) ;
#2199 = CARTESIAN_POINT ( 'NONE',  ( 2.602085213965210642E-14, 75.00000000000000000, 15.00000000000000000 ) ) ;
#2200 = ORIENTED_EDGE ( 'NONE', *, *, #809, .T. ) ;
#2201 = CARTESIAN_POINT ( 'NONE',  ( 25.49080631756040916, 170.2790767494596764, 4.818531482886454498 ) ) ;
#2202 = VERTEX_POINT ( 'NONE', #2477 ) ;
#2203 = EDGE_CURVE ( 'NONE', #3228, #2690, #1518, .T. ) ;
#2204 = VERTEX_POINT ( 'NONE', #844 ) ;
#2205 = ORIENTED_EDGE ( 'NONE', *, *, #2452, .T. ) ;
#2206 = CARTESIAN_POINT ( 'NONE',  ( 34.42220510185597959, 37.00506482483916670, 2.000000000000007994 ) ) ;
#2207 = DIRECTION ( 'NONE',  ( -1.000000000000000000, 1.156482317317871725E-16, 0.000000000000000000 ) ) ;
#2208 = EDGE_CURVE ( 'NONE', #246, #1989, #3275, .T. ) ;
#2209 = VERTEX_POINT ( 'NONE', #2177 ) ;
#2210 = CARTESIAN_POINT ( 'NONE',  ( 18.00000000000002842, 63.00000000000000000, -1.479114197289397573E-31 ) ) ;
#2211 = CARTESIAN_POINT ( 'NONE',  ( 15.59999999999999609, 71.70111908764206987, 11.00000000000000000 ) ) ;
#2212 = LINE ( 'NONE', #3032, #1638 ) ;
#2213 = COLOUR_RGB ( '',0.7921568627450980005, 0.8196078431372548767, 0.9333333333333333481 ) ;
#2214 = CARTESIAN_POINT ( 'NONE',  ( -17.50000000000000000, 63.00000000000000000, 0.000000000000000000 ) ) ;
#2215 = DIRECTION ( 'NONE',  ( 2.062256389565989386E-48, -6.900324336112527408E-64, 1.000000000000000000 ) ) ;
#2216 = ORIENTED_EDGE ( 'NONE', *, *, #1693, .T. ) ;
#2217 = LINE ( 'NONE', #1709, #883 ) ;
#2218 = ORIENTED_EDGE ( 'NONE', *, *, #1208, .T. ) ;
#2219 = PRODUCT_DEFINITION_FORMATION_WITH_SPECIFIED_SOURCE ( 'ä»', '', #513, .NOT_KNOWN. ) ;
#2220 = ORIENTED_EDGE ( 'NONE', *, *, #1784, .T. ) ;
#2221 = FACE_OUTER_BOUND ( 'NONE', #2095, .T. ) ;
#2222 = CIRCLE ( 'NONE', #1156, 1.199999999999999734 ) ;
#2223 = VECTOR ( 'NONE', #2640, 1000.000000000000000 ) ;
#2224 = ORIENTED_EDGE ( 'NONE', *, *, #481, .F. ) ;
#2225 = CARTESIAN_POINT ( 'NONE',  ( 17.50000000000002842, 152.0564581469694474, 0.000000000000000000 ) ) ;
#2226 = DIRECTION ( 'NONE',  ( -1.000000000000000000, 3.469446951953614189E-16, 0.000000000000000000 ) ) ;
#2227 = DIRECTION ( 'NONE',  ( -1.000000000000000000, 0.000000000000000000, 0.000000000000000000 ) ) ;
#2228 = EDGE_CURVE ( 'NONE', #2444, #3392, #302, .T. ) ;
#2229 = LINE ( 'NONE', #3033, #534 ) ;
#2230 = LINE ( 'NONE', #2747, #1910 ) ;
#2231 = ORIENTED_EDGE ( 'NONE', *, *, #715, .F. ) ;
#2232 = DIRECTION ( 'NONE',  ( -1.000000000000000000, 0.000000000000000000, 0.000000000000000000 ) ) ;
#2233 =( BOUNDED_CURVE ( )  B_SPLINE_CURVE ( 3, ( #87, #2244, #3048, #1206 ),
 .UNSPECIFIED., .F., .F. ) 
 B_SPLINE_CURVE_WITH_KNOTS ( ( 4, 4 ),
 ( 5.009640341705894784, 6.283185307179585344 ),
 .UNSPECIFIED. ) 
 CURVE ( )  GEOMETRIC_REPRESENTATION_ITEM ( )  RATIONAL_B_SPLINE_CURVE ( ( 1.000000000000000000, 0.8693460236502388305, 0.8693460236502388305, 1.000000000000000000 ) ) 
 REPRESENTATION_ITEM ( '' )  );
#2234 = VECTOR ( 'NONE', #2249, 1000.000000000000114 ) ;
#2235 = AXIS2_PLACEMENT_3D ( 'NONE', #2972, #1358, #264 ) ;
#2236 = VERTEX_POINT ( 'NONE', #1101 ) ;
#2237 = LINE ( 'NONE', #100, #270 ) ;
#2238 = EDGE_CURVE ( 'NONE', #507, #65, #1882, .T. ) ;
#2239 = ADVANCED_FACE ( 'NONE', ( #3007 ), #3246, .T. ) ;
#2240 = ORIENTED_EDGE ( 'NONE', *, *, #73, .F. ) ;
#2241 = PLANE ( 'NONE',  #22 ) ;
#2242 = FACE_OUTER_BOUND ( 'NONE', #2131, .T. ) ;
#2243 = AXIS2_PLACEMENT_3D ( 'NONE', #2645, #3185, #749 ) ;
#2244 = CARTESIAN_POINT ( 'NONE',  ( 19.16877253995621899, 73.22592390994351774, -2.288740570689661524 ) ) ;
#2245 = PLANE ( 'NONE',  #132 ) ;
#2246 = VERTEX_POINT ( 'NONE', #2445 ) ;
#2247 = EDGE_CURVE ( 'NONE', #1748, #1969, #1912, .T. ) ;
#2248 = ADVANCED_FACE ( 'NONE', ( #2994 ), #1664, .T. ) ;
#2249 = DIRECTION ( 'NONE',  ( -0.6831300510639746193, -0.2581988897471636513, -0.6831300510639708445 ) ) ;
#2250 = CARTESIAN_POINT ( 'NONE',  ( 24.90000000000001634, 65.99999999999998579, 14.90000000000000036 ) ) ;
#2251 = ORIENTED_EDGE ( 'NONE', *, *, #2072, .F. ) ;
#2252 = ORIENTED_EDGE ( 'NONE', *, *, #36, .F. ) ;
#2253 = VECTOR ( 'NONE', #1562, 1000.000000000000000 ) ;
#2254 = CARTESIAN_POINT ( 'NONE',  ( -13.50000000000000533, 56.99999999999999289, 13.00000000000000178 ) ) ;
#2255 = ORIENTED_EDGE ( 'NONE', *, *, #2320, .F. ) ;
#2256 = LINE ( 'NONE', #2846, #1407 ) ;
#2257 = VECTOR ( 'NONE', #2950, 1000.000000000000000 ) ;
#2258 = ORIENTED_EDGE ( 'NONE', *, *, #2144, .F. ) ;
#2259 = LINE ( 'NONE', #1431, #1987 ) ;
#2260 = PLANE ( 'NONE',  #2889 ) ;
#2261 = LINE ( 'NONE', #3327, #312 ) ;
#2262 = LINE ( 'NONE', #1702, #1211 ) ;
#2263 = VERTEX_POINT ( 'NONE', #1331 ) ;
#2264 = FACE_OUTER_BOUND ( 'NONE', #1392, .T. ) ;
#2265 = DIRECTION ( 'NONE',  ( -1.000000000000000000, 0.000000000000000000, 0.000000000000000000 ) ) ;
#2266 = VERTEX_POINT ( 'NONE', #2740 ) ;
#2267 = DIRECTION ( 'NONE',  ( 0.4569633473193861484, 0.8894855250124433788, -0.000000000000000000 ) ) ;
#2268 = ORIENTED_EDGE ( 'NONE', *, *, #3056, .T. ) ;
#2269 = DIRECTION ( 'NONE',  ( 0.000000000000000000, 0.000000000000000000, 1.000000000000000000 ) ) ;
#2270 = ADVANCED_FACE ( 'NONE', ( #2459 ), #2146, .T. ) ;
#2271 = DIRECTION ( 'NONE',  ( 1.000000000000000000, 0.000000000000000000, 0.000000000000000000 ) ) ;
#2272 = DIRECTION ( 'NONE',  ( 0.000000000000000000, 1.000000000000000000, 0.000000000000000000 ) ) ;
#2273 = EDGE_CURVE ( 'NONE', #3291, #1776, #596, .T. ) ;
#2274 = CARTESIAN_POINT ( 'NONE',  ( 23.82215035372525946, 169.0039265043923251, 12.63536275692062105 ) ) ;
#2275 = VERTEX_POINT ( 'NONE', #859 ) ;
#2276 = CARTESIAN_POINT ( 'NONE',  ( -2.949029909160572061E-14, 184.8814210796308544, -5.000000000000000000 ) ) ;
#2277 = VECTOR ( 'NONE', #370, 1000.000000000000000 ) ;
#2278 = DIRECTION ( 'NONE',  ( -0.000000000000000000, -0.000000000000000000, -1.000000000000000000 ) ) ;
#2279 = CARTESIAN_POINT ( 'NONE',  ( -15.59999999999999787, 162.7011190876420983, 3.000000000000000000 ) ) ;
#2280 = CARTESIAN_POINT ( 'NONE',  ( -10.00000000000000533, 79.20000000000000284, 13.00000000000000000 ) ) ;
#2281 = CARTESIAN_POINT ( 'NONE',  ( 26.10000000000001563, 62.99999999999998579, 14.90000000000000036 ) ) ;
#2282 = VERTEX_POINT ( 'NONE', #1681 ) ;
#2283 = ORIENTED_EDGE ( 'NONE', *, *, #3009, .F. ) ;
#2284 = VECTOR ( 'NONE', #2586, 1000.000000000000000 ) ;
#2285 = B_SPLINE_CURVE_WITH_KNOTS ( 'NONE', 3,
 ( #3079, #1964, #350, #103, #142, #1730 ),
 .UNSPECIFIED., .F., .F.,
 ( 4, 2, 4 ),
 ( 0.000000000000000000, 0.001742028160934527056, 0.003484056321869054111 ),
 .UNSPECIFIED. ) ;
#2286 = LINE ( 'NONE', #2061, #1341 ) ;
#2287 = DIRECTION ( 'NONE',  ( 1.734723475976801671E-16, -4.012354050806730595E-32, -1.000000000000000000 ) ) ;
#2288 = ORIENTED_EDGE ( 'NONE', *, *, #2401, .F. ) ;
#2289 = DIRECTION ( 'NONE',  ( -1.095614826932720471E-16, 1.000000000000000000, -8.715763992105328214E-33 ) ) ;
#2290 = EDGE_CURVE ( 'NONE', #1018, #3291, #1898, .T. ) ;
#2291 = ORIENTED_EDGE ( 'NONE', *, *, #2839, .F. ) ;
#2292 = CYLINDRICAL_SURFACE ( 'NONE', #2298, 9.999999999999994671 ) ;
#2293 = CARTESIAN_POINT ( 'NONE',  ( 24.89999999999999147, 65.99999999999998579, 0.09999999999999592548 ) ) ;
#2294 = FACE_OUTER_BOUND ( 'NONE', #3105, .T. ) ;
#2295 = EDGE_CURVE ( 'NONE', #1690, #3228, #1025, .T. ) ;
#2296 = ORIENTED_EDGE ( 'NONE', *, *, #359, .F. ) ;
#2297 = PLANE ( 'NONE',  #1300 ) ;
#2298 = AXIS2_PLACEMENT_3D ( 'NONE', #3170, #2066, #3375 ) ;
#2299 = CARTESIAN_POINT ( 'NONE',  ( 2.123068260032543196E-14, 63.00000000000000000, 2.000000000000000000 ) ) ;
#2300 = CARTESIAN_POINT ( 'NONE',  ( 2.123068260032543196E-14, 63.00000000000000000, -1.479114197289393413E-31 ) ) ;
#2301 = LINE ( 'NONE', #2513, #1804 ) ;
#2302 = DIRECTION ( 'NONE',  ( 0.000000000000000000, 0.000000000000000000, 1.000000000000000000 ) ) ;
#2303 = ORIENTED_EDGE ( 'NONE', *, *, #786, .T. ) ;
#2304 = VERTEX_POINT ( 'NONE', #2961 ) ;
#2305 = CARTESIAN_POINT ( 'NONE',  ( -59.78434077513685452, 65.02659682051326229, 15.00000000000000000 ) ) ;
#2306 = DIRECTION ( 'NONE',  ( -3.469446951953614189E-16, -1.000000000000000000, 0.000000000000000000 ) ) ;
#2307 = VERTEX_POINT ( 'NONE', #3230 ) ;
#2308 = VERTEX_POINT ( 'NONE', #1618 ) ;
#2309 = EDGE_CURVE ( 'NONE', #3023, #1697, #2973, .T. ) ;
#2310 = DIRECTION ( 'NONE',  ( 0.000000000000000000, -0.000000000000000000, -1.000000000000000000 ) ) ;
#2311 = CARTESIAN_POINT ( 'NONE',  ( 23.52858092251142352, 168.8929676890319911, 12.92893218813445522 ) ) ;
#2312 = VECTOR ( 'NONE', #379, 1000.000000000000000 ) ;
#2313 = CARTESIAN_POINT ( 'NONE',  ( 23.52858092251142352, 168.8929676890319911, 12.92893218813445522 ) ) ;
#2314 = ORIENTED_EDGE ( 'NONE', *, *, #786, .F. ) ;
#2315 = DIRECTION ( 'NONE',  ( 1.000000000000000000, 1.040834085586084059E-15, -0.000000000000000000 ) ) ;
#2316 = DIRECTION ( 'NONE',  ( 1.000000000000000000, 0.000000000000000000, 0.000000000000000000 ) ) ;
#2317 = CARTESIAN_POINT ( 'NONE',  ( 26.09999999999999076, 62.99999999999998579, 0.09999999999999592548 ) ) ;
#2318 = LINE ( 'NONE', #3483, #1386 ) ;
#2319 = DIRECTION ( 'NONE',  ( -1.000000000000000000, 0.000000000000000000, -1.734723475976807834E-16 ) ) ;
#2320 = EDGE_CURVE ( 'NONE', #493, #2364, #2065, .T. ) ;
#2321 = ORIENTED_EDGE ( 'NONE', *, *, #1972, .F. ) ;
#2322 = ORIENTED_EDGE ( 'NONE', *, *, #2912, .T. ) ;
#2323 = AXIS2_PLACEMENT_3D ( 'NONE', #1765, #415, #1556 ) ;
#2324 = FACE_OUTER_BOUND ( 'NONE', #1820, .T. ) ;
#2325 = LINE ( 'NONE', #3350, #2473 ) ;
#2326 = ORIENTED_EDGE ( 'NONE', *, *, #1983, .F. ) ;
#2327 = CARTESIAN_POINT ( 'NONE',  ( -26.45751311064590183, 75.00000000000001421, 5.857864376269030338 ) ) ;
#2328 = AXIS2_PLACEMENT_3D ( 'NONE', #3250, #3507, #2150 ) ;
#2329 = LINE ( 'NONE', #1200, #800 ) ;
#2330 = ADVANCED_FACE ( 'NONE', ( #734 ), #155, .T. ) ;
#2331 = CARTESIAN_POINT ( 'NONE',  ( 16.45751311064594447, 65.00000000000000000, 20.00000000000000000 ) ) ;
#2332 = EDGE_LOOP ( 'NONE', ( #1896, #40, #405, #2922 ) ) ;
#2333 = CARTESIAN_POINT ( 'NONE',  ( -20.52790531377943495, 168.7011190876420983, 0.000000000000000000 ) ) ;
#2334 = LINE ( 'NONE', #3461, #967 ) ;
#2335 = DIRECTION ( 'NONE',  ( -1.000000000000000000, 3.455753102189215654E-16, 6.389316844718679697E-48 ) ) ;
#2336 = CARTESIAN_POINT ( 'NONE',  ( 0.000000000000000000, -14.99493517516083152, 0.000000000000000000 ) ) ;
#2337 = VECTOR ( 'NONE', #416, 1000.000000000000000 ) ;
#2338 = VERTEX_POINT ( 'NONE', #1217 ) ;
#2339 = ORIENTED_EDGE ( 'NONE', *, *, #1794, .T. ) ;
#2340 = CARTESIAN_POINT ( 'NONE',  ( 18.00000000000002842, 60.00000000000005684, -2.449293598294700991E-16 ) ) ;
#2341 = ADVANCED_FACE ( 'NONE', ( #3394 ), #2292, .T. ) ;
#2342 = LINE ( 'NONE', #1337, #3019 ) ;
#2343 = CARTESIAN_POINT ( 'NONE',  ( 2.123068260032543196E-14, 63.00000000000000000, 13.00000000000000000 ) ) ;
#2344 = ORIENTED_EDGE ( 'NONE', *, *, #1854, .T. ) ;
#2345 = AXIS2_PLACEMENT_3D ( 'NONE', #1077, #3430, #2952 ) ;
#2346 = ORIENTED_EDGE ( 'NONE', *, *, #1076, .T. ) ;
#2347 = CARTESIAN_POINT ( 'NONE',  ( -15.59999999999998366, 63.00000000000000000, -2.400000000000003020 ) ) ;
#2348 = DIRECTION ( 'NONE',  ( -3.455753102189215654E-16, -1.000000000000000000, 0.000000000000000000 ) ) ;
#2349 = B_SPLINE_CURVE_WITH_KNOTS ( 'NONE', 3,
 ( #2641, #2867, #463, #1016, #762, #1848, #480, #200 ),
 .UNSPECIFIED., .F., .F.,
 ( 4, 2, 2, 4 ),
 ( 1.012438182763290860E-17, 0.001797102358907084032, 0.002695653538360623120, 0.003594204717814162425 ),
 .UNSPECIFIED. ) ;
#2350 = DIRECTION ( 'NONE',  ( -0.000000000000000000, -0.000000000000000000, -1.000000000000000000 ) ) ;
#2351 = ORIENTED_EDGE ( 'NONE', *, *, #520, .T. ) ;
#2352 = DIRECTION ( 'NONE',  ( 1.084202172485505297E-16, -1.000000000000000000, 0.000000000000000000 ) ) ;
#2353 = CARTESIAN_POINT ( 'NONE',  ( -12.30000000000000604, 56.99999999999999289, 13.00000000000000178 ) ) ;
#2354 = ADVANCED_FACE ( 'NONE', ( #1271 ), #966, .F. ) ;
#2355 = CARTESIAN_POINT ( 'NONE',  ( 2.116648775090894697E-14, 60.00000000000000000, 20.00000000000000000 ) ) ;
#2356 = CARTESIAN_POINT ( 'NONE',  ( 14.99999999999999467, -14.99493517516083152, -1.200000000000000030E-05 ) ) ;
#2357 = VERTEX_POINT ( 'NONE', #1251 ) ;
#2358 = ORIENTED_EDGE ( 'NONE', *, *, #2629, .F. ) ;
#2359 = DIRECTION ( 'NONE',  ( -2.312964634635743450E-16, -1.000000000000000000, -0.000000000000000000 ) ) ;
#2360 = VECTOR ( 'NONE', #2519, 1000.000000000000000 ) ;
#2361 = PLANE ( 'NONE',  #1944 ) ;
#2362 = AXIS2_PLACEMENT_3D ( 'NONE', #2517, #1705, #93 ) ;
#2363 = DIRECTION ( 'NONE',  ( 0.6614378277661476790, 0.7499999999999998890, 0.000000000000000000 ) ) ;
#2364 = VERTEX_POINT ( 'NONE', #2049 ) ;
#2365 = EDGE_CURVE ( 'NONE', #770, #1604, #984, .T. ) ;
#2366 = CARTESIAN_POINT ( 'NONE',  ( -15.59999999999999432, 152.0564581469694758, -1.499999999999999556 ) ) ;
#2367 = CIRCLE ( 'NONE', #2243, 1.199999999999999734 ) ;
#2368 = VERTEX_POINT ( 'NONE', #453 ) ;
#2369 = EDGE_CURVE ( 'NONE', #858, #2964, #2841, .T. ) ;
#2370 = DIRECTION ( 'NONE',  ( -1.095614826932720471E-16, 1.000000000000000000, -8.715763992105328214E-33 ) ) ;
#2371 = ORIENTED_EDGE ( 'NONE', *, *, #760, .T. ) ;
#2372 = VECTOR ( 'NONE', #2493, 1000.000000000000000 ) ;
#2373 = LINE ( 'NONE', #178, #757 ) ;
#2374 = CARTESIAN_POINT ( 'NONE',  ( 91.71567416492214875, 80.88562172233856984, 20.00000000000000000 ) ) ;
#2375 = DIRECTION ( 'NONE',  ( -1.000000000000000000, -0.000000000000000000, -0.000000000000000000 ) ) ;
#2376 = FACE_OUTER_BOUND ( 'NONE', #361, .T. ) ;
#2377 = EDGE_LOOP ( 'NONE', ( #765, #923, #2574, #678 ) ) ;
#2378 = ORIENTED_EDGE ( 'NONE', *, *, #3456, .T. ) ;
#2379 = DIRECTION ( 'NONE',  ( 0.000000000000000000, 0.000000000000000000, -1.000000000000000000 ) ) ;
#2380 = CARTESIAN_POINT ( 'NONE',  ( -17.99999999999997513, 63.00000000000000000, 0.000000000000000000 ) ) ;
#2381 = CARTESIAN_POINT ( 'NONE',  ( -10.00000000000000711, 61.19999999999999574, 13.00000000000000000 ) ) ;
#2382 = ORIENTED_EDGE ( 'NONE', *, *, #1921, .T. ) ;
#2383 = EDGE_LOOP ( 'NONE', ( #2112, #1704, #3193, #2117 ) ) ;
#2384 = CARTESIAN_POINT ( 'NONE',  ( 16.45751311064595157, 1.803109537846334305E-15, 20.00000000000000000 ) ) ;
#2385 = VERTEX_POINT ( 'NONE', #2554 ) ;
#2386 = EDGE_CURVE ( 'NONE', #378, #471, #3154, .T. ) ;
#2387 = DIRECTION ( 'NONE',  ( -3.455753102189216147E-16, -1.000000000000000000, 0.000000000000000000 ) ) ;
#2388 = ORIENTED_EDGE ( 'NONE', *, *, #3070, .T. ) ;
#2389 = EDGE_CURVE ( 'NONE', #1534, #329, #949, .T. ) ;
#2390 = CYLINDRICAL_SURFACE ( 'NONE', #30, 9.999999999999998224 ) ;
#2391 = DIRECTION ( 'NONE',  ( -1.185495751652216669E-16, -1.000000000000000000, 1.955846739744865716E-32 ) ) ;
#2392 = FACE_OUTER_BOUND ( 'NONE', #1632, .T. ) ;
#2393 = PLANE ( 'NONE',  #590 ) ;
#2394 = VERTEX_POINT ( 'NONE', #2347 ) ;
#2395 = ORIENTED_EDGE ( 'NONE', *, *, #1184, .F. ) ;
#2396 = LINE ( 'NONE', #2340, #244 ) ;
#2397 = DIRECTION ( 'NONE',  ( -3.346007010100586134E-16, -1.000000000000000000, -0.000000000000000000 ) ) ;
#2398 = LINE ( 'NONE', #1855, #1720 ) ;
#2399 = AXIS2_PLACEMENT_3D ( 'NONE', #2928, #2302, #2642 ) ;
#2400 = VERTEX_POINT ( 'NONE', #2327 ) ;
#2401 = EDGE_CURVE ( 'NONE', #3434, #2385, #1380, .T. ) ;
#2402 = AXIS2_PLACEMENT_3D ( 'NONE', #2527, #1446, #3311 ) ;
#2403 = CARTESIAN_POINT ( 'NONE',  ( 24.89999999999999147, 65.99999999999998579, 0.09999999999999592548 ) ) ;
#2404 = EDGE_CURVE ( 'NONE', #2236, #190, #3435, .T. ) ;
#2405 = AXIS2_PLACEMENT_3D ( 'NONE', #3214, #1863, #1279 ) ;
#2406 = VERTEX_POINT ( 'NONE', #2029 ) ;
#2407 = CARTESIAN_POINT ( 'NONE',  ( -66.45751311064590539, 75.00000000000002842, 10.00000000000000000 ) ) ;
#2408 = VECTOR ( 'NONE', #2092, 1000.000000000000000 ) ;
#2409 = ORIENTED_EDGE ( 'NONE', *, *, #1254, .T. ) ;
#2410 = AXIS2_PLACEMENT_3D ( 'NONE', #3110, #3352, #677 ) ;
#2411 = EDGE_CURVE ( 'NONE', #233, #1534, #71, .T. ) ;
#2412 = LINE ( 'NONE', #3229, #2088 ) ;
#2413 = DIRECTION ( 'NONE',  ( -0.000000000000000000, -1.000000000000000000, -0.000000000000000000 ) ) ;
#2414 = CARTESIAN_POINT ( 'NONE',  ( 16.45751311064595157, 1.803109537846334305E-15, 20.00000000000000000 ) ) ;
#2415 = ORIENTED_EDGE ( 'NONE', *, *, #1256, .T. ) ;
#2416 = ORIENTED_EDGE ( 'NONE', *, *, #1224, .T. ) ;
#2417 = DIRECTION ( 'NONE',  ( -3.346007010100586627E-16, -1.000000000000000000, 0.000000000000000000 ) ) ;
#2418 = LINE ( 'NONE', #2151, #1821 ) ;
#2419 = VECTOR ( 'NONE', #2516, 1000.000000000000000 ) ;
#2420 = CARTESIAN_POINT ( 'NONE',  ( -25.29058100963128908, 169.5589411234024055, 3.833067898985340616 ) ) ;
#2421 = DIRECTION ( 'NONE',  ( 1.000000000000000000, -3.346007010100586627E-16, -5.577681830192081865E-48 ) ) ;
#2422 = CIRCLE ( 'NONE', #909, 1.199999999999999734 ) ;
#2423 = AXIS2_PLACEMENT_3D ( 'NONE', #3390, #922, #1800 ) ;
#2424 = DIRECTION ( 'NONE',  ( -1.020461372300644169E-15, -0.8340576562283005257, -0.5516772843673682925 ) ) ;
#2425 = VERTEX_POINT ( 'NONE', #3354 ) ;
#2426 = ADVANCED_FACE ( 'NONE', ( #927 ), #2010, .F. ) ;
#2427 = DIRECTION ( 'NONE',  ( -1.000000000000000000, 3.455753102189216147E-16, -1.752245935330108674E-16 ) ) ;
#2428 = AXIS2_PLACEMENT_3D ( 'NONE', #105, #1188, #2564 ) ;
#2429 = ORIENTED_EDGE ( 'NONE', *, *, #731, .T. ) ;
#2430 = DIRECTION ( 'NONE',  ( -0.6614378277661479011, 0.7499999999999998890, -2.775557561562891967E-17 ) ) ;
#2431 = DIRECTION ( 'NONE',  ( 1.577021341797098300E-16, 1.000000000000000000, 0.000000000000000000 ) ) ;
#2432 = DIRECTION ( 'NONE',  ( 1.734723475976807094E-15, -5.804396911204453289E-31, 1.000000000000000000 ) ) ;
#2433 = VECTOR ( 'NONE', #1330, 999.9999999999998863 ) ;
#2434 = ORIENTED_EDGE ( 'NONE', *, *, #3187, .T. ) ;
#2435 = CARTESIAN_POINT ( 'NONE',  ( -17.49999999999998224, 152.0564581469694758, -1.500000000000000000 ) ) ;
#2436 = DIRECTION ( 'NONE',  ( 0.000000000000000000, 0.000000000000000000, 1.000000000000000000 ) ) ;
#2437 = DIRECTION ( 'NONE',  ( 1.095614826932720595E-16, -1.000000000000000000, 1.540743955509789367E-33 ) ) ;
#2438 = EDGE_CURVE ( 'NONE', #1458, #2812, #1475, .T. ) ;
#2439 = CARTESIAN_POINT ( 'NONE',  ( 15.60000000000000142, 162.7011190876420983, 0.000000000000000000 ) ) ;
#2440 = CARTESIAN_POINT ( 'NONE',  ( 20.00000000000002842, 60.00000000000005684, 2.000000000000000000 ) ) ;
#2441 = VECTOR ( 'NONE', #524, 1000.000000000000000 ) ;
#2442 = ORIENTED_EDGE ( 'NONE', *, *, #3479, .T. ) ;
#2443 = DIRECTION ( 'NONE',  ( -0.000000000000000000, -1.000000000000000000, -0.000000000000000000 ) ) ;
#2444 = VERTEX_POINT ( 'NONE', #414 ) ;
#2445 = CARTESIAN_POINT ( 'NONE',  ( 26.10000000000001563, 65.99999999999998579, 14.90000000000000036 ) ) ;
#2446 = PLANE ( 'NONE',  #3108 ) ;
#2447 = AXIS2_PLACEMENT_3D ( 'NONE', #2699, #58, #2463 ) ;
#2448 = EDGE_CURVE ( 'NONE', #747, #2739, #1495, .T. ) ;
#2449 = EDGE_LOOP ( 'NONE', ( #776, #1062, #165, #1960, #2351 ) ) ;
#2450 = FACE_OUTER_BOUND ( 'NONE', #2557, .T. ) ;
#2451 = CARTESIAN_POINT ( 'NONE',  ( 15.59999999999999432, 59.99999999999999289, -2.400000000000003020 ) ) ;
#2452 = EDGE_CURVE ( 'NONE', #2959, #2837, #532, .T. ) ;
#2453 = DIRECTION ( 'NONE',  ( 1.000000000000000000, -3.469446951953614189E-16, 0.000000000000000000 ) ) ;
#2454 = ORIENTED_EDGE ( 'NONE', *, *, #2779, .F. ) ;
#2455 = AXIS2_PLACEMENT_3D ( 'NONE', #1542, #460, #686 ) ;
#2456 = CARTESIAN_POINT ( 'NONE',  ( 0.000000000000000000, 0.000000000000000000, 15.00000000000000000 ) ) ;
#2457 = ORIENTED_EDGE ( 'NONE', *, *, #2169, .T. ) ;
#2458 = VECTOR ( 'NONE', #3424, 1000.000000000000000 ) ;
#2459 = FACE_OUTER_BOUND ( 'NONE', #789, .T. ) ;
#2460 = CARTESIAN_POINT ( 'NONE',  ( 15.59999999999999254, 37.00506482483916670, 2.000000000000007994 ) ) ;
#2461 = EDGE_CURVE ( 'NONE', #2767, #811, #2157, .T. ) ;
#2462 = VERTEX_POINT ( 'NONE', #810 ) ;
#2463 = DIRECTION ( 'NONE',  ( -1.000000000000000000, 0.000000000000000000, 0.000000000000000000 ) ) ;
#2464 = FACE_OUTER_BOUND ( 'NONE', #2058, .T. ) ;
#2465 = CARTESIAN_POINT ( 'NONE',  ( -26.10000000000000497, 63.00000000000001421, 14.90000000000000036 ) ) ;
#2466 =( BOUNDED_CURVE ( )  B_SPLINE_CURVE ( 3, ( #1301, #2420, #1075, #1284 ),
 .UNSPECIFIED., .F., .F. ) 
 B_SPLINE_CURVE_WITH_KNOTS ( ( 4, 4 ),
 ( 2.356194490192339064, 2.706290379719381356 ),
 .UNSPECIFIED. ) 
 CURVE ( )  GEOMETRIC_REPRESENTATION_ITEM ( )  RATIONAL_B_SPLINE_CURVE ( ( 1.000000000000000000, 0.9898121267997712636, 0.9898121267997712636, 1.000000000000000000 ) ) 
 REPRESENTATION_ITEM ( '' )  );
#2467 = LINE ( 'NONE', #32, #2705 ) ;
#2468 = EDGE_CURVE ( 'NONE', #655, #1411, #2122, .T. ) ;
#2469 = AXIS2_PLACEMENT_3D ( 'NONE', #286, #2427, #2387 ) ;
#2470 = ORIENTED_EDGE ( 'NONE', *, *, #2508, .F. ) ;
#2471 = DIRECTION ( 'NONE',  ( -3.346007010100586134E-16, -1.000000000000000000, -0.000000000000000000 ) ) ;
#2472 = ORIENTED_EDGE ( 'NONE', *, *, #2508, .T. ) ;
#2473 = VECTOR ( 'NONE', #1778, 1000.000000000000000 ) ;
#2474 = ADVANCED_FACE ( 'NONE', ( #1631 ), #514, .T. ) ;
#2475 = ORIENTED_EDGE ( 'NONE', *, *, #3073, .F. ) ;
#2476 = ORIENTED_EDGE ( 'NONE', *, *, #568, .F. ) ;
#2477 = CARTESIAN_POINT ( 'NONE',  ( -49.99999999999997158, 60.00000000000001421, 20.00000000000000000 ) ) ;
#2478 = DIRECTION ( 'NONE',  ( -1.445602896647339163E-16, -1.000000000000000000, 7.228014483236695816E-17 ) ) ;
#2479 = ORIENTED_EDGE ( 'NONE', *, *, #846, .F. ) ;
#2480 = CARTESIAN_POINT ( 'NONE',  ( -16.45751311064592315, 65.00000000000001421, 20.00000000000000000 ) ) ;
#2481 = DIRECTION ( 'NONE',  ( 1.000000000000000000, 1.301042606982605321E-16, -0.000000000000000000 ) ) ;
#2482 = DIRECTION ( 'NONE',  ( -3.469446951953614189E-16, -1.000000000000000000, 0.000000000000000000 ) ) ;
#2483 = CIRCLE ( 'NONE', #2942, 1.199999999999999734 ) ;
#2484 = CARTESIAN_POINT ( 'NONE',  ( -15.60000000000000497, 71.70111908764206987, 3.000000000000002665 ) ) ;
#2485 = ORIENTED_EDGE ( 'NONE', *, *, #2733, .T. ) ;
#2486 = LINE ( 'NONE', #592, #2704 ) ;
#2487 = ORIENTED_EDGE ( 'NONE', *, *, #3355, .F. ) ;
#2488 = VECTOR ( 'NONE', #2050, 1000.000000000000000 ) ;
#2489 = VERTEX_POINT ( 'NONE', #1895 ) ;
#2490 = EDGE_CURVE ( 'NONE', #3369, #3475, #2825, .T. ) ;
#2491 = VERTEX_POINT ( 'NONE', #1064 ) ;
#2492 = DIRECTION ( 'NONE',  ( 1.000000000000000000, -1.185495751652216669E-16, 0.000000000000000000 ) ) ;
#2493 = DIRECTION ( 'NONE',  ( 2.062256389565989386E-48, -6.900324336112527408E-64, 1.000000000000000000 ) ) ;
#2494 = ORIENTED_EDGE ( 'NONE', *, *, #1635, .T. ) ;
#2495 = CARTESIAN_POINT ( 'NONE',  ( 15.59999999999999254, 37.00506482483917381, 10.00000000000000888 ) ) ;
#2496 = CARTESIAN_POINT ( 'NONE',  ( -15.00000000000000355, 0.000000000000000000, 11.00000000000000000 ) ) ;
#2497 = FACE_BOUND ( 'NONE', #1676, .T. ) ;
#2498 = AXIS2_PLACEMENT_3D ( 'NONE', #2743, #1134, #2180 ) ;
#2499 = LINE ( 'NONE', #1138, #3300 ) ;
#2500 = DIRECTION ( 'NONE',  ( -0.000000000000000000, -1.000000000000000000, -0.000000000000000000 ) ) ;
#2501 = ORIENTED_EDGE ( 'NONE', *, *, #1808, .T. ) ;
#2502 = CARTESIAN_POINT ( 'NONE',  ( -16.45751311064592315, 75.00000000000001421, 20.00000000000000000 ) ) ;
#2503 = ADVANCED_FACE ( 'NONE', ( #2940 ), #1081, .F. ) ;
#2504 = ADVANCED_FACE ( 'NONE', ( #547 ), #562, .F. ) ;
#2505 = VECTOR ( 'NONE', #2900, 1000.000000000000227 ) ;
#2506 = EDGE_LOOP ( 'NONE', ( #82, #3128 ) ) ;
#2507 = CARTESIAN_POINT ( 'NONE',  ( -27.40000000000000568, 63.00000000000000000, -2.400000000000003020 ) ) ;
#2508 = EDGE_CURVE ( 'NONE', #2400, #3434, #2691, .T. ) ;
#2509 = VECTOR ( 'NONE', #1871, 1000.000000000000000 ) ;
#2510 = ORIENTED_EDGE ( 'NONE', *, *, #2040, .F. ) ;
#2511 = LINE ( 'NONE', #399, #3063 ) ;
#2512 = CARTESIAN_POINT ( 'NONE',  ( 0.000000000000000000, 84.20000000000001705, 11.00000000000000000 ) ) ;
#2513 = CARTESIAN_POINT ( 'NONE',  ( 2.123068260032543196E-14, 63.00000000000000000, 13.00000000000000000 ) ) ;
#2514 = CARTESIAN_POINT ( 'NONE',  ( 0.000000000000000000, 71.70111908764206987, 0.000000000000000000 ) ) ;
#2515 = ORIENTED_EDGE ( 'NONE', *, *, #459, .T. ) ;
#2516 = DIRECTION ( 'NONE',  ( 1.577021341797098300E-16, 1.000000000000000000, 0.000000000000000000 ) ) ;
#2517 = CARTESIAN_POINT ( 'NONE',  ( -24.90000000000000568, 63.00000000000001421, 14.90000000000000036 ) ) ;
#2518 = ORIENTED_EDGE ( 'NONE', *, *, #2652, .F. ) ;
#2519 = DIRECTION ( 'NONE',  ( 1.095614826932720471E-16, -1.000000000000000000, 0.000000000000000000 ) ) ;
#2520 = EDGE_CURVE ( 'NONE', #2394, #1223, #1360, .T. ) ;
#2521 = VECTOR ( 'NONE', #2271, 1000.000000000000000 ) ;
#2522 = AXIS2_PLACEMENT_3D ( 'NONE', #188, #168, #2046 ) ;
#2523 = ORIENTED_EDGE ( 'NONE', *, *, #247, .F. ) ;
#2524 = CARTESIAN_POINT ( 'NONE',  ( 26.45751311064591960, 169.7337482945703755, 8.053319251116645816 ) ) ;
#2525 = VERTEX_POINT ( 'NONE', #823 ) ;
#2526 = DIRECTION ( 'NONE',  ( -0.000000000000000000, -0.000000000000000000, -1.000000000000000000 ) ) ;
#2527 = CARTESIAN_POINT ( 'NONE',  ( -15.59999999999999787, 116.7011190876420699, 145.3413857930792688 ) ) ;
#2528 = VECTOR ( 'NONE', #44, 1000.000000000000000 ) ;
#2529 = CARTESIAN_POINT ( 'NONE',  ( -14.99999999999998224, 152.0564581469694758, -1.499999999999999556 ) ) ;
#2530 = CARTESIAN_POINT ( 'NONE',  ( 23.70000000000001705, 65.99999999999998579, 14.90000000000000036 ) ) ;
#2531 = ADVANCED_FACE ( 'NONE', ( #212 ), #2103, .F. ) ;
#2532 = ORIENTED_EDGE ( 'NONE', *, *, #1076, .F. ) ;
#2533 = EDGE_CURVE ( 'NONE', #3331, #1458, #1004, .T. ) ;
#2534 = LINE ( 'NONE', #3349, #2578 ) ;
#2535 = CARTESIAN_POINT ( 'NONE',  ( 10.59999999999997478, -1.671642622304920027E-15, 18.00000000000000355 ) ) ;
#2536 = EDGE_CURVE ( 'NONE', #2132, #1989, #3458, .T. ) ;
#2537 = ORIENTED_EDGE ( 'NONE', *, *, #3161, .T. ) ;
#2538 = FACE_OUTER_BOUND ( 'NONE', #1941, .T. ) ;
#2539 = VECTOR ( 'NONE', #3136, 1000.000000000000114 ) ;
#2540 = LINE ( 'NONE', #503, #2139 ) ;
#2541 = ORIENTED_EDGE ( 'NONE', *, *, #3443, .T. ) ;
#2542 = CARTESIAN_POINT ( 'NONE',  ( -13.50000000000000533, 20.20000000000000284, 11.00000000000000000 ) ) ;
#2543 = CARTESIAN_POINT ( 'NONE',  ( -10.60000000000000497, 106.2000000000000028, 50.55225032628528936 ) ) ;
#2544 = FACE_OUTER_BOUND ( 'NONE', #2383, .T. ) ;
#2545 = LINE ( 'NONE', #106, #3015 ) ;
#2546 = VERTEX_POINT ( 'NONE', #755 ) ;
#2547 = ORIENTED_EDGE ( 'NONE', *, *, #3211, .T. ) ;
#2548 = DIRECTION ( 'NONE',  ( 1.000000000000000000, 0.000000000000000000, 0.000000000000000000 ) ) ;
#2549 = CARTESIAN_POINT ( 'NONE',  ( -17.99999999999997513, 60.00000000000005684, 0.000000000000000000 ) ) ;
#2550 = EDGE_LOOP ( 'NONE', ( #1840, #1527, #1506, #95, #1034, #3412 ) ) ;
#2551 = ORIENTED_EDGE ( 'NONE', *, *, #2648, .F. ) ;
#2552 = EDGE_CURVE ( 'NONE', #1249, #2209, #509, .T. ) ;
#2553 = ORIENTED_EDGE ( 'NONE', *, *, #3443, .F. ) ;
#2554 = CARTESIAN_POINT ( 'NONE',  ( -23.52858092251139155, 168.8929676890319911, 12.92893218813450673 ) ) ;
#2555 = DIRECTION ( 'NONE',  ( 0.4569633473193861484, -0.8894855250124433788, 0.000000000000000000 ) ) ;
#2556 = CARTESIAN_POINT ( 'NONE',  ( -6.765421556309545144E-14, 64.99999999999998579, 10.00000000000000000 ) ) ;
#2557 = EDGE_LOOP ( 'NONE', ( #1780, #1796, #2102, #1613, #3324 ) ) ;
#2558 = B_SPLINE_CURVE_WITH_KNOTS ( 'NONE', 3,
 ( #1044, #890, #1974, #2201, #66, #1160 ),
 .UNSPECIFIED., .F., .F.,
 ( 4, 2, 4 ),
 ( 0.000000000000000000, 0.001742028160934564352, 0.003484056321869128704 ),
 .UNSPECIFIED. ) ;
#2559 = VECTOR ( 'NONE', #2902, 1000.000000000000000 ) ;
#2560 = DIRECTION ( 'NONE',  ( -3.346007010100586134E-16, -1.000000000000000000, -0.000000000000000000 ) ) ;
#2561 = CARTESIAN_POINT ( 'NONE',  ( 2.602085213965206697E-16, 162.7011190876420983, -1.499999999999996891 ) ) ;
#2562 = LINE ( 'NONE', #143, #1643 ) ;
#2563 = AXIS2_PLACEMENT_3D ( 'NONE', #1187, #2808, #3365 ) ;
#2564 = DIRECTION ( 'NONE',  ( 1.000000000000000000, 0.000000000000000000, 0.000000000000000000 ) ) ;
#2565 = SHAPE_DEFINITION_REPRESENTATION ( #3134, #1474 ) ;
#2566 = EDGE_CURVE ( 'NONE', #2385, #493, #2957, .T. ) ;
#2567 = EDGE_LOOP ( 'NONE', ( #2795, #689, #1286, #3466 ) ) ;
#2568 = EDGE_LOOP ( 'NONE', ( #964, #1756 ) ) ;
#2569 = VECTOR ( 'NONE', #2178, 1000.000000000000000 ) ;
#2570 = CARTESIAN_POINT ( 'NONE',  ( -24.90000000000000568, 66.00000000000001421, 14.90000000000000036 ) ) ;
#2571 = CARTESIAN_POINT ( 'NONE',  ( -12.30000000000000604, 20.20000000000000284, 13.00000000000000178 ) ) ;
#2572 = ORIENTED_EDGE ( 'NONE', *, *, #1849, .T. ) ;
#2573 = ORIENTED_EDGE ( 'NONE', *, *, #704, .T. ) ;
#2574 = ORIENTED_EDGE ( 'NONE', *, *, #2053, .T. ) ;
#2575 = DIRECTION ( 'NONE',  ( 0.000000000000000000, -1.000000000000000000, 0.000000000000000000 ) ) ;
#2576 = CARTESIAN_POINT ( 'NONE',  ( -12.30000000000000604, 20.20000000000000284, 13.00000000000000178 ) ) ;
#2577 = CYLINDRICAL_SURFACE ( 'NONE', #2783, 9.999999999999998224 ) ;
#2578 = VECTOR ( 'NONE', #3209, 1000.000000000000000 ) ;
#2579 = ORIENTED_EDGE ( 'NONE', *, *, #3240, .F. ) ;
#2580 = EDGE_CURVE ( 'NONE', #1249, #1521, #2558, .T. ) ;
#2581 = DIRECTION ( 'NONE',  ( 0.5560976946257528697, 0.8311169316238978810, 0.000000000000000000 ) ) ;
#2582 = VECTOR ( 'NONE', #343, 1000.000000000000000 ) ;
#2583 = VECTOR ( 'NONE', #3269, 1000.000000000000000 ) ;
#2584 = DIRECTION ( 'NONE',  ( -3.346007010100586134E-16, -1.000000000000000000, -0.000000000000000000 ) ) ;
#2585 = DIRECTION ( 'NONE',  ( 1.000000000000000000, 0.000000000000000000, 0.000000000000000000 ) ) ;
#2586 = DIRECTION ( 'NONE',  ( 9.637352644315590312E-17, 1.000000000000000000, 0.000000000000000000 ) ) ;
#2587 = ORIENTED_EDGE ( 'NONE', *, *, #2188, .F. ) ;
#2588 = ORIENTED_EDGE ( 'NONE', *, *, #1285, .F. ) ;
#2589 = CARTESIAN_POINT ( 'NONE',  ( 16.45751311064586631, 1.803109537846324839E-15, -5.000000000000000000 ) ) ;
#2590 = LINE ( 'NONE', #1986, #2863 ) ;
#2591 = ORIENTED_EDGE ( 'NONE', *, *, #3121, .F. ) ;
#2592 = ORIENTED_EDGE ( 'NONE', *, *, #767, .F. ) ;
#2593 = CARTESIAN_POINT ( 'NONE',  ( -25.29467238386868644, 74.98844803805266679, 10.54782208303205593 ) ) ;
#2594 = PLANE ( 'NONE',  #1087 ) ;
#2595 = CIRCLE ( 'NONE', #3172, 1.199999999999999734 ) ;
#2596 = CARTESIAN_POINT ( 'NONE',  ( 17.39008691546504437, 1.905283706623219553E-15, 4.925290571449910892 ) ) ;
#2597 = ORIENTED_EDGE ( 'NONE', *, *, #3009, .T. ) ;
#2598 = EDGE_CURVE ( 'NONE', #2749, #1466, #3376, .T. ) ;
#2599 = CARTESIAN_POINT ( 'NONE',  ( 18.00000000000002842, 63.00000000000000000, -1.479114197289397573E-31 ) ) ;
#2600 = DIRECTION ( 'NONE',  ( -1.000000000000000000, 3.346007010100586627E-16, 0.000000000000000000 ) ) ;
#2601 = DIRECTION ( 'NONE',  ( 1.000000000000000000, 0.000000000000000000, 0.000000000000000000 ) ) ;
#2602 = DIRECTION ( 'NONE',  ( -1.000000000000000000, 0.000000000000000000, -0.000000000000000000 ) ) ;
#2603 = VECTOR ( 'NONE', #1606, 1000.000000000000000 ) ;
#2604 = ORIENTED_EDGE ( 'NONE', *, *, #3148, .T. ) ;
#2605 = ORIENTED_EDGE ( 'NONE', *, *, #411, .T. ) ;
#2606 = AXIS2_PLACEMENT_3D ( 'NONE', #2614, #2348, #3436 ) ;
#2607 = CARTESIAN_POINT ( 'NONE',  ( -24.90000000000000568, 66.00000000000001421, 0.09999999999999722999 ) ) ;
#2608 = DIRECTION ( 'NONE',  ( -0.7499999999999994449, -0.6614378277661482342, 0.000000000000000000 ) ) ;
#2609 = CARTESIAN_POINT ( 'NONE',  ( 17.50000000000002842, 152.0564581469694474, -1.500000000000000000 ) ) ;
#2610 = ORIENTED_EDGE ( 'NONE', *, *, #1726, .F. ) ;
#2611 = EDGE_LOOP ( 'NONE', ( #225, #485, #209, #2784 ) ) ;
#2612 = DIRECTION ( 'NONE',  ( 1.577021341797098300E-16, 1.000000000000000000, 0.000000000000000000 ) ) ;
#2613 = VECTOR ( 'NONE', #2278, 1000.000000000000000 ) ;
#2614 = CARTESIAN_POINT ( 'NONE',  ( 2.116648775090894697E-14, 60.00000000000000000, -3.697785493223495465E-31 ) ) ;
#2615 = ADVANCED_FACE ( 'NONE', ( #2751 ), #1955, .T. ) ;
#2616 = CARTESIAN_POINT ( 'NONE',  ( 15.59999999999998721, -1.849373372577456376E-15, 11.00000000000000000 ) ) ;
#2617 = ORIENTED_EDGE ( 'NONE', *, *, #2160, .F. ) ;
#2618 = LINE ( 'NONE', #2299, #3419 ) ;
#2619 = DIRECTION ( 'NONE',  ( 0.6831300510639709556, -0.2581988897471621525, 0.6831300510639750634 ) ) ;
#2620 = CARTESIAN_POINT ( 'NONE',  ( 99.21567416492216296, 87.50000000000005684, 4.999999999999980460 ) ) ;
#2621 = FACE_OUTER_BOUND ( 'NONE', #1594, .T. ) ;
#2622 = EDGE_CURVE ( 'NONE', #3392, #246, #1691, .T. ) ;
#2623 = EDGE_CURVE ( 'NONE', #1611, #3295, #1376, .T. ) ;
#2624 = AXIS2_PLACEMENT_3D ( 'NONE', #954, #1769, #1277 ) ;
#2625 = ORIENTED_EDGE ( 'NONE', *, *, #1667, .T. ) ;
#2626 = EDGE_LOOP ( 'NONE', ( #995, #445 ) ) ;
#2627 = CARTESIAN_POINT ( 'NONE',  ( 13.09999999999999432, 56.99999999999999289, 13.00000000000000178 ) ) ;
#2628 = CARTESIAN_POINT ( 'NONE',  ( 91.71567416492217717, 80.88562172233858405, 5.857864376268997475 ) ) ;
#2629 = EDGE_CURVE ( 'NONE', #682, #561, #2486, .T. ) ;
#2630 = CARTESIAN_POINT ( 'NONE',  ( 7.500000000000004441, 193.3856217223384988, -5.000000000000000000 ) ) ;
#2631 = ORIENTED_EDGE ( 'NONE', *, *, #2566, .F. ) ;
#2632 = VECTOR ( 'NONE', #236, 1000.000000000000000 ) ;
#2633 = ORIENTED_EDGE ( 'NONE', *, *, #2448, .T. ) ;
#2634 = DIRECTION ( 'NONE',  ( 1.577021341797098300E-16, 1.000000000000000000, 0.000000000000000000 ) ) ;
#2635 = ORIENTED_EDGE ( 'NONE', *, *, #3286, .F. ) ;
#2636 = CARTESIAN_POINT ( 'NONE',  ( 2.241070555582017796E-14, 63.00000000000000000, -2.400000000000003020 ) ) ;
#2637 = ORIENTED_EDGE ( 'NONE', *, *, #626, .T. ) ;
#2638 = CARTESIAN_POINT ( 'NONE',  ( -2.499999999999994671, -2.710505431213757634E-16, 18.00000000000000355 ) ) ;
#2639 = CARTESIAN_POINT ( 'NONE',  ( -17.99999999999998579, 60.00000000000005684, 13.00000000000000000 ) ) ;
#2640 = DIRECTION ( 'NONE',  ( 0.000000000000000000, 0.000000000000000000, -1.000000000000000000 ) ) ;
#2641 = CARTESIAN_POINT ( 'NONE',  ( 23.52858092251139155, 74.56145157584924732, 2.071067811865484831 ) ) ;
#2642 = DIRECTION ( 'NONE',  ( 1.000000000000000000, 0.000000000000000000, 0.000000000000000000 ) ) ;
#2643 = VERTEX_POINT ( 'NONE', #906 ) ;
#2644 = ORIENTED_EDGE ( 'NONE', *, *, #2490, .T. ) ;
#2645 = CARTESIAN_POINT ( 'NONE',  ( -24.90000000000000568, 63.00000000000001421, 14.90000000000000036 ) ) ;
#2646 = VECTOR ( 'NONE', #1610, 1000.000000000000000 ) ;
#2647 = CARTESIAN_POINT ( 'NONE',  ( 15.59999999999999432, 63.00000000000000000, -1.500000000000005107 ) ) ;
#2648 = EDGE_CURVE ( 'NONE', #409, #2862, #603, .T. ) ;
#2649 = ORIENTED_EDGE ( 'NONE', *, *, #265, .F. ) ;
#2650 = EDGE_LOOP ( 'NONE', ( #1603, #2429, #3095, #1291 ) ) ;
#2651 = CARTESIAN_POINT ( 'NONE',  ( -13.50000000000000533, 56.99999999999999289, 13.00000000000000178 ) ) ;
#2652 = EDGE_CURVE ( 'NONE', #1851, #2338, #2217, .T. ) ;
#2653 = ORIENTED_EDGE ( 'NONE', *, *, #481, .T. ) ;
#2654 = DIRECTION ( 'NONE',  ( -1.000000000000000000, 0.000000000000000000, 0.000000000000000000 ) ) ;
#2655 = VERTEX_POINT ( 'NONE', #358 ) ;
#2656 = VECTOR ( 'NONE', #2560, 1000.000000000000000 ) ;
#2657 = CARTESIAN_POINT ( 'NONE',  ( 18.00000000000002842, -19.99999999999999645, -2.449293598294700991E-16 ) ) ;
#2658 = DIRECTION ( 'NONE',  ( 1.000000000000000000, 0.000000000000000000, 0.000000000000000000 ) ) ;
#2659 = DIRECTION ( 'NONE',  ( -0.000000000000000000, -0.000000000000000000, -1.000000000000000000 ) ) ;
#2660 = DIRECTION ( 'NONE',  ( -1.095614826932720471E-16, 1.000000000000000000, 0.000000000000000000 ) ) ;
#2661 = EDGE_CURVE ( 'NONE', #3465, #2823, #1439, .T. ) ;
#2662 = ORIENTED_EDGE ( 'NONE', *, *, #1888, .T. ) ;
#2663 = ORIENTED_EDGE ( 'NONE', *, *, #1992, .T. ) ;
#2664 = FILL_AREA_STYLE_COLOUR ( '', #2213 ) ;
#2665 = ADVANCED_FACE ( 'NONE', ( #328 ), #98, .F. ) ;
#2666 = DIRECTION ( 'NONE',  ( 1.095614826932720471E-16, -1.000000000000000000, 8.715763992105328214E-33 ) ) ;
#2667 = PLANE ( 'NONE',  #2345 ) ;
#2668 = ORIENTED_EDGE ( 'NONE', *, *, #2034, .T. ) ;
#2669 = AXIS2_PLACEMENT_3D ( 'NONE', #1517, #1537, #1220 ) ;
#2670 = CARTESIAN_POINT ( 'NONE',  ( 15.59999999999999432, 71.70111908764206987, 0.000000000000000000 ) ) ;
#2671 = ADVANCED_FACE ( 'NONE', ( #1181 ), #3337, .T. ) ;
#2672 = ORIENTED_EDGE ( 'NONE', *, *, #2786, .F. ) ;
#2673 = DIRECTION ( 'NONE',  ( -1.000000000000000000, 3.346007010100586627E-16, 0.000000000000000000 ) ) ;
#2674 = AXIS2_PLACEMENT_3D ( 'NONE', #1640, #2716, #2998 ) ;
#2675 = ORIENTED_EDGE ( 'NONE', *, *, #159, .F. ) ;
#2676 = CARTESIAN_POINT ( 'NONE',  ( 15.00000000000000000, -14.99493517516083152, 0.000000000000000000 ) ) ;
#2677 = CARTESIAN_POINT ( 'NONE',  ( 91.71567416492212033, 80.88562172233854142, -5.000000000000000000 ) ) ;
#2678 = CARTESIAN_POINT ( 'NONE',  ( -49.99999999999997158, 60.00000000000001421, -5.000000000000000000 ) ) ;
#2679 = ORIENTED_EDGE ( 'NONE', *, *, #959, .F. ) ;
#2680 = ORIENTED_EDGE ( 'NONE', *, *, #3222, .T. ) ;
#2681 = DIRECTION ( 'NONE',  ( -3.346007010100586134E-16, -1.000000000000000000, -0.000000000000000000 ) ) ;
#2682 = DIRECTION ( 'NONE',  ( 0.000000000000000000, 1.000000000000000000, -0.000000000000000000 ) ) ;
#2683 = DIRECTION ( 'NONE',  ( -2.081668171172168513E-16, -1.000000000000000000, 0.000000000000000000 ) ) ;
#2684 = CARTESIAN_POINT ( 'NONE',  ( -27.39999999999998437, 121.2673150230899353, 17.39999999999999858 ) ) ;
#2685 = VECTOR ( 'NONE', #1735, 1000.000000000000000 ) ;
#2686 = ADVANCED_FACE ( 'NONE', ( #3071 ), #3040, .F. ) ;
#2687 = AXIS2_PLACEMENT_3D ( 'NONE', #338, #865, #615 ) ;
#2688 = LINE ( 'NONE', #228, #214 ) ;
#2689 = AXIS2_PLACEMENT_3D ( 'NONE', #2926, #1312, #462 ) ;
#2690 = VERTEX_POINT ( 'NONE', #608 ) ;
#2691 = LINE ( 'NONE', #774, #1006 ) ;
#2692 = VERTEX_POINT ( 'NONE', #35 ) ;
#2693 = EDGE_CURVE ( 'NONE', #569, #1257, #2186, .T. ) ;
#2694 = CYLINDRICAL_SURFACE ( 'NONE', #3055, 9.999999999999998224 ) ;
#2695 = CARTESIAN_POINT ( 'NONE',  ( 11.89999999999999325, 56.99999999999999289, 11.00000000000000000 ) ) ;
#2696 = DIRECTION ( 'NONE',  ( -2.168404344971010840E-16, 0.000000000000000000, 1.000000000000000000 ) ) ;
#2697 = VERTEX_POINT ( 'NONE', #3271 ) ;
#2698 = VERTEX_POINT ( 'NONE', #80 ) ;
#2699 = CARTESIAN_POINT ( 'NONE',  ( -12.30000000000000604, 56.99999999999999289, 13.00000000000000178 ) ) ;
#2700 = DIRECTION ( 'NONE',  ( 0.000000000000000000, 0.000000000000000000, 1.000000000000000000 ) ) ;
#2701 = CIRCLE ( 'NONE', #1165, 1.199999999999999734 ) ;
#2702 = FACE_OUTER_BOUND ( 'NONE', #126, .T. ) ;
#2703 = CARTESIAN_POINT ( 'NONE',  ( 20.00000000000000711, 121.7011190876420557, 3.000000000000000000 ) ) ;
#2704 = VECTOR ( 'NONE', #1406, 1000.000000000000000 ) ;
#2705 = VECTOR ( 'NONE', #887, 1000.000000000000114 ) ;
#2706 = FACE_OUTER_BOUND ( 'NONE', #1680, .T. ) ;
#2707 = ORIENTED_EDGE ( 'NONE', *, *, #3288, .F. ) ;
#2708 = CARTESIAN_POINT ( 'NONE',  ( 18.00000000000002842, 60.00000000000005684, 13.00000000000000000 ) ) ;
#2709 = AXIS2_PLACEMENT_3D ( 'NONE', #29, #1418, #882 ) ;
#2710 = ORIENTED_EDGE ( 'NONE', *, *, #2438, .T. ) ;
#2711 = CARTESIAN_POINT ( 'NONE',  ( 66.45751311064593381, 75.00000000000005684, 5.000000000000000888 ) ) ;
#2712 = CARTESIAN_POINT ( 'NONE',  ( 27.40000000000001279, 121.2673150230899068, 17.39999999999999858 ) ) ;
#2713 = EDGE_CURVE ( 'NONE', #651, #1954, #839, .T. ) ;
#2714 = VECTOR ( 'NONE', #2391, 1000.000000000000000 ) ;
#2715 = ORIENTED_EDGE ( 'NONE', *, *, #3470, .T. ) ;
#2716 = DIRECTION ( 'NONE',  ( -3.346007010100586627E-16, -1.000000000000000000, 0.000000000000000000 ) ) ;
#2717 = CARTESIAN_POINT ( 'NONE',  ( -17.99999999999998224, -19.99999999999999645, 15.00000000000000000 ) ) ;
#2718 = CARTESIAN_POINT ( 'NONE',  ( 26.45751311064593381, 2.898724364779052582E-15, 9.142135623730975880 ) ) ;
#2719 =( BOUNDED_CURVE ( )  B_SPLINE_CURVE ( 3, ( #586, #3013, #1371, #866 ),
 .UNSPECIFIED., .F., .F. ) 
 B_SPLINE_CURVE_WITH_KNOTS ( ( 4, 4 ),
 ( 3.141592653589793116, 4.709729295197631060 ),
 .UNSPECIFIED. ) 
 CURVE ( )  GEOMETRIC_REPRESENTATION_ITEM ( )  RATIONAL_B_SPLINE_CURVE ( ( 1.000000000000000000, 0.8053643309151361507, 0.8053643309151361507, 1.000000000000000000 ) ) 
 REPRESENTATION_ITEM ( '' )  );
#2720 = FACE_OUTER_BOUND ( 'NONE', #2449, .T. ) ;
#2721 = VECTOR ( 'NONE', #2436, 1000.000000000000000 ) ;
#2722 = VERTEX_POINT ( 'NONE', #3003 ) ;
#2723 = DIRECTION ( 'NONE',  ( -3.346007010100586134E-16, -1.000000000000000000, -0.000000000000000000 ) ) ;
#2724 = ORIENTED_EDGE ( 'NONE', *, *, #2152, .T. ) ;
#2725 = ADVANCED_FACE ( 'NONE', ( #2737 ), #314, .F. ) ;
#2726 = CARTESIAN_POINT ( 'NONE',  ( -1.734723475976806897E-15, -14.99999999999999822, 11.00000000000000000 ) ) ;
#2727 = CARTESIAN_POINT ( 'NONE',  ( 20.00000000000002842, 63.00000000000000000, 2.000000000000000000 ) ) ;
#2728 = ORIENTED_EDGE ( 'NONE', *, *, #1710, .T. ) ;
#2729 = DIRECTION ( 'NONE',  ( -3.346007010100586627E-16, -1.000000000000000000, 0.000000000000000000 ) ) ;
#2730 = PLANE ( 'NONE',  #619 ) ;
#2731 = EDGE_CURVE ( 'NONE', #1515, #1028, #3204, .T. ) ;
#2732 = FACE_OUTER_BOUND ( 'NONE', #2027, .T. ) ;
#2733 = EDGE_CURVE ( 'NONE', #1611, #2895, #3216, .T. ) ;
#2734 = LINE ( 'NONE', #837, #377 ) ;
#2735 = VERTEX_POINT ( 'NONE', #1056 ) ;
#2736 = AXIS2_PLACEMENT_3D ( 'NONE', #1207, #2794, #3346 ) ;
#2737 = FACE_OUTER_BOUND ( 'NONE', #3074, .T. ) ;
#2738 = ORIENTED_EDGE ( 'NONE', *, *, #1939, .F. ) ;
#2739 = VERTEX_POINT ( 'NONE', #2911 ) ;
#2740 = CARTESIAN_POINT ( 'NONE',  ( 27.40000000000001279, 62.99999999999998579, 17.39999999999999858 ) ) ;
#2741 = CARTESIAN_POINT ( 'NONE',  ( 20.00000000000000711, 121.7011190876420557, 3.000000000000000000 ) ) ;
#2742 = ORIENTED_EDGE ( 'NONE', *, *, #508, .T. ) ;
#2743 = CARTESIAN_POINT ( 'NONE',  ( 18.00000000000002842, 60.00000000000005684, 13.00000000000000000 ) ) ;
#2744 = CARTESIAN_POINT ( 'NONE',  ( -23.70000000000000639, 63.00000000000001421, 0.09999999999999722999 ) ) ;
#2745 = FACE_OUTER_BOUND ( 'NONE', #643, .T. ) ;
#2746 = EDGE_CURVE ( 'NONE', #2895, #2936, #2540, .T. ) ;
#2747 = CARTESIAN_POINT ( 'NONE',  ( 15.60000000000000142, 162.7011190876420983, 0.000000000000000000 ) ) ;
#2748 = AXIS2_PLACEMENT_3D ( 'NONE', #1646, #2723, #299 ) ;
#2749 = VERTEX_POINT ( 'NONE', #2627 ) ;
#2750 = EDGE_CURVE ( 'NONE', #2896, #1493, #2133, .T. ) ;
#2751 = FACE_OUTER_BOUND ( 'NONE', #2918, .T. ) ;
#2752 = ORIENTED_EDGE ( 'NONE', *, *, #645, .T. ) ;
#2753 = ORIENTED_EDGE ( 'NONE', *, *, #296, .F. ) ;
#2754 = ORIENTED_EDGE ( 'NONE', *, *, #3187, .F. ) ;
#2755 = CARTESIAN_POINT ( 'NONE',  ( -26.45751311064591960, 169.9999999999999716, 8.545475396915943378 ) ) ;
#2756 = CARTESIAN_POINT ( 'NONE',  ( -1.734723475976806897E-15, -14.99999999999999822, -1.200000000000000030E-05 ) ) ;
#2757 = EDGE_LOOP ( 'NONE', ( #2314, #1678, #102, #371, #2635, #3309 ) ) ;
#2758 = CARTESIAN_POINT ( 'NONE',  ( 20.00000000000000711, 168.7011190876420983, 3.000000000000000000 ) ) ;
#2759 = DIRECTION ( 'NONE',  ( 0.000000000000000000, -0.000000000000000000, -1.000000000000000000 ) ) ;
#2760 = DIRECTION ( 'NONE',  ( -1.000000000000000000, 0.000000000000000000, -0.000000000000000000 ) ) ;
#2761 = CARTESIAN_POINT ( 'NONE',  ( 16.45751311064585920, 65.00000000000000000, -5.000000000000000000 ) ) ;
#2762 = EDGE_CURVE ( 'NONE', #396, #3041, #2422, .T. ) ;
#2763 = EDGE_CURVE ( 'NONE', #2406, #257, #2396, .T. ) ;
#2764 = CARTESIAN_POINT ( 'NONE',  ( -16.45751311064592315, 69.55977666985981500, 20.00000000000000711 ) ) ;
#2765 = ORIENTED_EDGE ( 'NONE', *, *, #809, .F. ) ;
#2766 = CARTESIAN_POINT ( 'NONE',  ( -0.000000000000000000, 162.7011190876420983, 3.000000000000000000 ) ) ;
#2767 = VERTEX_POINT ( 'NONE', #3488 ) ;
#2768 = EDGE_CURVE ( 'NONE', #2444, #3122, #204, .T. ) ;
#2769 = CIRCLE ( 'NONE', #2669, 1.199999999999999734 ) ;
#2770 = ORIENTED_EDGE ( 'NONE', *, *, #3286, .T. ) ;
#2771 = DIRECTION ( 'NONE',  ( 0.8311169316238971039, 0.5560976946257540909, -0.000000000000000000 ) ) ;
#2772 = ORIENTED_EDGE ( 'NONE', *, *, #738, .T. ) ;
#2773 = DIRECTION ( 'NONE',  ( -1.000000000000000000, 0.000000000000000000, 0.000000000000000000 ) ) ;
#2774 = DIRECTION ( 'NONE',  ( -0.7071067811865496822, -7.747166736926547197E-17, 0.7071067811865454633 ) ) ;
#2775 = FACE_OUTER_BOUND ( 'NONE', #3302, .T. ) ;
#2776 = VECTOR ( 'NONE', #2982, 1000.000000000000000 ) ;
#2777 = DIRECTION ( 'NONE',  ( -1.095614826932720471E-16, 1.000000000000000000, 0.000000000000000000 ) ) ;
#2778 = ORIENTED_EDGE ( 'NONE', *, *, #842, .F. ) ;
#2779 = EDGE_CURVE ( 'NONE', #3164, #1066, #1283, .T. ) ;
#2780 = CARTESIAN_POINT ( 'NONE',  ( -16.45751311064592315, 65.00000000000001421, 20.00000000000000000 ) ) ;
#2781 = EDGE_LOOP ( 'NONE', ( #2094, #1185 ) ) ;
#2782 = DIRECTION ( 'NONE',  ( -1.000000000000000000, 0.000000000000000000, -2.168404344971010594E-16 ) ) ;
#2783 = AXIS2_PLACEMENT_3D ( 'NONE', #1519, #174, #1255 ) ;
#2784 = ORIENTED_EDGE ( 'NONE', *, *, #389, .T. ) ;
#2785 = FACE_OUTER_BOUND ( 'NONE', #1893, .T. ) ;
#2786 = EDGE_CURVE ( 'NONE', #1082, #3487, #222, .T. ) ;
#2787 = AXIS2_PLACEMENT_3D ( 'NONE', #579, #1115, #2431 ) ;
#2788 = EDGE_CURVE ( 'NONE', #3473, #1851, #1036, .T. ) ;
#2789 = ORIENTED_EDGE ( 'NONE', *, *, #1460, .F. ) ;
#2790 = CARTESIAN_POINT ( 'NONE',  ( 10.69999999999999396, 56.99999999999999289, 11.00000000000000000 ) ) ;
#2791 = LINE ( 'NONE', #367, #2119 ) ;
#2792 = MANIFOLD_SOLID_BREP ( '\X2\52079664\X0\-\X2\62c94f38\X0\33', #1161 ) ;
#2793 = CARTESIAN_POINT ( 'NONE',  ( 15.60000000000000142, 116.7011190876420699, 145.3413857930792688 ) ) ;
#2794 = DIRECTION ( 'NONE',  ( 0.000000000000000000, 1.000000000000000000, -0.000000000000000000 ) ) ;
#2795 = ORIENTED_EDGE ( 'NONE', *, *, #816, .F. ) ;
#2796 = CARTESIAN_POINT ( 'NONE',  ( -91.71567416492217717, 80.88562172233856984, 20.00000000000000000 ) ) ;
#2797 = CYLINDRICAL_SURFACE ( 'NONE', #2423, 1.199999999999999734 ) ;
#2798 = ORIENTED_EDGE ( 'NONE', *, *, #1609, .F. ) ;
#2799 = ORIENTED_EDGE ( 'NONE', *, *, #1952, .T. ) ;
#2800 = DIRECTION ( 'NONE',  ( -1.000000000000000000, 0.000000000000000000, 0.000000000000000000 ) ) ;
#2801 = EDGE_CURVE ( 'NONE', #569, #747, #2871, .T. ) ;
#2802 = VECTOR ( 'NONE', #793, 1000.000000000000000 ) ;
#2803 = ADVANCED_FACE ( 'NONE', ( #2077 ), #1529, .T. ) ;
#2804 = VECTOR ( 'NONE', #3333, 1000.000000000000000 ) ;
#2805 = ORIENTED_EDGE ( 'NONE', *, *, #1329, .T. ) ;
#2806 = CARTESIAN_POINT ( 'NONE',  ( 26.45751311064591960, 169.1613620457430045, 9.142135623730975880 ) ) ;
#2807 = DIRECTION ( 'NONE',  ( 1.000000000000000000, -3.455753102189215654E-16, 0.000000000000000000 ) ) ;
#2808 = DIRECTION ( 'NONE',  ( -0.000000000000000000, 0.000000000000000000, 1.000000000000000000 ) ) ;
#2809 = LINE ( 'NONE', #3405, #1671 ) ;
#2810 = ADVANCED_FACE ( 'NONE', ( #727 ), #1816, .F. ) ;
#2811 = PLANE ( 'NONE',  #251 ) ;
#2812 = VERTEX_POINT ( 'NONE', #306 ) ;
#2813 = ORIENTED_EDGE ( 'NONE', *, *, #101, .F. ) ;
#2814 = DIRECTION ( 'NONE',  ( 1.000000000000000000, -9.637352644315594010E-17, 0.000000000000000000 ) ) ;
#2815 = CARTESIAN_POINT ( 'NONE',  ( 24.46115472733051988, 170.0000000000000000, 11.99635838331536952 ) ) ;
#2816 = AXIS2_PLACEMENT_3D ( 'NONE', #1116, #845, #2147 ) ;
#2817 = EDGE_LOOP ( 'NONE', ( #3505, #2955, #150, #3143 ) ) ;
#2818 = FACE_OUTER_BOUND ( 'NONE', #3069, .T. ) ;
#2819 = VERTEX_POINT ( 'NONE', #1605 ) ;
#2820 = DIRECTION ( 'NONE',  ( -3.346007010100586627E-16, -1.000000000000000000, 0.000000000000000000 ) ) ;
#2821 = PLANE ( 'NONE',  #2158 ) ;
#2822 = CARTESIAN_POINT ( 'NONE',  ( -19.99999999999997158, 63.00000000000000000, 1.999999999999999556 ) ) ;
#2823 = VERTEX_POINT ( 'NONE', #2480 ) ;
#2824 = CARTESIAN_POINT ( 'NONE',  ( 15.60000000000000142, 162.7011190876420983, 3.000000000000000000 ) ) ;
#2825 =( BOUNDED_CURVE ( )  B_SPLINE_CURVE ( 3, ( #21, #2990, #1596, #2174 ),
 .UNSPECIFIED., .F., .F. ) 
 B_SPLINE_CURVE_WITH_KNOTS ( ( 4, 4 ),
 ( 5.843279076974495704E-16, 1.369810062861916089 ),
 .UNSPECIFIED. ) 
 CURVE ( )  GEOMETRIC_REPRESENTATION_ITEM ( )  RATIONAL_B_SPLINE_CURVE ( ( 1.000000000000000000, 0.8496527517667799012, 0.8496527517667799012, 1.000000000000000000 ) ) 
 REPRESENTATION_ITEM ( '' )  );
#2826 = ADVANCED_FACE ( 'NONE', ( #2450 ), #1652, .F. ) ;
#2827 = CARTESIAN_POINT ( 'NONE',  ( 2.073451861313529235E-14, 60.00000000000000000, 17.39999999999999858 ) ) ;
#2828 = CARTESIAN_POINT ( 'NONE',  ( -27.40000000000000568, 63.00000000000000000, 17.39999999999999858 ) ) ;
#2829 = CARTESIAN_POINT ( 'NONE',  ( 23.70000000000001705, 62.99999999999998579, 14.90000000000000036 ) ) ;
#2830 = LINE ( 'NONE', #2021, #2685 ) ;
#2831 = EDGE_LOOP ( 'NONE', ( #978, #317, #2910, #2707 ) ) ;
#2832 = EDGE_LOOP ( 'NONE', ( #2901, #412, #3245, #1723, #574, #3153 ) ) ;
#2833 = EDGE_CURVE ( 'NONE', #2936, #3295, #852, .T. ) ;
#2834 = VECTOR ( 'NONE', #2526, 1000.000000000000000 ) ;
#2835 = DIRECTION ( 'NONE',  ( 0.000000000000000000, 0.000000000000000000, -1.000000000000000000 ) ) ;
#2836 = CARTESIAN_POINT ( 'NONE',  ( 2.964339811963511080E-15, 25.00506482483916670, 11.00000000000000000 ) ) ;
#2837 = VERTEX_POINT ( 'NONE', #1367 ) ;
#2838 = CARTESIAN_POINT ( 'NONE',  ( -17.39008691546495555, -1.905283706623210086E-15, 10.07470942855000295 ) ) ;
#2839 = EDGE_CURVE ( 'NONE', #3249, #208, #69, .T. ) ;
#2840 = ORIENTED_EDGE ( 'NONE', *, *, #2622, .T. ) ;
#2841 = LINE ( 'NONE', #1536, #1170 ) ;
#2842 = CYLINDRICAL_SURFACE ( 'NONE', #1876, 1.199999999999999734 ) ;
#2843 = LINE ( 'NONE', #3437, #1894 ) ;
#2844 = VERTEX_POINT ( 'NONE', #3219 ) ;
#2845 = VECTOR ( 'NONE', #2864, 1000.000000000000000 ) ;
#2846 = CARTESIAN_POINT ( 'NONE',  ( -17.99999999999998579, 60.00000000000005684, 13.00000000000000000 ) ) ;
#2847 = LINE ( 'NONE', #2599, #2908 ) ;
#2848 = LINE ( 'NONE', #3384, #64 ) ;
#2849 = CARTESIAN_POINT ( 'NONE',  ( -2.499999999999994671, -2.710505431213757634E-16, 18.00000000000000355 ) ) ;
#2850 = AXIS2_PLACEMENT_3D ( 'NONE', #3462, #199, #2601 ) ;
#2851 = ORIENTED_EDGE ( 'NONE', *, *, #925, .T. ) ;
#2852 = ORIENTED_EDGE ( 'NONE', *, *, #2404, .T. ) ;
#2853 = CARTESIAN_POINT ( 'NONE',  ( -10.00000000000000711, 61.19999999999999574, 13.00000000000000000 ) ) ;
#2854 = PLANE ( 'NONE',  #2522 ) ;
#2855 = ORIENTED_EDGE ( 'NONE', *, *, #3248, .T. ) ;
#2856 = ORIENTED_EDGE ( 'NONE', *, *, #568, .T. ) ;
#2857 = CARTESIAN_POINT ( 'NONE',  ( -24.90000000000000568, 63.00000000000001421, 0.09999999999999722999 ) ) ;
#2858 = ADVANCED_FACE ( 'NONE', ( #2966 ), #784, .F. ) ;
#2859 = CARTESIAN_POINT ( 'NONE',  ( 11.89999999999999325, 56.99999999999999289, 13.00000000000000178 ) ) ;
#2860 = DIRECTION ( 'NONE',  ( -1.185495751652216669E-16, -1.000000000000000000, 0.000000000000000000 ) ) ;
#2861 = VECTOR ( 'NONE', #2315, 1000.000000000000000 ) ;
#2862 = VERTEX_POINT ( 'NONE', #2949 ) ;
#2863 = VECTOR ( 'NONE', #981, 1000.000000000000000 ) ;
#2864 = DIRECTION ( 'NONE',  ( 1.000000000000000000, 0.000000000000000000, 0.000000000000000000 ) ) ;
#2865 = FACE_OUTER_BOUND ( 'NONE', #2941, .T. ) ;
#2866 = CARTESIAN_POINT ( 'NONE',  ( -20.52790531377943495, 129.7011190876420699, 3.000000000000000000 ) ) ;
#2867 = CARTESIAN_POINT ( 'NONE',  ( 23.94783676885251822, 74.68988102337304724, 2.490323658206617274 ) ) ;
#2868 = ORIENTED_EDGE ( 'NONE', *, *, #525, .T. ) ;
#2869 = AXIS2_PLACEMENT_3D ( 'NONE', #2849, #1433, #2018 ) ;
#2870 = ORIENTED_EDGE ( 'NONE', *, *, #506, .F. ) ;
#2871 = LINE ( 'NONE', #447, #3124 ) ;
#2872 = LINE ( 'NONE', #2005, #1505 ) ;
#2873 = LINE ( 'NONE', #639, #276 ) ;
#2874 = EDGE_CURVE ( 'NONE', #1885, #2075, #556, .T. ) ;
#2875 = ORIENTED_EDGE ( 'NONE', *, *, #1968, .F. ) ;
#2876 = EDGE_CURVE ( 'NONE', #3164, #3104, #1382, .T. ) ;
#2877 = VERTEX_POINT ( 'NONE', #42 ) ;
#2878 = CARTESIAN_POINT ( 'NONE',  ( -24.32680488014356612, 74.79864235810886441, 12.05685807958929345 ) ) ;
#2879 = CARTESIAN_POINT ( 'NONE',  ( -10.00000000000000711, 61.19999999999999574, 11.00000000000000000 ) ) ;
#2880 = VECTOR ( 'NONE', #2619, 1000.000000000000000 ) ;
#2881 = FACE_OUTER_BOUND ( 'NONE', #1814, .T. ) ;
#2882 = EDGE_CURVE ( 'NONE', #655, #2308, #278, .T. ) ;
#2883 = EDGE_CURVE ( 'NONE', #3454, #988, #13, .T. ) ;
#2884 = ORIENTED_EDGE ( 'NONE', *, *, #2786, .T. ) ;
#2885 = CARTESIAN_POINT ( 'NONE',  ( -12.30000000000000604, 56.99999999999999289, 11.00000000000000000 ) ) ;
#2886 = DIRECTION ( 'NONE',  ( -1.000000000000000000, 0.000000000000000000, -0.000000000000000000 ) ) ;
#2887 = DIRECTION ( 'NONE',  ( -0.000000000000000000, -1.000000000000000000, -0.000000000000000000 ) ) ;
#2888 = CARTESIAN_POINT ( 'NONE',  ( 2.079700173133123018E-14, 63.00000000000000000, 2.000000000000003997 ) ) ;
#2889 = AXIS2_PLACEMENT_3D ( 'NONE', #897, #2774, #381 ) ;
#2890 = EDGE_LOOP ( 'NONE', ( #652, #1442, #2326, #1795 ) ) ;
#2891 = ORIENTED_EDGE ( 'NONE', *, *, #1467, .F. ) ;
#2892 = CARTESIAN_POINT ( 'NONE',  ( 26.45751311064593381, 2.898724364779052582E-15, 5.000000000000007994 ) ) ;
#2893 = CARTESIAN_POINT ( 'NONE',  ( 34.42220510185597959, 25.00506482483916315, 2.000000000000008882 ) ) ;
#2894 = LINE ( 'NONE', #527, #1945 ) ;
#2895 = VERTEX_POINT ( 'NONE', #1399 ) ;
#2896 = VERTEX_POINT ( 'NONE', #3234 ) ;
#2897 = DIRECTION ( 'NONE',  ( -0.000000000000000000, -1.000000000000000000, -0.000000000000000000 ) ) ;
#2898 = VECTOR ( 'NONE', #1198, 1000.000000000000114 ) ;
#2899 = DIRECTION ( 'NONE',  ( 0.000000000000000000, 0.000000000000000000, -1.000000000000000000 ) ) ;
#2900 = DIRECTION ( 'NONE',  ( -0.6831300510639749524, 0.2581988897471612088, 0.6831300510639713996 ) ) ;
#2901 = ORIENTED_EDGE ( 'NONE', *, *, #2295, .F. ) ;
#2902 = DIRECTION ( 'NONE',  ( -1.577021341797098300E-16, -1.000000000000000000, 0.000000000000000000 ) ) ;
#2903 = CARTESIAN_POINT ( 'NONE',  ( -27.40000000000000568, 63.00000000000000000, 0.000000000000000000 ) ) ;
#2904 = ADVANCED_FACE ( 'NONE', ( #258 ), #1669, .F. ) ;
#2905 = DIRECTION ( 'NONE',  ( -1.273953278986993364E-16, -1.000000000000000000, 0.000000000000000000 ) ) ;
#2906 = FACE_OUTER_BOUND ( 'NONE', #1825, .T. ) ;
#2907 = CARTESIAN_POINT ( 'NONE',  ( -16.45751311064586631, 65.00000000000000000, -5.000000000000000000 ) ) ;
#2908 = VECTOR ( 'NONE', #1828, 1000.000000000000000 ) ;
#2909 = ORIENTED_EDGE ( 'NONE', *, *, #2750, .F. ) ;
#2910 = ORIENTED_EDGE ( 'NONE', *, *, #1391, .F. ) ;
#2911 = CARTESIAN_POINT ( 'NONE',  ( -15.60000000000001386, -14.99493517516083152, 0.000000000000000000 ) ) ;
#2912 = EDGE_CURVE ( 'NONE', #2138, #746, #1867, .T. ) ;
#2913 = CARTESIAN_POINT ( 'NONE',  ( 24.89999999999999147, 65.99999999999998579, 0.09999999999999592548 ) ) ;
#2914 = CARTESIAN_POINT ( 'NONE',  ( -1.896364574816368365E-14, 196.9817898228505157, 3.003641616684565641 ) ) ;
#2915 = ORIENTED_EDGE ( 'NONE', *, *, #1467, .T. ) ;
#2916 = AXIS2_PLACEMENT_3D ( 'NONE', #2793, #1483, #144 ) ;
#2917 = VECTOR ( 'NONE', #3025, 1000.000000000000000 ) ;
#2918 = EDGE_LOOP ( 'NONE', ( #628, #2148 ) ) ;
#2919 = PLANE ( 'NONE',  #657 ) ;
#2920 = EDGE_LOOP ( 'NONE', ( #2255, #2631, #2288, #2470, #357 ) ) ;
#2921 = CARTESIAN_POINT ( 'NONE',  ( 24.09689285622721755, 169.1629781702440027, 2.675896908319324030 ) ) ;
#2922 = ORIENTED_EDGE ( 'NONE', *, *, #1224, .F. ) ;
#2923 = EDGE_CURVE ( 'NONE', #988, #3407, #1372, .T. ) ;
#2924 = CARTESIAN_POINT ( 'NONE',  ( 18.00000000000002842, -19.99999999999999645, 2.000000000000000000 ) ) ;
#2925 = PLANE ( 'NONE',  #519 ) ;
#2926 = CARTESIAN_POINT ( 'NONE',  ( 0.000000000000000000, 162.7011190876420983, 0.000000000000000000 ) ) ;
#2927 = LINE ( 'NONE', #2888, #1496 ) ;
#2928 = CARTESIAN_POINT ( 'NONE',  ( 0.000000000000000000, 0.000000000000000000, 0.000000000000000000 ) ) ;
#2929 = ORIENTED_EDGE ( 'NONE', *, *, #1888, .F. ) ;
#2930 = ORIENTED_EDGE ( 'NONE', *, *, #1808, .F. ) ;
#2931 = DIRECTION ( 'NONE',  ( -0.000000000000000000, -0.000000000000000000, -1.000000000000000000 ) ) ;
#2932 = EDGE_CURVE ( 'NONE', #3341, #3475, #1658, .T. ) ;
#2933 = DIRECTION ( 'NONE',  ( -1.000000000000000000, 1.185495751652216669E-16, -0.000000000000000000 ) ) ;
#2934 = VECTOR ( 'NONE', #2215, 1000.000000000000000 ) ;
#2935 = DIRECTION ( 'NONE',  ( -2.081668171172168513E-16, -1.000000000000000000, 0.000000000000000000 ) ) ;
#2936 = VERTEX_POINT ( 'NONE', #540 ) ;
#2937 = ORIENTED_EDGE ( 'NONE', *, *, #1126, .F. ) ;
#2938 = LINE ( 'NONE', #2440, #1733 ) ;
#2939 = VERTEX_POINT ( 'NONE', #1917 ) ;
#2940 = FACE_OUTER_BOUND ( 'NONE', #3038, .T. ) ;
#2941 = EDGE_LOOP ( 'NONE', ( #1275, #2875, #1946, #1719 ) ) ;
#2942 = AXIS2_PLACEMENT_3D ( 'NONE', #11, #397, #3116 ) ;
#2943 = LINE ( 'NONE', #516, #2433 ) ;
#2944 = EDGE_CURVE ( 'NONE', #924, #1303, #627, .T. ) ;
#2945 = FACE_OUTER_BOUND ( 'NONE', #1822, .T. ) ;
#2946 = CARTESIAN_POINT ( 'NONE',  ( 11.89999999999999325, 20.20000000000000284, 11.00000000000000000 ) ) ;
#2947 = EDGE_LOOP ( 'NONE', ( #2224, #664, #2193, #194 ) ) ;
#2948 = EDGE_LOOP ( 'NONE', ( #2553, #1228, #1963, #1438 ) ) ;
#2949 = CARTESIAN_POINT ( 'NONE',  ( -11.10000000000000497, 20.20000000000000284, 13.00000000000000178 ) ) ;
#2950 = DIRECTION ( 'NONE',  ( 1.734723475976807094E-15, -0.000000000000000000, 1.000000000000000000 ) ) ;
#2951 = CARTESIAN_POINT ( 'NONE',  ( -20.00000000000000355, 71.70111908764206987, 3.000000000000000000 ) ) ;
#2952 = DIRECTION ( 'NONE',  ( -1.000000000000000000, 0.000000000000000000, -0.000000000000000000 ) ) ;
#2953 = CIRCLE ( 'NONE', #892, 1.199999999999999734 ) ;
#2954 = PLANE ( 'NONE',  #3440 ) ;
#2955 = ORIENTED_EDGE ( 'NONE', *, *, #2731, .T. ) ;
#2956 = ADVANCED_FACE ( 'NONE', ( #1353 ), #2165, .T. ) ;
#2957 = LINE ( 'NONE', #1307, #1908 ) ;
#2958 = AXIS2_PLACEMENT_3D ( 'NONE', #2607, #3165, #2096 ) ;
#2959 = VERTEX_POINT ( 'NONE', #570 ) ;
#2960 = DIRECTION ( 'NONE',  ( -1.000000000000000000, 0.000000000000000000, 0.000000000000000000 ) ) ;
#2961 = CARTESIAN_POINT ( 'NONE',  ( 16.45751311064584499, 166.2203552699077420, -5.000000000000000000 ) ) ;
#2962 = FACE_BOUND ( 'NONE', #2141, .T. ) ;
#2963 = VERTEX_POINT ( 'NONE', #600 ) ;
#2964 = VERTEX_POINT ( 'NONE', #366 ) ;
#2965 = EDGE_CURVE ( 'NONE', #220, #502, #1998, .T. ) ;
#2966 = FACE_OUTER_BOUND ( 'NONE', #390, .T. ) ;
#2967 = LINE ( 'NONE', #541, #294 ) ;
#2968 = LINE ( 'NONE', #241, #868 ) ;
#2969 = FACE_OUTER_BOUND ( 'NONE', #2082, .T. ) ;
#2970 = CIRCLE ( 'NONE', #861, 1.199999999999999734 ) ;
#2971 = EDGE_CURVE ( 'NONE', #1018, #2406, #1186, .T. ) ;
#2972 = CARTESIAN_POINT ( 'NONE',  ( 0.000000000000000000, 0.000000000000000000, 3.000000000000000000 ) ) ;
#2973 = CIRCLE ( 'NONE', #1436, 1.199999999999999734 ) ;
#2974 = VERTEX_POINT ( 'NONE', #1151 ) ;
#2975 = PRODUCT_DEFINITION_CONTEXT ( 'detailed design', #3098, 'design' ) ;
#2976 = CARTESIAN_POINT ( 'NONE',  ( -20.00000000000000355, 71.70111908764205566, 3.000000000000000000 ) ) ;
#2977 = ORIENTED_EDGE ( 'NONE', *, *, #2598, .F. ) ;
#2978 = EDGE_CURVE ( 'NONE', #2722, #3331, #857, .T. ) ;
#2979 = CARTESIAN_POINT ( 'NONE',  ( 10.59999999999999076, 106.2000000000000028, 50.55225032628528936 ) ) ;
#2980 = LINE ( 'NONE', #2460, #511 ) ;
#2981 = ORIENTED_EDGE ( 'NONE', *, *, #1994, .F. ) ;
#2982 = DIRECTION ( 'NONE',  ( -2.312964634635743450E-16, -1.000000000000000000, -0.000000000000000000 ) ) ;
#2983 = DIRECTION ( 'NONE',  ( -0.000000000000000000, -0.000000000000000000, -1.000000000000000000 ) ) ;
#2984 = LINE ( 'NONE', #2718, #2991 ) ;
#2985 = AXIS2_PLACEMENT_3D ( 'NONE', #1292, #268, #2654 ) ;
#2986 = CIRCLE ( 'NONE', #884, 1.199999999999999734 ) ;
#2987 = EDGE_CURVE ( 'NONE', #2075, #3487, #913, .T. ) ;
#2988 = LINE ( 'NONE', #1953, #1117 ) ;
#2989 = ORIENTED_EDGE ( 'NONE', *, *, #115, .F. ) ;
#2990 = CARTESIAN_POINT ( 'NONE',  ( 16.45751311064594447, 69.96359218028989346, 19.99999999999999645 ) ) ;
#2991 = VECTOR ( 'NONE', #558, 1000.000000000000000 ) ;
#2992 = EDGE_LOOP ( 'NONE', ( #2076, #1377, #1866, #658, #1182 ) ) ;
#2993 = EDGE_CURVE ( 'NONE', #1345, #3291, #935, .T. ) ;
#2994 = FACE_OUTER_BOUND ( 'NONE', #719, .T. ) ;
#2995 = DIRECTION ( 'NONE',  ( -1.000000000000000000, 0.000000000000000000, 0.000000000000000000 ) ) ;
#2996 = EDGE_CURVE ( 'NONE', #298, #1381, #2285, .T. ) ;
#2997 = ORIENTED_EDGE ( 'NONE', *, *, #1263, .F. ) ;
#2998 = DIRECTION ( 'NONE',  ( 1.000000000000000000, -3.346007010100586627E-16, 0.000000000000000000 ) ) ;
#2999 = CARTESIAN_POINT ( 'NONE',  ( 17.39008691546503726, 75.00000000000000000, 4.925290571449910892 ) ) ;
#3000 = CARTESIAN_POINT ( 'NONE',  ( -17.99999999999998224, 60.00000000000005684, 15.00000000000000000 ) ) ;
#3001 = PLANE ( 'NONE',  #1633 ) ;
#3002 = ORIENTED_EDGE ( 'NONE', *, *, #226, .T. ) ;
#3003 = CARTESIAN_POINT ( 'NONE',  ( -59.73256969328389232, 65.00000000000002842, 20.00000000000000000 ) ) ;
#3004 = ORIENTED_EDGE ( 'NONE', *, *, #867, .F. ) ;
#3005 = ORIENTED_EDGE ( 'NONE', *, *, #1628, .T. ) ;
#3006 = VECTOR ( 'NONE', #3099, 1000.000000000000000 ) ;
#3007 = FACE_OUTER_BOUND ( 'NONE', #2377, .T. ) ;
#3008 = LINE ( 'NONE', #3231, #56 ) ;
#3009 = EDGE_CURVE ( 'NONE', #1466, #2749, #3244, .T. ) ;
#3010 = EDGE_LOOP ( 'NONE', ( #2142, #2537, #1306, #1238 ) ) ;
#3011 = DIRECTION ( 'NONE',  ( 0.000000000000000000, 0.000000000000000000, 1.000000000000000000 ) ) ;
#3012 = CARTESIAN_POINT ( 'NONE',  ( 20.00000000000001776, 37.00506482483917381, 10.00000000000000888 ) ) ;
#3013 = CARTESIAN_POINT ( 'NONE',  ( -66.45751311064591960, 75.00000000000002842, -0.8455185095588707567 ) ) ;
#3014 = EDGE_CURVE ( 'NONE', #1223, #2275, #2259, .T. ) ;
#3015 = VECTOR ( 'NONE', #617, 1000.000000000000000 ) ;
#3016 = CARTESIAN_POINT ( 'NONE',  ( -24.46115472733043106, 169.3185489662074872, 3.003641616684509241 ) ) ;
#3017 = VERTEX_POINT ( 'NONE', #2758 ) ;
#3018 = DIRECTION ( 'NONE',  ( -1.273953278986993364E-16, -1.000000000000000000, 0.000000000000000000 ) ) ;
#3019 = VECTOR ( 'NONE', #1853, 1000.000000000000000 ) ;
#3020 = EDGE_LOOP ( 'NONE', ( #2321, #1104, #1491, #113 ) ) ;
#3021 = VECTOR ( 'NONE', #1058, 1000.000000000000000 ) ;
#3022 = AXIS2_PLACEMENT_3D ( 'NONE', #1297, #1526, #3445 ) ;
#3023 = VERTEX_POINT ( 'NONE', #2790 ) ;
#3024 = ORIENTED_EDGE ( 'NONE', *, *, #1968, .T. ) ;
#3025 = DIRECTION ( 'NONE',  ( -1.000000000000000000, 1.156482317317871478E-16, 0.000000000000000000 ) ) ;
#3026 = DIRECTION ( 'NONE',  ( 1.000000000000000000, 0.000000000000000000, 2.168404344971010840E-16 ) ) ;
#3027 = EDGE_CURVE ( 'NONE', #331, #2739, #2016, .T. ) ;
#3028 = EDGE_CURVE ( 'NONE', #1572, #2338, #1445, .T. ) ;
#3029 = ORIENTED_EDGE ( 'NONE', *, *, #816, .T. ) ;
#3030 = LINE ( 'NONE', #2495, #1541 ) ;
#3031 = FACE_OUTER_BOUND ( 'NONE', #1264, .T. ) ;
#3032 = CARTESIAN_POINT ( 'NONE',  ( 23.52858092251139155, 2.577826211538981851E-15, 2.071067811865480390 ) ) ;
#3033 = CARTESIAN_POINT ( 'NONE',  ( 14.99999999999999645, -1.910929918480489504E-15, 0.000000000000000000 ) ) ;
#3034 = VECTOR ( 'NONE', #942, 1000.000000000000000 ) ;
#3035 = EDGE_CURVE ( 'NONE', #2202, #1066, #380, .T. ) ;
#3036 = CARTESIAN_POINT ( 'NONE',  ( -26.10000000000000497, 66.00000000000001421, 14.90000000000000036 ) ) ;
#3037 = VECTOR ( 'NONE', #1763, 1000.000000000000000 ) ;
#3038 = EDGE_LOOP ( 'NONE', ( #3274, #406, #125, #1935, #2475, #3168, #1395, #3053, #3232, #3334 ) ) ;
#3039 = AXIS2_PLACEMENT_3D ( 'NONE', #3127, #2306, #388 ) ;
#3040 = CYLINDRICAL_SURFACE ( 'NONE', #2748, 1.199999999999999734 ) ;
#3041 = VERTEX_POINT ( 'NONE', #1750 ) ;
#3042 = EDGE_LOOP ( 'NONE', ( #977, #2291 ) ) ;
#3043 = DIRECTION ( 'NONE',  ( 1.752245935330108428E-16, -6.055329326815466478E-32, -1.000000000000000000 ) ) ;
#3044 = EDGE_CURVE ( 'NONE', #635, #1163, #121, .T. ) ;
#3045 = VERTEX_POINT ( 'NONE', #1415 ) ;
#3046 = CARTESIAN_POINT ( 'NONE',  ( -59.78434077513685452, 65.02659682051326229, 19.99996463039437700 ) ) ;
#3047 = DIRECTION ( 'NONE',  ( -1.301042606982605321E-16, 1.000000000000000000, 0.000000000000000000 ) ) ;
#3048 = CARTESIAN_POINT ( 'NONE',  ( 16.45751311064586275, 69.55977666985981500, -5.000000000000006217 ) ) ;
#3049 = CARTESIAN_POINT ( 'NONE',  ( 34.42220510185597959, 25.00506482483916315, 2.000000000000008882 ) ) ;
#3050 = VECTOR ( 'NONE', #1770, 1000.000000000000000 ) ;
#3051 = ORIENTED_EDGE ( 'NONE', *, *, #1197, .T. ) ;
#3052 = LINE ( 'NONE', #1905, #554 ) ;
#3053 = ORIENTED_EDGE ( 'NONE', *, *, #285, .F. ) ;
#3054 = CARTESIAN_POINT ( 'NONE',  ( -24.90000000000000568, 66.00000000000001421, 14.90000000000000036 ) ) ;
#3055 = AXIS2_PLACEMENT_3D ( 'NONE', #272, #2430, #1931 ) ;
#3056 = EDGE_CURVE ( 'NONE', #2406, #1163, #2511, .T. ) ;
#3057 = ORIENTED_EDGE ( 'NONE', *, *, #1103, .F. ) ;
#3058 = CARTESIAN_POINT ( 'NONE',  ( 2.073451861313529235E-14, 60.00000000000000000, -2.400000000000003020 ) ) ;
#3059 = ORIENTED_EDGE ( 'NONE', *, *, #2552, .F. ) ;
#3060 = DIRECTION ( 'NONE',  ( -2.062256389565989386E-48, 6.900324336112527408E-64, -1.000000000000000000 ) ) ;
#3061 = CARTESIAN_POINT ( 'NONE',  ( -66.45751311064590539, 75.00000000000002842, 5.000000000000000888 ) ) ;
#3062 = CYLINDRICAL_SURFACE ( 'NONE', #2428, 1.199999999999999734 ) ;
#3063 = VECTOR ( 'NONE', #337, 1000.000000000000000 ) ;
#3064 = CARTESIAN_POINT ( 'NONE',  ( 24.06204153440379656, 169.6979992786193066, 3.003641616684546989 ) ) ;
#3065 = ORIENTED_EDGE ( 'NONE', *, *, #205, .F. ) ;
#3066 = PLANE ( 'NONE',  #1677 ) ;
#3067 = CARTESIAN_POINT ( 'NONE',  ( -59.78434077513685452, 65.02659682051326229, -4.999964630394374332 ) ) ;
#3068 = ORIENTED_EDGE ( 'NONE', *, *, #731, .F. ) ;
#3069 = EDGE_LOOP ( 'NONE', ( #3068, #1621, #2981, #2778, #2472 ) ) ;
#3070 = EDGE_CURVE ( 'NONE', #1885, #2491, #1481, .T. ) ;
#3071 = FACE_OUTER_BOUND ( 'NONE', #3020, .T. ) ;
#3072 = AXIS2_PLACEMENT_3D ( 'NONE', #2885, #1226, #721 ) ;
#3073 = EDGE_CURVE ( 'NONE', #2236, #1776, #3030, .T. ) ;
#3074 = EDGE_LOOP ( 'NONE', ( #1281, #889, #609, #3457 ) ) ;
#3075 = DIRECTION ( 'NONE',  ( 0.000000000000000000, 0.000000000000000000, -1.000000000000000000 ) ) ;
#3076 =( BOUNDED_CURVE ( )  B_SPLINE_CURVE ( 3, ( #1970, #356, #2764, #2780 ),
 .UNSPECIFIED., .F., .F. ) 
 B_SPLINE_CURVE_WITH_KNOTS ( ( 4, 4 ),
 ( 5.009640341705892119, 6.283185307179586232 ),
 .UNSPECIFIED. ) 
 CURVE ( )  GEOMETRIC_REPRESENTATION_ITEM ( )  RATIONAL_B_SPLINE_CURVE ( ( 1.000000000000000000, 0.8693460236502383864, 0.8693460236502383864, 1.000000000000000000 ) ) 
 REPRESENTATION_ITEM ( '' )  );
#3077 = AXIS2_PLACEMENT_3D ( 'NONE', #696, #2575, #2310 ) ;
#3078 = ORIENTED_EDGE ( 'NONE', *, *, #1609, .T. ) ;
#3079 = CARTESIAN_POINT ( 'NONE',  ( 26.45751311064591960, 169.1613620457430045, 9.142135623730975880 ) ) ;
#3080 = LINE ( 'NONE', #647, #1615 ) ;
#3081 = FACE_OUTER_BOUND ( 'NONE', #3123, .T. ) ;
#3082 = FACE_OUTER_BOUND ( 'NONE', #1727, .T. ) ;
#3083 = ORIENTED_EDGE ( 'NONE', *, *, #684, .T. ) ;
#3084 = ORIENTED_EDGE ( 'NONE', *, *, #2993, .T. ) ;
#3085 = DIRECTION ( 'NONE',  ( -1.000000000000000000, 0.000000000000000000, 0.000000000000000000 ) ) ;
#3086 = DIRECTION ( 'NONE',  ( 0.000000000000000000, 0.000000000000000000, -1.000000000000000000 ) ) ;
#3087 = ORIENTED_EDGE ( 'NONE', *, *, #1710, .F. ) ;
#3088 = ORIENTED_EDGE ( 'NONE', *, *, #1560, .F. ) ;
#3089 = ORIENTED_EDGE ( 'NONE', *, *, #2598, .T. ) ;
#3090 = ADVANCED_FACE ( 'NONE', ( #75 ), #2241, .F. ) ;
#3091 = CARTESIAN_POINT ( 'NONE',  ( -17.99999999999997513, 60.00000000000005684, 0.000000000000000000 ) ) ;
#3092 = FACE_OUTER_BOUND ( 'NONE', #1924, .T. ) ;
#3093 = CARTESIAN_POINT ( 'NONE',  ( 10.59999999999998721, 84.20000000000001705, 50.55225032628528936 ) ) ;
#3094 = VECTOR ( 'NONE', #589, 1000.000000000000000 ) ;
#3095 = ORIENTED_EDGE ( 'NONE', *, *, #3413, .T. ) ;
#3096 = FACE_OUTER_BOUND ( 'NONE', #2890, .T. ) ;
#3097 = ADVANCED_FACE ( 'NONE', ( #896 ), #1979, .F. ) ;
#3098 = APPLICATION_CONTEXT ( 'automotive_design' ) ;
#3099 = DIRECTION ( 'NONE',  ( -1.000000000000000000, 1.185495751652216669E-16, -0.000000000000000000 ) ) ;
#3100 = DIRECTION ( 'NONE',  ( -1.000000000000000000, 0.000000000000000000, -0.000000000000000000 ) ) ;
#3101 = LINE ( 'NONE', #2280, #141 ) ;
#3102 = EDGE_CURVE ( 'NONE', #726, #2959, #2847, .T. ) ;
#3103 = CARTESIAN_POINT ( 'NONE',  ( 24.46115472733053409, 74.79870160814007818, 11.99635838331536597 ) ) ;
#3104 = VERTEX_POINT ( 'NONE', #742 ) ;
#3105 = EDGE_LOOP ( 'NONE', ( #3059, #2149, #170, #912, #855, #1584, #90 ) ) ;
#3106 = DIRECTION ( 'NONE',  ( -3.346007010100586627E-16, -1.000000000000000000, 0.000000000000000000 ) ) ;
#3107 = FACE_OUTER_BOUND ( 'NONE', #1465, .T. ) ;
#3108 = AXIS2_PLACEMENT_3D ( 'NONE', #1899, #2696, #3026 ) ;
#3109 = EDGE_LOOP ( 'NONE', ( #1246, #2395, #2220, #3438 ) ) ;
#3110 = CARTESIAN_POINT ( 'NONE',  ( 9.999999999999992895, 61.20000000000000284, 13.00000000000000000 ) ) ;
#3111 = VERTEX_POINT ( 'NONE', #2070 ) ;
#3112 = CARTESIAN_POINT ( 'NONE',  ( -25.55931032189044316, 75.00000000000000000, 10.00000000000000000 ) ) ;
#3113 = CARTESIAN_POINT ( 'NONE',  ( 26.09999999999999076, 65.99999999999998579, 0.09999999999999592548 ) ) ;
#3114 = PLANE ( 'NONE',  #1996 ) ;
#3115 = EDGE_LOOP ( 'NONE', ( #960, #1393 ) ) ;
#3116 = DIRECTION ( 'NONE',  ( 1.000000000000000000, 0.000000000000000000, 0.000000000000000000 ) ) ;
#3117 = VECTOR ( 'NONE', #735, 1000.000000000000000 ) ;
#3118 = DIRECTION ( 'NONE',  ( 0.8894855250124434898, -0.4569633473193858153, 0.000000000000000000 ) ) ;
#3119 = CARTESIAN_POINT ( 'NONE',  ( 18.00000000000002842, -19.99999999999999645, -2.449293598294700991E-16 ) ) ;
#3120 = DIRECTION ( 'NONE',  ( -1.000000000000000000, 0.000000000000000000, 0.000000000000000000 ) ) ;
#3121 = EDGE_CURVE ( 'NONE', #2964, #1748, #1013, .T. ) ;
#3122 = VERTEX_POINT ( 'NONE', #1294 ) ;
#3123 = EDGE_LOOP ( 'NONE', ( #701, #3447, #1265, #1988 ) ) ;
#3124 = VECTOR ( 'NONE', #2379, 1000.000000000000000 ) ;
#3125 = EDGE_CURVE ( 'NONE', #2722, #2202, #2373, .T. ) ;
#3126 = LINE ( 'NONE', #2305, #1629 ) ;
#3127 = CARTESIAN_POINT ( 'NONE',  ( -16.45751311064590183, 75.00000000000000000, 5.857864376269030338 ) ) ;
#3128 = ORIENTED_EDGE ( 'NONE', *, *, #2923, .F. ) ;
#3129 = ORIENTED_EDGE ( 'NONE', *, *, #2309, .F. ) ;
#3130 = DIRECTION ( 'NONE',  ( 0.000000000000000000, 0.000000000000000000, -1.000000000000000000 ) ) ;
#3131 = FACE_OUTER_BOUND ( 'NONE', #895, .T. ) ;
#3132 = DIRECTION ( 'NONE',  ( 1.000000000000000000, 1.095614826932720471E-16, 0.000000000000000000 ) ) ;
#3133 = ORIENTED_EDGE ( 'NONE', *, *, #2520, .F. ) ;
#3134 = PRODUCT_DEFINITION_SHAPE ( 'NONE', 'NONE',  #413 ) ;
#3135 = PLANE ( 'NONE',  #1713 ) ;
#3136 = DIRECTION ( 'NONE',  ( -0.6614378277661477901, 0.7499999999999997780, 0.000000000000000000 ) ) ;
#3137 = EDGE_CURVE ( 'NONE', #2187, #2357, #477, .T. ) ;
#3138 = AXIS2_PLACEMENT_3D ( 'NONE', #2913, #2397, #187 ) ;
#3139 = LINE ( 'NONE', #761, #2223 ) ;
#3140 = DIRECTION ( 'NONE',  ( -1.000000000000000000, 3.346007010100586627E-16, 0.000000000000000000 ) ) ;
#3141 = EDGE_CURVE ( 'NONE', #1528, #2394, #2054, .T. ) ;
#3142 = VECTOR ( 'NONE', #3179, 1000.000000000000114 ) ;
#3143 = ORIENTED_EDGE ( 'NONE', *, *, #907, .F. ) ;
#3144 = ORIENTED_EDGE ( 'NONE', *, *, #2965, .T. ) ;
#3145 = CARTESIAN_POINT ( 'NONE',  ( 11.89999999999999325, 20.20000000000000284, 13.00000000000000178 ) ) ;
#3146 = DIRECTION ( 'NONE',  ( -1.000000000000000000, 0.000000000000000000, -1.734723475976801671E-16 ) ) ;
#3147 = ORIENTED_EDGE ( 'NONE', *, *, #2386, .T. ) ;
#3148 = EDGE_CURVE ( 'NONE', #1127, #3210, #1561, .T. ) ;
#3149 = DIRECTION ( 'NONE',  ( 1.000000000000000000, -0.000000000000000000, 0.000000000000000000 ) ) ;
#3150 = DIRECTION ( 'NONE',  ( -0.5303300858899118175, -0.4677071733467438874, -0.7071067811865459074 ) ) ;
#3151 = DIRECTION ( 'NONE',  ( 1.095614826932720471E-16, -1.000000000000000000, 6.162975822039154730E-33 ) ) ;
#3152 = AXIS2_PLACEMENT_3D ( 'NONE', #428, #111, #92 ) ;
#3153 = ORIENTED_EDGE ( 'NONE', *, *, #2203, .F. ) ;
#3154 = CIRCLE ( 'NONE', #775, 1.199999999999999734 ) ;
#3155 = AXIS2_PLACEMENT_3D ( 'NONE', #2250, #821, #297 ) ;
#3156 =( BOUNDED_CURVE ( )  B_SPLINE_CURVE ( 3, ( #1557, #1201, #2274, #2313 ),
 .UNSPECIFIED., .F., .F. ) 
 B_SPLINE_CURVE_WITH_KNOTS ( ( 4, 4 ),
 ( 6.016817709215400711, 6.141288252575422213 ),
 .UNSPECIFIED. ) 
 CURVE ( )  GEOMETRIC_REPRESENTATION_ITEM ( )  RATIONAL_B_SPLINE_CURVE ( ( 1.000000000000000000, 0.9987093403187072838, 0.9987093403187072838, 1.000000000000000000 ) ) 
 REPRESENTATION_ITEM ( '' )  );
#3157 = CARTESIAN_POINT ( 'NONE',  ( 0.000000000000000000, -14.99493517516083152, 0.000000000000000000 ) ) ;
#3158 = CARTESIAN_POINT ( 'NONE',  ( 14.99999999999999645, -15.00000000000000000, 11.00000000000000000 ) ) ;
#3159 = LINE ( 'NONE', #1812, #417 ) ;
#3160 = DIRECTION ( 'NONE',  ( -1.000000000000000000, 0.000000000000000000, 0.000000000000000000 ) ) ;
#3161 = EDGE_CURVE ( 'NONE', #2767, #2462, #441, .T. ) ;
#3162 = ORIENTED_EDGE ( 'NONE', *, *, #2763, .F. ) ;
#3163 = VECTOR ( 'NONE', #1107, 1000.000000000000000 ) ;
#3164 = VERTEX_POINT ( 'NONE', #1845 ) ;
#3165 = DIRECTION ( 'NONE',  ( -3.346007010100586627E-16, -1.000000000000000000, 0.000000000000000000 ) ) ;
#3166 = FACE_OUTER_BOUND ( 'NONE', #1099, .T. ) ;
#3167 = DIRECTION ( 'NONE',  ( 0.000000000000000000, 1.000000000000000000, -0.000000000000000000 ) ) ;
#3168 = ORIENTED_EDGE ( 'NONE', *, *, #384, .F. ) ;
#3169 = ORIENTED_EDGE ( 'NONE', *, *, #2552, .T. ) ;
#3170 = CARTESIAN_POINT ( 'NONE',  ( 2.255140518769849223E-14, 65.00000000000000000, 10.00000000000000000 ) ) ;
#3171 = DIRECTION ( 'NONE',  ( -0.6614378277661476790, 0.7499999999999998890, 2.656504963745464907E-17 ) ) ;
#3172 = AXIS2_PLACEMENT_3D ( 'NONE', #1295, #2071, #1846 ) ;
#3173 = EDGE_CURVE ( 'NONE', #3188, #257, #3421, .T. ) ;
#3174 = LINE ( 'NONE', #2068, #920 ) ;
#3175 = ORIENTED_EDGE ( 'NONE', *, *, #2389, .F. ) ;
#3176 = EDGE_CURVE ( 'NONE', #2739, #2963, #421, .T. ) ;
#3177 = DIRECTION ( 'NONE',  ( 0.000000000000000000, 0.000000000000000000, -1.000000000000000000 ) ) ;
#3178 = CARTESIAN_POINT ( 'NONE',  ( -17.49999999999998224, 152.0564581469694758, -1.500000000000000000 ) ) ;
#3179 = DIRECTION ( 'NONE',  ( 0.6614378277661477901, -0.7499999999999997780, 0.000000000000000000 ) ) ;
#3180 = LINE ( 'NONE', #2057, #3362 ) ;
#3181 = APPLICATION_PROTOCOL_DEFINITION ( 'draft international standard', 'automotive_design', 1998, #3098 ) ;
#3182 = ORIENTED_EDGE ( 'NONE', *, *, #401, .T. ) ;
#3183 = ORIENTED_EDGE ( 'NONE', *, *, #3044, .T. ) ;
#3184 = CARTESIAN_POINT ( 'NONE',  ( 11.89999999999999325, 20.20000000000000284, 13.00000000000000178 ) ) ;
#3185 = DIRECTION ( 'NONE',  ( -3.346007010100586627E-16, -1.000000000000000000, 0.000000000000000000 ) ) ;
#3186 = CARTESIAN_POINT ( 'NONE',  ( -6.765421556309543882E-14, 64.99999999999998579, 5.000000000000000888 ) ) ;
#3187 = EDGE_CURVE ( 'NONE', #464, #2263, #989, .T. ) ;
#3188 = VERTEX_POINT ( 'NONE', #2924 ) ;
#3189 = DIRECTION ( 'NONE',  ( -0.000000000000000000, -0.000000000000000000, -1.000000000000000000 ) ) ;
#3190 = EDGE_CURVE ( 'NONE', #3295, #2936, #581, .T. ) ;
#3191 = ORIENTED_EDGE ( 'NONE', *, *, #659, .T. ) ;
#3192 = CARTESIAN_POINT ( 'NONE',  ( -15.00000000000000355, -14.99999999999999645, -1.200000000000000030E-05 ) ) ;
#3193 = ORIENTED_EDGE ( 'NONE', *, *, #3161, .F. ) ;
#3194 = ADVANCED_FACE ( 'NONE', ( #1030 ), #1810, .T. ) ;
#3195 = VECTOR ( 'NONE', #3460, 1000.000000000000000 ) ;
#3196 = CARTESIAN_POINT ( 'NONE',  ( -0.000000000000000000, 106.2000000000000028, 18.00000000000000355 ) ) ;
#3197 = DIRECTION ( 'NONE',  ( -0.000000000000000000, -0.000000000000000000, -1.000000000000000000 ) ) ;
#3198 = PLANE ( 'NONE',  #2405 ) ;
#3199 = FACE_OUTER_BOUND ( 'NONE', #3233, .T. ) ;
#3200 = VECTOR ( 'NONE', #1967, 1000.000000000000000 ) ;
#3201 = ORIENTED_EDGE ( 'NONE', *, *, #1626, .F. ) ;
#3202 = AXIS2_PLACEMENT_3D ( 'NONE', #2628, #1530, #2608 ) ;
#3203 = ORIENTED_EDGE ( 'NONE', *, *, #1369, .T. ) ;
#3204 = LINE ( 'NONE', #748, #1508 ) ;
#3205 = CARTESIAN_POINT ( 'NONE',  ( 14.99999999999999467, -15.00000000000000000, -3.308722450212110699E-21 ) ) ;
#3206 = DIRECTION ( 'NONE',  ( -1.000000000000000000, 2.081668171172168513E-16, 0.000000000000000000 ) ) ;
#3207 = EDGE_LOOP ( 'NONE', ( #1309, #1550, #3270, #2344 ) ) ;
#3208 = VECTOR ( 'NONE', #444, 1000.000000000000000 ) ;
#3209 = DIRECTION ( 'NONE',  ( 1.000000000000000000, -3.469446951953614189E-16, -0.000000000000000000 ) ) ;
#3210 = VERTEX_POINT ( 'NONE', #2107 ) ;
#3211 = EDGE_CURVE ( 'NONE', #1832, #1333, #2970, .T. ) ;
#3212 = EDGE_LOOP ( 'NONE', ( #1003, #891, #2937, #982 ) ) ;
#3213 = DIRECTION ( 'NONE',  ( -3.346007010100586134E-16, -1.000000000000000000, -0.000000000000000000 ) ) ;
#3214 = CARTESIAN_POINT ( 'NONE',  ( 0.000000000000000000, 84.20000000000001705, 50.55225032628528936 ) ) ;
#3215 = CARTESIAN_POINT ( 'NONE',  ( 17.50000000000002842, 152.0564581469694474, 0.000000000000000000 ) ) ;
#3216 = CIRCLE ( 'NONE', #156, 1.199999999999999734 ) ;
#3217 = ORIENTED_EDGE ( 'NONE', *, *, #2693, .T. ) ;
#3218 = ORIENTED_EDGE ( 'NONE', *, *, #2661, .F. ) ;
#3219 = CARTESIAN_POINT ( 'NONE',  ( 15.60000000000000142, 162.7011190876420983, -5.000000000000004441 ) ) ;
#3220 = CARTESIAN_POINT ( 'NONE',  ( -26.10000000000000497, 63.00000000000001421, 0.09999999999999736877 ) ) ;
#3221 = FACE_OUTER_BOUND ( 'NONE', #2920, .T. ) ;
#3222 = EDGE_CURVE ( 'NONE', #1118, #1018, #2618, .T. ) ;
#3223 = DIRECTION ( 'NONE',  ( 1.000000000000000000, -3.469446951953614189E-16, 0.000000000000000000 ) ) ;
#3224 = EDGE_LOOP ( 'NONE', ( #189, #139, #3144, #84, #2754, #2742, #1926, #1559, #376, #1195, #2662, #591 ) ) ;
#3225 = CARTESIAN_POINT ( 'NONE',  ( -15.59999999999998366, 121.2673150230899353, -2.400000000000003020 ) ) ;
#3226 = ORIENTED_EDGE ( 'NONE', *, *, #2944, .T. ) ;
#3227 = CARTESIAN_POINT ( 'NONE',  ( -59.78434077513685452, 65.02659682051326229, 19.99996463039437700 ) ) ;
#3228 = VERTEX_POINT ( 'NONE', #3383 ) ;
#3229 = CARTESIAN_POINT ( 'NONE',  ( 0.000000000000000000, 162.7011190876420983, -5.000000000000000000 ) ) ;
#3230 = CARTESIAN_POINT ( 'NONE',  ( 20.00000000000002132, 25.00506482483916315, 11.00000000000000000 ) ) ;
#3231 = CARTESIAN_POINT ( 'NONE',  ( 36.52635605845277667, 173.8056649185805043, -0.06884294780696784133 ) ) ;
#3232 = ORIENTED_EDGE ( 'NONE', *, *, #1650, .F. ) ;
#3233 = EDGE_LOOP ( 'NONE', ( #2798, #2283, #2007, #1146 ) ) ;
#3234 = CARTESIAN_POINT ( 'NONE',  ( -15.60000000000000497, 60.00000000000000000, -5.000000000000000000 ) ) ;
#3235 = CARTESIAN_POINT ( 'NONE',  ( 2.499999999999994227, 91.20000000000000284, 18.00000000000000355 ) ) ;
#3236 = VECTOR ( 'NONE', #2226, 1000.000000000000000 ) ;
#3237 = CARTESIAN_POINT ( 'NONE',  ( -2.500000000000004885, 91.20000000000000284, 18.00000000000000355 ) ) ;
#3238 = DIRECTION ( 'NONE',  ( -3.346007010100586134E-16, -1.000000000000000000, -0.000000000000000000 ) ) ;
#3239 = CIRCLE ( 'NONE', #2323, 1.199999999999999734 ) ;
#3240 = EDGE_CURVE ( 'NONE', #996, #471, #197, .T. ) ;
#3241 = DIRECTION ( 'NONE',  ( 1.000000000000000000, -1.577021341797098300E-16, 0.000000000000000000 ) ) ;
#3242 = EDGE_LOOP ( 'NONE', ( #1209, #1490, #1202, #1035 ) ) ;
#3243 = CARTESIAN_POINT ( 'NONE',  ( 4.190699000851998867E-14, 121.2673150230899211, -2.400000000000003020 ) ) ;
#3244 = CIRCLE ( 'NONE', #1476, 1.199999999999999734 ) ;
#3245 = ORIENTED_EDGE ( 'NONE', *, *, #2932, .T. ) ;
#3246 = PLANE ( 'NONE',  #2787 ) ;
#3247 = FACE_OUTER_BOUND ( 'NONE', #2948, .T. ) ;
#3248 = EDGE_CURVE ( 'NONE', #3210, #3017, #162, .T. ) ;
#3249 = VERTEX_POINT ( 'NONE', #3402 ) ;
#3250 = CARTESIAN_POINT ( 'NONE',  ( 16.45751311064593025, 75.00000000000000000, 9.142135623730975880 ) ) ;
#3251 = LINE ( 'NONE', #3235, #2721 ) ;
#3252 = FACE_OUTER_BOUND ( 'NONE', #1940, .T. ) ;
#3253 = DIRECTION ( 'NONE',  ( 0.8894855250124432677, 0.4569633473193863149, 0.000000000000000000 ) ) ;
#3254 = LINE ( 'NONE', #2384, #716 ) ;
#3255 = ADVANCED_FACE ( 'NONE', ( #973 ), #3135, .T. ) ;
#3256 = ADVANCED_FACE ( 'NONE', ( #2125 ), #2390, .T. ) ;
#3257 = VECTOR ( 'NONE', #813, 1000.000000000000000 ) ;
#3258 = ORIENTED_EDGE ( 'NONE', *, *, #1952, .F. ) ;
#3259 = CARTESIAN_POINT ( 'NONE',  ( -2.500000000000005773, 99.20000000000000284, 18.00000000000000355 ) ) ;
#3260 = ORIENTED_EDGE ( 'NONE', *, *, #3173, .T. ) ;
#3261 = EDGE_CURVE ( 'NONE', #2655, #53, #969, .T. ) ;
#3262 = CARTESIAN_POINT ( 'NONE',  ( 59.78434077513687583, 65.02659682051326229, -4.999964630394371667 ) ) ;
#3263 = DIRECTION ( 'NONE',  ( -0.7071067811865456854, -7.747166736926502823E-17, -0.7071067811865493491 ) ) ;
#3264 = VERTEX_POINT ( 'NONE', #2822 ) ;
#3265 = CARTESIAN_POINT ( 'NONE',  ( 25.05794768594691746, 74.92029043426042278, 11.39956542469897371 ) ) ;
#3266 = CARTESIAN_POINT ( 'NONE',  ( 13.09999999999999432, 20.20000000000000284, 13.00000000000000178 ) ) ;
#3267 = LINE ( 'NONE', #572, #888 ) ;
#3268 = VECTOR ( 'NONE', #1041, 1000.000000000000000 ) ;
#3269 = DIRECTION ( 'NONE',  ( 1.000000000000000000, 0.000000000000000000, 1.734723475976801671E-16 ) ) ;
#3270 = ORIENTED_EDGE ( 'NONE', *, *, #3121, .T. ) ;
#3271 = CARTESIAN_POINT ( 'NONE',  ( 16.45751311064591604, 166.2203552699076852, 20.00000000000000000 ) ) ;
#3272 = ORIENTED_EDGE ( 'NONE', *, *, #2876, .T. ) ;
#3273 = EDGE_CURVE ( 'NONE', #1334, #2444, #158, .T. ) ;
#3274 = ORIENTED_EDGE ( 'NONE', *, *, #2768, .F. ) ;
#3275 = LINE ( 'NONE', #2726, #2917 ) ;
#3276 = PLANE ( 'NONE',  #2032 ) ;
#3277 = AXIS2_PLACEMENT_3D ( 'NONE', #953, #2771, #629 ) ;
#3278 = ADVANCED_FACE ( 'NONE', ( #2294 ), #681, .T. ) ;
#3279 = VERTEX_POINT ( 'NONE', #718 ) ;
#3280 = CARTESIAN_POINT ( 'NONE',  ( -20.00000000000000355, 71.70111908764205566, 3.000000000000000000 ) ) ;
#3281 = CARTESIAN_POINT ( 'NONE',  ( 10.69999999999999396, 20.20000000000000284, 13.00000000000000178 ) ) ;
#3282 = FACE_BOUND ( 'NONE', #2781, .T. ) ;
#3283 = CARTESIAN_POINT ( 'NONE',  ( 10.59999999999999076, 106.2000000000000028, 18.00000000000000355 ) ) ;
#3284 = VERTEX_POINT ( 'NONE', #931 ) ;
#3285 = CARTESIAN_POINT ( 'NONE',  ( 11.89999999999999325, 56.99999999999999289, 13.00000000000000178 ) ) ;
#3286 = EDGE_CURVE ( 'NONE', #65, #924, #118, .T. ) ;
#3287 = ORIENTED_EDGE ( 'NONE', *, *, #1827, .T. ) ;
#3288 = EDGE_CURVE ( 'NONE', #3498, #1598, #1806, .T. ) ;
#3289 = ORIENTED_EDGE ( 'NONE', *, *, #182, .F. ) ;
#3290 = VECTOR ( 'NONE', #864, 1000.000000000000000 ) ;
#3291 = VERTEX_POINT ( 'NONE', #1237 ) ;
#3292 = DIRECTION ( 'NONE',  ( -1.000000000000000000, 1.185495751652216669E-16, -0.000000000000000000 ) ) ;
#3293 = CARTESIAN_POINT ( 'NONE',  ( 15.59999999999998543, -14.99493517516083152, 145.3413857930792688 ) ) ;
#3294 = ADVANCED_FACE ( 'NONE', ( #2881 ), #3114, .T. ) ;
#3295 = VERTEX_POINT ( 'NONE', #1538 ) ;
#3296 = DIRECTION ( 'NONE',  ( -0.000000000000000000, -0.000000000000000000, -1.000000000000000000 ) ) ;
#3297 = FACE_OUTER_BOUND ( 'NONE', #3207, .T. ) ;
#3298 = CARTESIAN_POINT ( 'NONE',  ( 59.74982674600057209, 65.00886561990334656, -4.999999999999999112 ) ) ;
#3299 = CARTESIAN_POINT ( 'NONE',  ( 18.00000000000002842, -19.99999999999999645, 15.00000000000000000 ) ) ;
#3300 = VECTOR ( 'NONE', #1718, 1000.000000000000000 ) ;
#3301 = CARTESIAN_POINT ( 'NONE',  ( -17.99999999999998579, -19.99999999999999645, 13.00000000000000000 ) ) ;
#3302 = EDGE_LOOP ( 'NONE', ( #1326, #3318, #1022, #1210, #2989, #490 ) ) ;
#3303 = DIRECTION ( 'NONE',  ( -0.000000000000000000, -0.000000000000000000, -1.000000000000000000 ) ) ;
#3304 = ORIENTED_EDGE ( 'NONE', *, *, #2208, .F. ) ;
#3305 = VECTOR ( 'NONE', #2887, 1000.000000000000000 ) ;
#3306 = EDGE_CURVE ( 'NONE', #1956, #1122, #2843, .T. ) ;
#3307 = ORIENTED_EDGE ( 'NONE', *, *, #2468, .T. ) ;
#3308 = CARTESIAN_POINT ( 'NONE',  ( 0.000000000000000000, 0.000000000000000000, 20.00000000000000000 ) ) ;
#3309 = ORIENTED_EDGE ( 'NONE', *, *, #2238, .F. ) ;
#3310 = CARTESIAN_POINT ( 'NONE',  ( 15.59999999999998543, -14.99493517516083152, 145.3413857930792688 ) ) ;
#3311 = DIRECTION ( 'NONE',  ( -1.185495751652216669E-16, -1.000000000000000000, 0.000000000000000000 ) ) ;
#3312 = PLANE ( 'NONE',  #282 ) ;
#3313 = DIRECTION ( 'NONE',  ( 0.000000000000000000, 1.000000000000000000, -0.000000000000000000 ) ) ;
#3314 = CIRCLE ( 'NONE', #1957, 1.199999999999999734 ) ;
#3315 = EDGE_CURVE ( 'NONE', #2132, #2963, #3174, .T. ) ;
#3316 = CARTESIAN_POINT ( 'NONE',  ( 13.09999999999999432, 56.99999999999999289, 11.00000000000000000 ) ) ;
#3317 = AXIS2_PLACEMENT_3D ( 'NONE', #3243, #1325, #232 ) ;
#3318 = ORIENTED_EDGE ( 'NONE', *, *, #1992, .F. ) ;
#3319 = VECTOR ( 'NONE', #1722, 1000.000000000000000 ) ;
#3320 = CARTESIAN_POINT ( 'NONE',  ( -12.30000000000000604, 20.20000000000000284, 13.00000000000000178 ) ) ;
#3321 = VECTOR ( 'NONE', #1385, 1000.000000000000000 ) ;
#3322 = ORIENTED_EDGE ( 'NONE', *, *, #2763, .T. ) ;
#3323 = DIRECTION ( 'NONE',  ( -0.000000000000000000, -1.000000000000000000, -0.000000000000000000 ) ) ;
#3324 = ORIENTED_EDGE ( 'NONE', *, *, #2993, .F. ) ;
#3325 = CARTESIAN_POINT ( 'NONE',  ( -15.60000000000001386, -14.99493517516083152, 145.3413857930792688 ) ) ;
#3326 = LINE ( 'NONE', #122, #1489 ) ;
#3327 = CARTESIAN_POINT ( 'NONE',  ( -66.45751311064590539, 65.00000000000002842, 20.00000000000000000 ) ) ;
#3328 = EDGE_CURVE ( 'NONE', #1381, #96, #3156, .T. ) ;
#3329 = CARTESIAN_POINT ( 'NONE',  ( -26.45751311064591249, 170.0000000000000000, 5.857864376269051654 ) ) ;
#3330 = VECTOR ( 'NONE', #2090, 1000.000000000000000 ) ;
#3331 = VERTEX_POINT ( 'NONE', #3397 ) ;
#3332 = PLANE ( 'NONE',  #598 ) ;
#3333 = DIRECTION ( 'NONE',  ( 1.000000000000000000, -3.346007010100586627E-16, -5.577681830192081865E-48 ) ) ;
#3334 = ORIENTED_EDGE ( 'NONE', *, *, #3479, .F. ) ;
#3335 = VERTEX_POINT ( 'NONE', #2033 ) ;
#3336 = ADVANCED_FACE ( 'NONE', ( #395 ), #475, .T. ) ;
#3337 = PLANE ( 'NONE',  #714 ) ;
#3338 = VECTOR ( 'NONE', #1152, 1000.000000000000000 ) ;
#3339 = EDGE_LOOP ( 'NONE', ( #439, #576, #1837, #783 ) ) ;
#3340 = CARTESIAN_POINT ( 'NONE',  ( -17.99999999999998579, 63.00000000000000000, 13.00000000000000000 ) ) ;
#3341 = VERTEX_POINT ( 'NONE', #3358 ) ;
#3342 = CARTESIAN_POINT ( 'NONE',  ( -59.74982674600052945, 65.00886561990333234, 20.00000000000000000 ) ) ;
#3343 = CARTESIAN_POINT ( 'NONE',  ( 15.59999999999999432, 60.00000000000000000, -3.697785493223495903E-31 ) ) ;
#3344 = CARTESIAN_POINT ( 'NONE',  ( 2.499999999999994227, 91.20000000000000284, 20.00000000000000000 ) ) ;
#3345 = VECTOR ( 'NONE', #2359, 1000.000000000000000 ) ;
#3346 = DIRECTION ( 'NONE',  ( 0.000000000000000000, 0.000000000000000000, 1.000000000000000000 ) ) ;
#3347 = ADVANCED_FACE ( 'NONE', ( #1766 ), #1478, .T. ) ;
#3348 = ORIENTED_EDGE ( 'NONE', *, *, #1162, .F. ) ;
#3349 = CARTESIAN_POINT ( 'NONE',  ( -16.45751311064591960, 75.00000000000000000, 10.00000000000000000 ) ) ;
#3350 = CARTESIAN_POINT ( 'NONE',  ( 0.000000000000000000, -19.99999999999999645, 15.00000000000000000 ) ) ;
#3351 = ORIENTED_EDGE ( 'NONE', *, *, #149, .T. ) ;
#3352 = DIRECTION ( 'NONE',  ( 3.469446951953614189E-16, -1.000000000000000000, 0.000000000000000000 ) ) ;
#3353 = VERTEX_POINT ( 'NONE', #1787 ) ;
#3354 = CARTESIAN_POINT ( 'NONE',  ( 20.00000000000002842, -19.99999999999999645, 2.000000000000000000 ) ) ;
#3355 = EDGE_CURVE ( 'NONE', #2525, #2877, #438, .T. ) ;
#3356 = AXIS2_PLACEMENT_3D ( 'NONE', #1450, #2001, #1951 ) ;
#3357 = CARTESIAN_POINT ( 'NONE',  ( 15.60000000000000142, 162.7011190876420983, 0.000000000000000000 ) ) ;
#3358 = CARTESIAN_POINT ( 'NONE',  ( 26.00677561912520375, 75.00000000000001421, 10.00000000000000000 ) ) ;
#3359 = ORIENTED_EDGE ( 'NONE', *, *, #2746, .F. ) ;
#3360 = ADVANCED_FACE ( 'NONE', ( #3378 ), #2577, .T. ) ;
#3361 = DIRECTION ( 'NONE',  ( 1.000000000000000000, 0.000000000000000000, -0.000000000000000000 ) ) ;
#3362 = VECTOR ( 'NONE', #3140, 1000.000000000000000 ) ;
#3363 = AXIS2_PLACEMENT_3D ( 'NONE', #729, #3223, #1319 ) ;
#3364 = CARTESIAN_POINT ( 'NONE',  ( -19.99999999999997158, -19.99999999999999645, 15.00000000000000000 ) ) ;
#3365 = DIRECTION ( 'NONE',  ( 1.000000000000000000, 0.000000000000000000, 0.000000000000000000 ) ) ;
#3366 = PLANE ( 'NONE',  #1350 ) ;
#3367 = CARTESIAN_POINT ( 'NONE',  ( -6.765421556309545144E-14, 64.99999999999998579, -5.000000000000000000 ) ) ;
#3368 = EDGE_LOOP ( 'NONE', ( #3372, #1080, #37, #792 ) ) ;
#3369 = VERTEX_POINT ( 'NONE', #2331 ) ;
#3370 = CARTESIAN_POINT ( 'NONE',  ( -24.90000000000000568, 66.00000000000001421, 14.90000000000000036 ) ) ;
#3371 = CARTESIAN_POINT ( 'NONE',  ( 9.999999999999994671, 79.20000000000000284, 13.00000000000000000 ) ) ;
#3372 = ORIENTED_EDGE ( 'NONE', *, *, #1391, .T. ) ;
#3373 = CARTESIAN_POINT ( 'NONE',  ( 13.94696193444277199, 27.14795580730835667, 15.00000000000000000 ) ) ;
#3374 = ORIENTED_EDGE ( 'NONE', *, *, #2629, .T. ) ;
#3375 = DIRECTION ( 'NONE',  ( 3.469446951953616161E-16, 1.000000000000000000, 0.000000000000000000 ) ) ;
#3376 = CIRCLE ( 'NONE', #325, 1.199999999999999734 ) ;
#3377 = CARTESIAN_POINT ( 'NONE',  ( 19.99999999999999645, 71.70111908764206987, 0.000000000000000000 ) ) ;
#3378 = FACE_OUTER_BOUND ( 'NONE', #2650, .T. ) ;
#3379 = ORIENTED_EDGE ( 'NONE', *, *, #1449, .F. ) ;
#3380 = DIRECTION ( 'NONE',  ( -1.000000000000000000, 0.000000000000000000, -0.000000000000000000 ) ) ;
#3381 = EDGE_CURVE ( 'NONE', #220, #2275, #3417, .T. ) ;
#3382 = EDGE_CURVE ( 'NONE', #3432, #944, #1190, .T. ) ;
#3383 = CARTESIAN_POINT ( 'NONE',  ( 59.78434077513687583, 65.02659682051326229, 19.99996463039438055 ) ) ;
#3384 = CARTESIAN_POINT ( 'NONE',  ( 20.00000000000002842, -19.99999999999999645, 15.00000000000000000 ) ) ;
#3385 = CARTESIAN_POINT ( 'NONE',  ( -15.60000000000000497, 60.00000000000000711, -2.400000000000003020 ) ) ;
#3386 =( NAMED_UNIT ( * ) SI_UNIT ( $, .STERADIAN. ) SOLID_ANGLE_UNIT ( ) );
#3387 = ORIENTED_EDGE ( 'NONE', *, *, #3141, .T. ) ;
#3388 = ORIENTED_EDGE ( 'NONE', *, *, #2801, .T. ) ;
#3389 = LINE ( 'NONE', #2589, #91 ) ;
#3390 = CARTESIAN_POINT ( 'NONE',  ( 24.89999999999999147, 65.99999999999998579, 0.09999999999999592548 ) ) ;
#3391 = VECTOR ( 'NONE', #1397, 1000.000000000000000 ) ;
#3392 = VERTEX_POINT ( 'NONE', #899 ) ;
#3393 = EDGE_LOOP ( 'NONE', ( #68, #2087, #843, #599 ) ) ;
#3394 = FACE_OUTER_BOUND ( 'NONE', #3418, .T. ) ;
#3395 = CARTESIAN_POINT ( 'NONE',  ( 0.000000000000000000, 71.70111908764206987, 3.000000000000000000 ) ) ;
#3396 = ADVANCED_FACE ( 'NONE', ( #3082 ), #1172, .F. ) ;
#3397 = CARTESIAN_POINT ( 'NONE',  ( -59.78434077513685452, 65.02659682051326229, 19.99996463039437700 ) ) ;
#3398 = EDGE_CURVE ( 'NONE', #2690, #3369, #61, .T. ) ;
#3399 = ORIENTED_EDGE ( 'NONE', *, *, #1440, .F. ) ;
#3400 = CARTESIAN_POINT ( 'NONE',  ( -0.000000000000000000, 91.20000000000000284, 18.00000000000000355 ) ) ;
#3401 = VECTOR ( 'NONE', #1008, 1000.000000000000000 ) ;
#3402 = CARTESIAN_POINT ( 'NONE',  ( 23.69999999999999218, 62.99999999999998579, 0.09999999999999607814 ) ) ;
#3403 = CARTESIAN_POINT ( 'NONE',  ( 0.000000000000000000, 162.7011190876420983, 0.000000000000000000 ) ) ;
#3404 = DIRECTION ( 'NONE',  ( -1.000000000000000000, 1.273953278986993364E-16, 0.000000000000000000 ) ) ;
#3405 = CARTESIAN_POINT ( 'NONE',  ( 15.59999999999999432, 63.00000000000000000, -3.217119967722935469E-47 ) ) ;
#3406 = ADVANCED_FACE ( 'NONE', ( #89 ), #2811, .F. ) ;
#3407 = VERTEX_POINT ( 'NONE', #2281 ) ;
#3408 = ORIENTED_EDGE ( 'NONE', *, *, #739, .F. ) ;
#3409 = VECTOR ( 'NONE', #523, 1000.000000000000227 ) ;
#3410 = PLANE ( 'NONE',  #153 ) ;
#3411 = DIRECTION ( 'NONE',  ( -1.577021341797098300E-16, -1.000000000000000000, 0.000000000000000000 ) ) ;
#3412 = ORIENTED_EDGE ( 'NONE', *, *, #1994, .T. ) ;
#3413 = EDGE_CURVE ( 'NONE', #3434, #752, #2545, .T. ) ;
#3414 = ORIENTED_EDGE ( 'NONE', *, *, #3141, .F. ) ;
#3415 = CARTESIAN_POINT ( 'NONE',  ( -24.99575342526322785, 74.94583029734592117, 11.07222336289209075 ) ) ;
#3416 = DIRECTION ( 'NONE',  ( -0.000000000000000000, -0.000000000000000000, -1.000000000000000000 ) ) ;
#3417 = LINE ( 'NONE', #986, #812 ) ;
#3418 = EDGE_LOOP ( 'NONE', ( #1140, #1694, #1801, #1630, #1366, #2175 ) ) ;
#3419 = VECTOR ( 'NONE', #702, 1000.000000000000000 ) ;
#3420 = ADVANCED_FACE ( 'NONE', ( #1982 ), #124, .T. ) ;
#3421 = LINE ( 'NONE', #2657, #1100 ) ;
#3422 = CARTESIAN_POINT ( 'NONE',  ( 0.000000000000000000, -19.99999999999999645, 0.000000000000000000 ) ) ;
#3423 = CARTESIAN_POINT ( 'NONE',  ( -10.60000000000000497, 106.2000000000000028, 11.00000000000000000 ) ) ;
#3424 = DIRECTION ( 'NONE',  ( 1.000000000000000000, 0.000000000000000000, 0.000000000000000000 ) ) ;
#3425 = VECTOR ( 'NONE', #2421, 1000.000000000000000 ) ;
#3426 = ORIENTED_EDGE ( 'NONE', *, *, #290, .T. ) ;
#3427 = ORIENTED_EDGE ( 'NONE', *, *, #2978, .T. ) ;
#3428 = CARTESIAN_POINT ( 'NONE',  ( -49.99999999999997158, 60.00000000000001421, -5.000000000000000000 ) ) ;
#3429 = CARTESIAN_POINT ( 'NONE',  ( -8.057893531707648608E-15, 200.0000000000000568, 8.545475396915913180 ) ) ;
#3430 = DIRECTION ( 'NONE',  ( 0.000000000000000000, 0.000000000000000000, -1.000000000000000000 ) ) ;
#3431 = EDGE_CURVE ( 'NONE', #905, #635, #2830, .T. ) ;
#3432 = VERTEX_POINT ( 'NONE', #2761 ) ;
#3433 = EDGE_CURVE ( 'NONE', #3104, #2655, #2262, .T. ) ;
#3434 = VERTEX_POINT ( 'NONE', #3329 ) ;
#3435 = LINE ( 'NONE', #1412, #553 ) ;
#3436 = DIRECTION ( 'NONE',  ( 1.000000000000000000, -3.455753102189215654E-16, 0.000000000000000000 ) ) ;
#3437 = CARTESIAN_POINT ( 'NONE',  ( 2.259285152079774271E-14, 63.00000000000000000, -1.500000000000006883 ) ) ;
#3438 = ORIENTED_EDGE ( 'NONE', *, *, #2788, .T. ) ;
#3439 = AXIS2_PLACEMENT_3D ( 'NONE', #3091, #660, #1744 ) ;
#3440 = AXIS2_PLACEMENT_3D ( 'NONE', #2120, #3241, #2634 ) ;
#3441 = DIRECTION ( 'NONE',  ( -0.000000000000000000, -0.000000000000000000, -1.000000000000000000 ) ) ;
#3442 = DIRECTION ( 'NONE',  ( -1.000000000000000000, 0.000000000000000000, 0.000000000000000000 ) ) ;
#3443 = EDGE_CURVE ( 'NONE', #3264, #2338, #340, .T. ) ;
#3444 = DIRECTION ( 'NONE',  ( -0.6614378277661477901, 0.7499999999999997780, 0.000000000000000000 ) ) ;
#3445 = DIRECTION ( 'NONE',  ( -1.000000000000000000, 0.000000000000000000, 0.000000000000000000 ) ) ;
#3446 = UNCERTAINTY_MEASURE_WITH_UNIT (LENGTH_MEASURE( 1.000000000000000082E-05 ), #3464, 'distance_accuracy_value', 'NONE');
#3447 = ORIENTED_EDGE ( 'NONE', *, *, #1626, .T. ) ;
#3448 = VECTOR ( 'NONE', #1752, 1000.000000000000000 ) ;
#3449 = ORIENTED_EDGE ( 'NONE', *, *, #2750, .T. ) ;
#3450 =( NAMED_UNIT ( * ) PLANE_ANGLE_UNIT ( ) SI_UNIT ( $, .RADIAN. ) );
#3451 = EDGE_CURVE ( 'NONE', #291, #676, #2229, .T. ) ;
#3452 = CARTESIAN_POINT ( 'NONE',  ( -2.784273260121282142E-14, 195.5718707561279643, 12.92893218813446410 ) ) ;
#3453 = PLANE ( 'NONE',  #1616 ) ;
#3454 = VERTEX_POINT ( 'NONE', #2530 ) ;
#3455 = DIRECTION ( 'NONE',  ( 1.185495751652216669E-16, 1.000000000000000000, -1.955846739744873106E-32 ) ) ;
#3456 = EDGE_CURVE ( 'NONE', #3335, #1249, #1419, .T. ) ;
#3457 = ORIENTED_EDGE ( 'NONE', *, *, #741, .T. ) ;
#3458 = LINE ( 'NONE', #3192, #1448 ) ;
#3459 = ORIENTED_EDGE ( 'NONE', *, *, #2693, .F. ) ;
#3460 = DIRECTION ( 'NONE',  ( 1.000000000000000000, -3.455753102189215654E-16, 0.000000000000000000 ) ) ;
#3461 = CARTESIAN_POINT ( 'NONE',  ( 1.196777126472791775, 198.3388075306007750, 3.003641616684462612 ) ) ;
#3462 = CARTESIAN_POINT ( 'NONE',  ( -24.90000000000000568, 63.00000000000001421, 0.09999999999999722999 ) ) ;
#3463 = PLANE ( 'NONE',  #763 ) ;
#3464 =( LENGTH_UNIT ( ) NAMED_UNIT ( * ) SI_UNIT ( .MILLI., .METRE. ) );
#3465 = VERTEX_POINT ( 'NONE', #916 ) ;
#3466 = ORIENTED_EDGE ( 'NONE', *, *, #133, .F. ) ;
#3467 = SURFACE_STYLE_FILL_AREA ( #1725 ) ;
#3468 = DIRECTION ( 'NONE',  ( 0.000000000000000000, 0.000000000000000000, -1.000000000000000000 ) ) ;
#3469 = LINE ( 'NONE', #2343, #3425 ) ;
#3470 = EDGE_CURVE ( 'NONE', #2368, #2266, #650, .T. ) ;
#3471 = ORIENTED_EDGE ( 'NONE', *, *, #346, .F. ) ;
#3472 = AXIS2_PLACEMENT_3D ( 'NONE', #2194, #1930, #292 ) ;
#3473 = VERTEX_POINT ( 'NONE', #634 ) ;
#3474 = CARTESIAN_POINT ( 'NONE',  ( 59.78434077513687583, 65.02659682051326229, -5.000000000000000000 ) ) ;
#3475 = VERTEX_POINT ( 'NONE', #3103 ) ;
#3476 = DIRECTION ( 'NONE',  ( 1.095614826932720471E-16, -1.000000000000000000, 1.615513389917746021E-32 ) ) ;
#3477 = ADVANCED_FACE ( 'NONE', ( #671 ), #2245, .T. ) ;
#3478 = ORIENTED_EDGE ( 'NONE', *, *, #907, .T. ) ;
#3479 = EDGE_CURVE ( 'NONE', #3122, #2052, #2499, .T. ) ;
#3480 =( GEOMETRIC_REPRESENTATION_CONTEXT ( 3 ) GLOBAL_UNCERTAINTY_ASSIGNED_CONTEXT ( ( #3446 ) ) GLOBAL_UNIT_ASSIGNED_CONTEXT ( ( #3464, #1565, #3386 ) ) REPRESENTATION_CONTEXT ( 'NONE', 'WORKASPACE' ) );
#3481 = DIRECTION ( 'NONE',  ( -0.5303300858899094861, 0.4677071733467416670, -0.7071067811865491270 ) ) ;
#3482 = DIRECTION ( 'NONE',  ( 0.000000000000000000, 0.000000000000000000, -1.000000000000000000 ) ) ;
#3483 = CARTESIAN_POINT ( 'NONE',  ( 18.00000000000002842, -19.99999999999999645, 2.000000000000000000 ) ) ;
#3484 = PLANE ( 'NONE',  #3494 ) ;
#3485 = ORIENTED_EDGE ( 'NONE', *, *, #3173, .F. ) ;
#3486 = AXIS2_PLACEMENT_3D ( 'NONE', #1965, #2481, #3047 ) ;
#3487 = VERTEX_POINT ( 'NONE', #2214 ) ;
#3488 = CARTESIAN_POINT ( 'NONE',  ( -2.500000000000005773, 99.20000000000000284, 18.00000000000000355 ) ) ;
#3489 = LINE ( 'NONE', #3266, #737 ) ;
#3490 = CARTESIAN_POINT ( 'NONE',  ( 19.99999999999999645, 71.70111908764206987, 11.00000000000000000 ) ) ;
#3491 = VECTOR ( 'NONE', #3253, 1000.000000000000114 ) ;
#3492 = DIRECTION ( 'NONE',  ( -2.312964634635743450E-16, -1.000000000000000000, -0.000000000000000000 ) ) ;
#3493 = ORIENTED_EDGE ( 'NONE', *, *, #36, .T. ) ;
#3494 = AXIS2_PLACEMENT_3D ( 'NONE', #500, #219, #1052 ) ;
#3495 = CARTESIAN_POINT ( 'NONE',  ( 10.59999999999998721, 84.20000000000001705, 11.00000000000000000 ) ) ;
#3496 = VERTEX_POINT ( 'NONE', #3299 ) ;
#3497 = CARTESIAN_POINT ( 'NONE',  ( -63.69554477766121892, 70.87209465470368741, 19.98441740973382252 ) ) ;
#3498 = VERTEX_POINT ( 'NONE', #1154 ) ;
#3499 = AXIS2_PLACEMENT_3D ( 'NONE', #3370, #1487, #962 ) ;
#3500 = CARTESIAN_POINT ( 'NONE',  ( -11.10000000000000497, 20.20000000000000284, 13.00000000000000178 ) ) ;
#3501 = CARTESIAN_POINT ( 'NONE',  ( -17.49999999999998934, 162.7011190876420983, 0.000000000000000000 ) ) ;
#3502 = VECTOR ( 'NONE', #2673, 1000.000000000000000 ) ;
#3503 = EDGE_CURVE ( 'NONE', #3104, #342, #958, .T. ) ;
#3504 = VECTOR ( 'NONE', #790, 1000.000000000000000 ) ;
#3505 = ORIENTED_EDGE ( 'NONE', *, *, #1849, .F. ) ;
#3506 = ORIENTED_EDGE ( 'NONE', *, *, #825, .T. ) ;
#3507 = DIRECTION ( 'NONE',  ( 1.040834085586084059E-15, -1.000000000000000000, -0.000000000000000000 ) ) ;
#3508 = DIRECTION ( 'NONE',  ( -1.185495751652216669E-16, -1.000000000000000000, 0.000000000000000000 ) ) ;
#3509 = DIRECTION ( 'NONE',  ( -0.000000000000000000, -0.000000000000000000, -1.000000000000000000 ) ) ;
#3510 = DIRECTION ( 'NONE',  ( -3.455753102189216147E-16, -1.000000000000000000, -0.000000000000000000 ) ) ;
ENDSEC;
END-ISO-10303-21;
