ISO-10303-21;
HEADER;
FILE_DESCRIPTION (( 'STEP AP214' ),
    '1' );
FILE_NAME ('宝剑（无心率检测模块）.STEP',
    '2026-08-15T14:02:55',
    ( '' ),
    ( '' ),
    'SwSTEP 2.0',
    'SolidWorks 2025',
    '' );
FILE_SCHEMA (( 'AUTOMOTIVE_DESIGN' ));
ENDSEC;

DATA;
#1 = VERTEX_POINT ( 'NONE', #2298 ) ;
#2 = CARTESIAN_POINT ( 'NONE',  ( -24.32680488014356612, 74.79864235810886441, 12.05685807958929345 ) ) ;
#3 = ORIENTED_EDGE ( 'NONE', *, *, #998, .F. ) ;
#4 = VECTOR ( 'NONE', #1436, 1000.000000000000000 ) ;
#5 = DIRECTION ( 'NONE',  ( -1.095614826932720471E-16, 1.000000000000000000, 0.000000000000000000 ) ) ;
#6 = EDGE_CURVE ( 'NONE', #775, #1279, #672, .T. ) ;
#7 = DIRECTION ( 'NONE',  ( -0.000000000000000000, -0.000000000000000000, -1.000000000000000000 ) ) ;
#8 = VERTEX_POINT ( 'NONE', #2285 ) ;
#9 = CYLINDRICAL_SURFACE ( 'NONE', #370, 9.999999999999998224 ) ;
#10 = CIRCLE ( 'NONE', #2052, 1.199999999999999734 ) ;
#11 = LINE ( 'NONE', #3229, #906 ) ;
#12 = VERTEX_POINT ( 'NONE', #1540 ) ;
#13 = AXIS2_PLACEMENT_3D ( 'NONE', #562, #2538, #2011 ) ;
#14 = CARTESIAN_POINT ( 'NONE',  ( 15.59999999999999432, 63.00000000000000000, -3.217119967722935469E-47 ) ) ;
#15 = VECTOR ( 'NONE', #2639, 1000.000000000000000 ) ;
#16 = DIRECTION ( 'NONE',  ( -1.273953278986993364E-16, -1.000000000000000000, 0.000000000000000000 ) ) ;
#17 = VECTOR ( 'NONE', #609, 1000.000000000000000 ) ;
#18 = ORIENTED_EDGE ( 'NONE', *, *, #3087, .F. ) ;
#19 = DIRECTION ( 'NONE',  ( -0.01055751784968288198, 0.9999442678553909225, 0.000000000000000000 ) ) ;
#20 = VECTOR ( 'NONE', #1942, 1000.000000000000000 ) ;
#21 = EDGE_LOOP ( 'NONE', ( #576, #3090 ) ) ;
#22 = CARTESIAN_POINT ( 'NONE',  ( -8.057893531707648608E-15, 200.0000000000000568, 8.545475396915913180 ) ) ;
#23 = DIRECTION ( 'NONE',  ( -3.346007010100586627E-16, -1.000000000000000000, 0.000000000000000000 ) ) ;
#24 = CARTESIAN_POINT ( 'NONE',  ( 0.000000000000000000, 0.000000000000000000, 15.00000000000000000 ) ) ;
#25 = ORIENTED_EDGE ( 'NONE', *, *, #105, .F. ) ;
#26 = EDGE_CURVE ( 'NONE', #790, #12, #2149, .T. ) ;
#27 = CARTESIAN_POINT ( 'NONE',  ( 17.50000000000000711, 63.00000000000000000, -1.479114197289397573E-31 ) ) ;
#28 = DIRECTION ( 'NONE',  ( -0.000000000000000000, -0.000000000000000000, -1.000000000000000000 ) ) ;
#29 = DIRECTION ( 'NONE',  ( 1.000000000000000000, -3.469446951953614189E-16, -0.000000000000000000 ) ) ;
#30 = ORIENTED_EDGE ( 'NONE', *, *, #3183, .T. ) ;
#31 = EDGE_CURVE ( 'NONE', #249, #35, #316, .T. ) ;
#32 = EDGE_CURVE ( 'NONE', #669, #2701, #1504, .T. ) ;
#33 = DIRECTION ( 'NONE',  ( -1.301042606982605321E-16, 1.000000000000000000, 0.000000000000000000 ) ) ;
#34 = CARTESIAN_POINT ( 'NONE',  ( 25.55931032189046448, 75.00000000000001421, 5.000000000000000888 ) ) ;
#35 = VERTEX_POINT ( 'NONE', #3019 ) ;
#36 = DIRECTION ( 'NONE',  ( -3.346007010100586134E-16, -1.000000000000000000, -0.000000000000000000 ) ) ;
#37 = ORIENTED_EDGE ( 'NONE', *, *, #2920, .F. ) ;
#38 = DIRECTION ( 'NONE',  ( -0.000000000000000000, -0.000000000000000000, -1.000000000000000000 ) ) ;
#39 = CARTESIAN_POINT ( 'NONE',  ( -63.69554477766121892, 70.87209465470368741, 19.98441740973382252 ) ) ;
#40 = EDGE_LOOP ( 'NONE', ( #1899, #2818, #65, #1523, #864 ) ) ;
#41 = CARTESIAN_POINT ( 'NONE',  ( -12.30000000000000604, 20.20000000000000284, 13.00000000000000178 ) ) ;
#42 = CARTESIAN_POINT ( 'NONE',  ( 27.40000000000001279, 121.2673150230899068, 17.39999999999999858 ) ) ;
#43 = LINE ( 'NONE', #1008, #2154 ) ;
#44 = DIRECTION ( 'NONE',  ( 0.000000000000000000, 0.000000000000000000, -1.000000000000000000 ) ) ;
#45 = ADVANCED_FACE ( 'NONE', ( #749 ), #988, .T. ) ;
#46 = ORIENTED_EDGE ( 'NONE', *, *, #2230, .F. ) ;
#47 = CARTESIAN_POINT ( 'NONE',  ( -59.76708378345775685, 65.01773123196730353, -4.999988210124509003 ) ) ;
#48 = CARTESIAN_POINT ( 'NONE',  ( -19.99999999999997513, -2.602085213965207486E-15, 15.00000000000000000 ) ) ;
#49 = EDGE_CURVE ( 'NONE', #2962, #2561, #272, .T. ) ;
#50 = DIRECTION ( 'NONE',  ( -0.5303300858899085979, -0.4677071733467411119, 0.7071067811865502373 ) ) ;
#51 = ORIENTED_EDGE ( 'NONE', *, *, #584, .T. ) ;
#52 = FACE_OUTER_BOUND ( 'NONE', #3112, .T. ) ;
#53 = EDGE_CURVE ( 'NONE', #1510, #1312, #1777, .T. ) ;
#54 = ORIENTED_EDGE ( 'NONE', *, *, #433, .T. ) ;
#55 = DIRECTION ( 'NONE',  ( 9.637352644315590312E-17, 1.000000000000000000, 0.000000000000000000 ) ) ;
#56 = VERTEX_POINT ( 'NONE', #2586 ) ;
#57 = CARTESIAN_POINT ( 'NONE',  ( 0.000000000000000000, 71.70111908764206987, 0.000000000000000000 ) ) ;
#58 = CARTESIAN_POINT ( 'NONE',  ( -24.46115472733042751, 74.79870160814004976, 3.003641616684519011 ) ) ;
#59 = VECTOR ( 'NONE', #1580, 1000.000000000000000 ) ;
#60 = ORIENTED_EDGE ( 'NONE', *, *, #1471, .F. ) ;
#61 = VECTOR ( 'NONE', #152, 1000.000000000000114 ) ;
#62 = DIRECTION ( 'NONE',  ( -1.000000000000000000, 0.000000000000000000, 0.000000000000000000 ) ) ;
#63 = VECTOR ( 'NONE', #468, 1000.000000000000000 ) ;
#64 = FACE_OUTER_BOUND ( 'NONE', #363, .T. ) ;
#65 = ORIENTED_EDGE ( 'NONE', *, *, #418, .F. ) ;
#66 = ADVANCED_FACE ( 'NONE', ( #621 ), #3084, .F. ) ;
#67 = VECTOR ( 'NONE', #933, 1000.000000000000000 ) ;
#68 = CARTESIAN_POINT ( 'NONE',  ( 17.50000000000002842, 152.0564581469694474, 0.000000000000000000 ) ) ;
#69 = VECTOR ( 'NONE', #1074, 1000.000000000000000 ) ;
#70 = EDGE_LOOP ( 'NONE', ( #1438, #3165, #1142, #1933 ) ) ;
#71 = EDGE_LOOP ( 'NONE', ( #1965, #2103, #2565, #2310 ) ) ;
#72 = EDGE_CURVE ( 'NONE', #1829, #2590, #1044, .T. ) ;
#73 = VECTOR ( 'NONE', #2514, 1000.000000000000000 ) ;
#74 = DIRECTION ( 'NONE',  ( -0.5560976946257540909, 0.8311169316238971039, 0.000000000000000000 ) ) ;
#75 = VERTEX_POINT ( 'NONE', #2091 ) ;
#76 = CARTESIAN_POINT ( 'NONE',  ( -19.99999999999997158, 63.00000000000000000, 13.00000000000000000 ) ) ;
#77 = CARTESIAN_POINT ( 'NONE',  ( -17.99999999999998224, 60.00000000000005684, 15.00000000000000000 ) ) ;
#78 = CARTESIAN_POINT ( 'NONE',  ( 23.52858092251137379, 168.8929676890319911, 2.071067811865470176 ) ) ;
#79 = ORIENTED_EDGE ( 'NONE', *, *, #244, .F. ) ;
#80 = LINE ( 'NONE', #3106, #3046 ) ;
#81 = CARTESIAN_POINT ( 'NONE',  ( -20.00000000000000355, 71.70111908764206987, 3.000000000000000000 ) ) ;
#82 = ORIENTED_EDGE ( 'NONE', *, *, #2207, .F. ) ;
#83 = FACE_OUTER_BOUND ( 'NONE', #2876, .T. ) ;
#84 = EDGE_CURVE ( 'NONE', #2578, #3205, #1149, .T. ) ;
#85 = ORIENTED_EDGE ( 'NONE', *, *, #3107, .T. ) ;
#86 = ORIENTED_EDGE ( 'NONE', *, *, #244, .T. ) ;
#87 = LINE ( 'NONE', #2163, #59 ) ;
#88 = EDGE_CURVE ( 'NONE', #196, #2598, #1470, .T. ) ;
#89 = EDGE_CURVE ( 'NONE', #2664, #2913, #863, .T. ) ;
#90 = ORIENTED_EDGE ( 'NONE', *, *, #642, .F. ) ;
#91 = DIRECTION ( 'NONE',  ( 1.000000000000000000, -3.469446951953614189E-16, 0.000000000000000000 ) ) ;
#92 = DIRECTION ( 'NONE',  ( 0.000000000000000000, -8.673617379884035472E-16, -1.000000000000000000 ) ) ;
#93 = DIRECTION ( 'NONE',  ( 2.062256389565989386E-48, -6.900324336112527408E-64, 1.000000000000000000 ) ) ;
#94 = VERTEX_POINT ( 'NONE', #3073 ) ;
#95 = CARTESIAN_POINT ( 'NONE',  ( -19.99999999999997158, -19.99999999999999645, 1.999999999999999556 ) ) ;
#96 = DIRECTION ( 'NONE',  ( 1.000000000000000000, 0.000000000000000000, -0.000000000000000000 ) ) ;
#97 = EDGE_LOOP ( 'NONE', ( #851, #2175, #82, #400, #1535, #1864, #2132, #1566, #3109, #549, #662, #949, #1165 ) ) ;
#98 = LINE ( 'NONE', #2082, #585 ) ;
#99 = ORIENTED_EDGE ( 'NONE', *, *, #2444, .T. ) ;
#100 = ORIENTED_EDGE ( 'NONE', *, *, #787, .F. ) ;
#101 = CARTESIAN_POINT ( 'NONE',  ( -11.10000000000000497, 56.99999999999999289, 13.00000000000000178 ) ) ;
#102 = DIRECTION ( 'NONE',  ( -1.000000000000000000, 3.469446951953614189E-16, 0.000000000000000000 ) ) ;
#103 = ORIENTED_EDGE ( 'NONE', *, *, #1746, .T. ) ;
#104 = DIRECTION ( 'NONE',  ( -0.000000000000000000, -1.000000000000000000, -0.000000000000000000 ) ) ;
#105 = EDGE_CURVE ( 'NONE', #2798, #3053, #123, .T. ) ;
#106 = FACE_OUTER_BOUND ( 'NONE', #883, .T. ) ;
#107 = CARTESIAN_POINT ( 'NONE',  ( -10.00000000000000533, 79.20000000000000284, 11.00000000000000000 ) ) ;
#108 = ORIENTED_EDGE ( 'NONE', *, *, #3123, .F. ) ;
#109 = VECTOR ( 'NONE', #2957, 1000.000000000000000 ) ;
#110 = CARTESIAN_POINT ( 'NONE',  ( 0.000000000000000000, 0.000000000000000000, -5.000000000000000000 ) ) ;
#111 = VECTOR ( 'NONE', #1449, 1000.000000000000000 ) ;
#112 = CARTESIAN_POINT ( 'NONE',  ( -13.50000000000000533, 20.20000000000000284, 13.00000000000000178 ) ) ;
#113 = AXIS2_PLACEMENT_3D ( 'NONE', #1136, #927, #3151 ) ;
#114 = ORIENTED_EDGE ( 'NONE', *, *, #752, .F. ) ;
#115 = VECTOR ( 'NONE', #961, 1000.000000000000000 ) ;
#116 = VERTEX_POINT ( 'NONE', #335 ) ;
#117 = DIRECTION ( 'NONE',  ( 1.000000000000000000, -3.346007010100586627E-16, 1.214306433183765213E-16 ) ) ;
#118 = AXIS2_PLACEMENT_3D ( 'NONE', #3207, #920, #1656 ) ;
#119 = VERTEX_POINT ( 'NONE', #107 ) ;
#120 = VECTOR ( 'NONE', #596, 1000.000000000000000 ) ;
#121 = PLANE ( 'NONE',  #1433 ) ;
#122 = DIRECTION ( 'NONE',  ( 1.185495751652216669E-16, 1.000000000000000000, -1.955846739744873106E-32 ) ) ;
#123 = LINE ( 'NONE', #1887, #158 ) ;
#124 = AXIS2_PLACEMENT_3D ( 'NONE', #594, #2603, #865 ) ;
#125 = ORIENTED_EDGE ( 'NONE', *, *, #3119, .T. ) ;
#126 = LINE ( 'NONE', #1891, #2727 ) ;
#127 = DIRECTION ( 'NONE',  ( 0.000000000000000000, 0.000000000000000000, -1.000000000000000000 ) ) ;
#128 = EDGE_CURVE ( 'NONE', #1715, #1292, #1349, .T. ) ;
#129 = ADVANCED_FACE ( 'NONE', ( #1629 ), #2377, .F. ) ;
#130 = DIRECTION ( 'NONE',  ( 0.000000000000000000, 0.000000000000000000, -1.000000000000000000 ) ) ;
#131 = ORIENTED_EDGE ( 'NONE', *, *, #2469, .T. ) ;
#132 = VERTEX_POINT ( 'NONE', #3115 ) ;
#133 = DIRECTION ( 'NONE',  ( 1.000000000000000000, -1.185495751652216669E-16, 0.000000000000000000 ) ) ;
#134 = FACE_OUTER_BOUND ( 'NONE', #1266, .T. ) ;
#135 = VERTEX_POINT ( 'NONE', #2628 ) ;
#136 = CARTESIAN_POINT ( 'NONE',  ( 0.000000000000000000, 168.7011190876420983, 11.00000000000000000 ) ) ;
#137 = PLANE ( 'NONE',  #2789 ) ;
#138 = CARTESIAN_POINT ( 'NONE',  ( -17.99999999999997513, 60.00000000000005684, 2.000000000000000000 ) ) ;
#139 = CARTESIAN_POINT ( 'NONE',  ( 18.00000000000002842, 63.00000000000000000, 2.000000000000000000 ) ) ;
#140 = VERTEX_POINT ( 'NONE', #1334 ) ;
#141 = FACE_OUTER_BOUND ( 'NONE', #2299, .T. ) ;
#142 = CARTESIAN_POINT ( 'NONE',  ( 59.74982674600057209, 65.00886561990334656, -4.999999999999999112 ) ) ;
#143 = CYLINDRICAL_SURFACE ( 'NONE', #2629, 9.999999999999998224 ) ;
#144 = EDGE_CURVE ( 'NONE', #1338, #339, #1782, .T. ) ;
#145 = ADVANCED_FACE ( 'NONE', ( #1822 ), #2867, .T. ) ;
#146 = DIRECTION ( 'NONE',  ( 1.185495751652216669E-16, 1.000000000000000000, -0.000000000000000000 ) ) ;
#147 = VERTEX_POINT ( 'NONE', #139 ) ;
#148 = ORIENTED_EDGE ( 'NONE', *, *, #3065, .T. ) ;
#149 = CARTESIAN_POINT ( 'NONE',  ( -26.10000000000000497, 66.00000000000001421, 14.90000000000000036 ) ) ;
#150 = ORIENTED_EDGE ( 'NONE', *, *, #2922, .T. ) ;
#151 = CYLINDRICAL_SURFACE ( 'NONE', #280, 1.199999999999999734 ) ;
#152 = DIRECTION ( 'NONE',  ( 0.6614378277661477901, -0.7499999999999997780, -2.656504963745478774E-17 ) ) ;
#153 = DIRECTION ( 'NONE',  ( -1.000000000000000000, 0.000000000000000000, 0.000000000000000000 ) ) ;
#154 = VERTEX_POINT ( 'NONE', #1858 ) ;
#155 = CARTESIAN_POINT ( 'NONE',  ( -15.00000000000000355, -14.99999999999999645, -3.308722450212110699E-21 ) ) ;
#156 = CARTESIAN_POINT ( 'NONE',  ( 19.99999999999999645, 71.70111908764206987, 3.000000000000000000 ) ) ;
#157 = CARTESIAN_POINT ( 'NONE',  ( -16.45751311064586631, 65.00000000000000000, -5.000000000000000000 ) ) ;
#158 = VECTOR ( 'NONE', #843, 1000.000000000000000 ) ;
#159 = DIRECTION ( 'NONE',  ( -1.000000000000000000, 0.000000000000000000, -0.000000000000000000 ) ) ;
#160 = VECTOR ( 'NONE', #386, 1000.000000000000000 ) ;
#161 = CARTESIAN_POINT ( 'NONE',  ( 20.00000000000001776, 63.00000000000000000, -1.479114197289397573E-31 ) ) ;
#162 = ORIENTED_EDGE ( 'NONE', *, *, #2399, .F. ) ;
#163 = ADVANCED_FACE ( 'NONE', ( #2857 ), #1603, .F. ) ;
#164 = VERTEX_POINT ( 'NONE', #2139 ) ;
#165 = VECTOR ( 'NONE', #347, 1000.000000000000000 ) ;
#166 = CARTESIAN_POINT ( 'NONE',  ( -17.99999999999997513, 63.00000000000000000, 0.000000000000000000 ) ) ;
#167 = EDGE_CURVE ( 'NONE', #2701, #1375, #3128, .T. ) ;
#168 = VERTEX_POINT ( 'NONE', #1646 ) ;
#169 = ADVANCED_FACE ( 'NONE', ( #393 ), #1398, .T. ) ;
#170 = CARTESIAN_POINT ( 'NONE',  ( 2.241070555582017796E-14, 63.00000000000000000, -2.400000000000003020 ) ) ;
#171 = DIRECTION ( 'NONE',  ( -3.346007010100586627E-16, -1.000000000000000000, 0.000000000000000000 ) ) ;
#172 = VECTOR ( 'NONE', #2501, 1000.000000000000000 ) ;
#173 = EDGE_LOOP ( 'NONE', ( #1367, #960, #1447, #2582 ) ) ;
#174 = DIRECTION ( 'NONE',  ( 0.8894855250124433788, 0.4569633473193861484, 0.000000000000000000 ) ) ;
#175 = CARTESIAN_POINT ( 'NONE',  ( -15.59999999999999787, 162.7011190876420983, -5.000000000000004441 ) ) ;
#176 = VECTOR ( 'NONE', #2562, 1000.000000000000000 ) ;
#177 = CARTESIAN_POINT ( 'NONE',  ( 20.00000000000002132, 25.00506482483916315, 11.00000000000000000 ) ) ;
#178 = LINE ( 'NONE', #161, #2255 ) ;
#179 = EDGE_LOOP ( 'NONE', ( #1624, #3110, #3206, #2925 ) ) ;
#180 = ORIENTED_EDGE ( 'NONE', *, *, #89, .T. ) ;
#181 = PLANE ( 'NONE',  #1686 ) ;
#182 = EDGE_LOOP ( 'NONE', ( #1810, #446, #654, #721, #103, #1194, #3208, #2263, #677, #2339, #845, #1773, #2699, #1298, #2877, #1214 ) ) ;
#183 = CARTESIAN_POINT ( 'NONE',  ( 25.90280624389988517, 170.6289784656927964, 5.857864376268995699 ) ) ;
#184 = LINE ( 'NONE', #451, #111 ) ;
#185 = EDGE_CURVE ( 'NONE', #2276, #2374, #575, .T. ) ;
#186 = EDGE_CURVE ( 'NONE', #1354, #1655, #1831, .T. ) ;
#187 = DIRECTION ( 'NONE',  ( -1.185495751652216669E-16, -1.000000000000000000, 0.000000000000000000 ) ) ;
#188 = ORIENTED_EDGE ( 'NONE', *, *, #2030, .F. ) ;
#189 = DIRECTION ( 'NONE',  ( 1.000000000000000000, 0.000000000000000000, 1.734723475976801671E-16 ) ) ;
#190 = DIRECTION ( 'NONE',  ( -9.637352644315594010E-17, -1.000000000000000000, 0.000000000000000000 ) ) ;
#191 = CARTESIAN_POINT ( 'NONE',  ( 20.00000000000002132, 25.00506482483916315, 2.000000000000008882 ) ) ;
#192 = CARTESIAN_POINT ( 'NONE',  ( 18.00000000000002842, 60.00000000000005684, 2.000000000000000000 ) ) ;
#193 = ORIENTED_EDGE ( 'NONE', *, *, #2113, .F. ) ;
#194 = EDGE_LOOP ( 'NONE', ( #3082, #2779, #899, #2611 ) ) ;
#195 = FACE_OUTER_BOUND ( 'NONE', #1597, .T. ) ;
#196 = VERTEX_POINT ( 'NONE', #199 ) ;
#197 =( LENGTH_UNIT ( ) NAMED_UNIT ( * ) SI_UNIT ( .MILLI., .METRE. ) );
#198 = LINE ( 'NONE', #1412, #2408 ) ;
#199 = CARTESIAN_POINT ( 'NONE',  ( 10.69999999999999396, 20.20000000000000284, 11.00000000000000000 ) ) ;
#200 = ORIENTED_EDGE ( 'NONE', *, *, #947, .T. ) ;
#201 = EDGE_CURVE ( 'NONE', #1713, #918, #2391, .T. ) ;
#202 = CARTESIAN_POINT ( 'NONE',  ( -17.99999999999997513, 63.00000000000000000, 2.000000000000000000 ) ) ;
#203 = CARTESIAN_POINT ( 'NONE',  ( 9.999999999999994671, 79.20000000000000284, 13.00000000000000000 ) ) ;
#204 = EDGE_CURVE ( 'NONE', #1256, #3121, #2041, .T. ) ;
#205 = DIRECTION ( 'NONE',  ( 0.000000000000000000, 0.000000000000000000, -1.000000000000000000 ) ) ;
#206 = FACE_OUTER_BOUND ( 'NONE', #1817, .T. ) ;
#207 = ORIENTED_EDGE ( 'NONE', *, *, #416, .T. ) ;
#208 = ORIENTED_EDGE ( 'NONE', *, *, #1362, .F. ) ;
#209 = DIRECTION ( 'NONE',  ( 1.000000000000000000, 0.000000000000000000, 0.000000000000000000 ) ) ;
#210 = VECTOR ( 'NONE', #2072, 1000.000000000000000 ) ;
#211 = VECTOR ( 'NONE', #1674, 1000.000000000000000 ) ;
#212 = ORIENTED_EDGE ( 'NONE', *, *, #1804, .F. ) ;
#213 = DIRECTION ( 'NONE',  ( -1.185495751652216669E-16, -1.000000000000000000, 0.000000000000000000 ) ) ;
#214 = DIRECTION ( 'NONE',  ( -2.062256389565989386E-48, 6.900324336112527408E-64, -1.000000000000000000 ) ) ;
#215 = AXIS2_PLACEMENT_3D ( 'NONE', #3002, #521, #1281 ) ;
#216 = CARTESIAN_POINT ( 'NONE',  ( 18.00000000000002842, 60.00000000000005684, 13.00000000000000000 ) ) ;
#217 = ORIENTED_EDGE ( 'NONE', *, *, #2286, .T. ) ;
#218 = AXIS2_PLACEMENT_3D ( 'NONE', #791, #2148, #614 ) ;
#219 = CARTESIAN_POINT ( 'NONE',  ( 18.00000000000002842, -19.99999999999999645, 13.00000000000000000 ) ) ;
#220 = CARTESIAN_POINT ( 'NONE',  ( -26.45751311064591249, 170.0000000000000000, 5.857864376269051654 ) ) ;
#221 = EDGE_CURVE ( 'NONE', #2762, #1253, #265, .T. ) ;
#222 = VECTOR ( 'NONE', #1091, 1000.000000000000000 ) ;
#223 = AXIS2_PLACEMENT_3D ( 'NONE', #2142, #1892, #3152 ) ;
#224 = DIRECTION ( 'NONE',  ( 1.095614826932720471E-16, -1.000000000000000000, 1.615513389917746021E-32 ) ) ;
#225 = EDGE_CURVE ( 'NONE', #449, #1284, #438, .T. ) ;
#226 = EDGE_CURVE ( 'NONE', #1556, #1444, #3178, .T. ) ;
#227 = DIRECTION ( 'NONE',  ( -1.000000000000000000, 0.000000000000000000, 0.000000000000000000 ) ) ;
#228 = VECTOR ( 'NONE', #1770, 1000.000000000000000 ) ;
#229 = ORIENTED_EDGE ( 'NONE', *, *, #2691, .F. ) ;
#230 = ORIENTED_EDGE ( 'NONE', *, *, #1068, .F. ) ;
#231 = FACE_OUTER_BOUND ( 'NONE', #881, .T. ) ;
#232 = ORIENTED_EDGE ( 'NONE', *, *, #1042, .T. ) ;
#233 = LINE ( 'NONE', #1498, #1959 ) ;
#234 = LINE ( 'NONE', #1985, #1258 ) ;
#235 = VERTEX_POINT ( 'NONE', #2719 ) ;
#236 = DIRECTION ( 'NONE',  ( -1.000000000000000000, -1.040834085586084059E-15, 0.000000000000000000 ) ) ;
#237 = DIRECTION ( 'NONE',  ( -3.346007010100586627E-16, -1.000000000000000000, 0.000000000000000000 ) ) ;
#238 = DIRECTION ( 'NONE',  ( -3.455753102189216147E-16, -1.000000000000000000, -0.000000000000000000 ) ) ;
#239 = LINE ( 'NONE', #2237, #2053 ) ;
#240 = CARTESIAN_POINT ( 'NONE',  ( 36.52635605845277667, 173.8056649185805043, -0.06884294780696784133 ) ) ;
#241 = DIRECTION ( 'NONE',  ( -0.6831300510639749524, 0.2581988897471612088, 0.6831300510639713996 ) ) ;
#242 = ORIENTED_EDGE ( 'NONE', *, *, #493, .F. ) ;
#243 = EDGE_CURVE ( 'NONE', #2032, #1647, #424, .T. ) ;
#244 = EDGE_CURVE ( 'NONE', #673, #2803, #1578, .T. ) ;
#245 = CARTESIAN_POINT ( 'NONE',  ( -23.94783676885252888, 74.68988102337307566, 12.50967634179335342 ) ) ;
#246 = ORIENTED_EDGE ( 'NONE', *, *, #1182, .F. ) ;
#247 = PLANE ( 'NONE',  #1419 ) ;
#248 = CARTESIAN_POINT ( 'NONE',  ( -13.50000000000000533, 56.99999999999999289, 13.00000000000000178 ) ) ;
#249 = VERTEX_POINT ( 'NONE', #406 ) ;
#250 = CARTESIAN_POINT ( 'NONE',  ( 13.09999999999999432, 56.99999999999999289, 13.00000000000000178 ) ) ;
#251 = FACE_OUTER_BOUND ( 'NONE', #2759, .T. ) ;
#252 = PLANE ( 'NONE',  #2463 ) ;
#253 = PLANE ( 'NONE',  #1207 ) ;
#254 = VERTEX_POINT ( 'NONE', #712 ) ;
#255 = DIRECTION ( 'NONE',  ( -3.469446951953614189E-16, -1.000000000000000000, 0.000000000000000000 ) ) ;
#256 = CARTESIAN_POINT ( 'NONE',  ( 26.45751311064591960, 169.7337482945703755, 8.053319251116645816 ) ) ;
#257 = EDGE_LOOP ( 'NONE', ( #782, #1308, #1040, #2835 ) ) ;
#258 = FACE_OUTER_BOUND ( 'NONE', #71, .T. ) ;
#259 = EDGE_CURVE ( 'NONE', #775, #1715, #3210, .T. ) ;
#260 = ORIENTED_EDGE ( 'NONE', *, *, #1324, .F. ) ;
#261 = CARTESIAN_POINT ( 'NONE',  ( -26.45751311064589473, -2.898724364779047849E-15, 4.999999999999980460 ) ) ;
#262 = CARTESIAN_POINT ( 'NONE',  ( 24.90000000000001634, 65.99999999999998579, 14.90000000000000036 ) ) ;
#263 = CARTESIAN_POINT ( 'NONE',  ( 18.00000000000002842, -19.99999999999999645, -2.449293598294700991E-16 ) ) ;
#264 = EDGE_CURVE ( 'NONE', #2244, #495, #2017, .T. ) ;
#265 = CIRCLE ( 'NONE', #2457, 1.199999999999999734 ) ;
#266 = ADVANCED_FACE ( 'NONE', ( #2706 ), #1217, .F. ) ;
#267 = ORIENTED_EDGE ( 'NONE', *, *, #1063, .F. ) ;
#268 = CARTESIAN_POINT ( 'NONE',  ( -15.60000000000000497, 60.00000000000000000, -5.000000000000000000 ) ) ;
#269 = DIRECTION ( 'NONE',  ( -3.346007010100586627E-16, -1.000000000000000000, 0.000000000000000000 ) ) ;
#270 = AXIS2_PLACEMENT_3D ( 'NONE', #1026, #323, #1591 ) ;
#271 = CARTESIAN_POINT ( 'NONE',  ( -17.39008691546495555, -1.905283706623210086E-15, 10.07470942855000295 ) ) ;
#272 = LINE ( 'NONE', #2500, #941 ) ;
#273 = AXIS2_PLACEMENT_3D ( 'NONE', #2479, #236, #1987 ) ;
#274 = CARTESIAN_POINT ( 'NONE',  ( 66.45751311064596223, 75.00000000000005684, 15.84551850955888774 ) ) ;
#275 = VECTOR ( 'NONE', #3219, 1000.000000000000000 ) ;
#276 = DIRECTION ( 'NONE',  ( -0.000000000000000000, -0.000000000000000000, -1.000000000000000000 ) ) ;
#277 = AXIS2_PLACEMENT_3D ( 'NONE', #578, #62, #2079 ) ;
#278 = ORIENTED_EDGE ( 'NONE', *, *, #2782, .T. ) ;
#279 = CARTESIAN_POINT ( 'NONE',  ( 18.00000000000002842, 63.00000000000000000, 13.00000000000000000 ) ) ;
#280 = AXIS2_PLACEMENT_3D ( 'NONE', #2121, #1448, #875 ) ;
#281 = VERTEX_POINT ( 'NONE', #725 ) ;
#282 = ADVANCED_FACE ( 'NONE', ( #3147 ), #694, .T. ) ;
#283 = DIRECTION ( 'NONE',  ( -0.000000000000000000, 0.000000000000000000, 1.000000000000000000 ) ) ;
#284 = ORIENTED_EDGE ( 'NONE', *, *, #416, .F. ) ;
#285 = CARTESIAN_POINT ( 'NONE',  ( 18.00000000000002842, 63.00000000000000000, -2.449293598294700991E-16 ) ) ;
#286 = EDGE_CURVE ( 'NONE', #1981, #1712, #958, .T. ) ;
#287 = ADVANCED_FACE ( 'NONE', ( #911 ), #1906, .F. ) ;
#288 = CARTESIAN_POINT ( 'NONE',  ( -25.96288313285343108, 169.8130474411090916, 4.794268070985916452 ) ) ;
#289 = DIRECTION ( 'NONE',  ( 0.6614378277661477901, -0.7499999999999997780, 0.000000000000000000 ) ) ;
#290 = ORIENTED_EDGE ( 'NONE', *, *, #2227, .F. ) ;
#291 = LINE ( 'NONE', #2760, #2527 ) ;
#292 = DIRECTION ( 'NONE',  ( 0.000000000000000000, 0.000000000000000000, -1.000000000000000000 ) ) ;
#293 = ORIENTED_EDGE ( 'NONE', *, *, #2961, .T. ) ;
#294 = CYLINDRICAL_SURFACE ( 'NONE', #2262, 10.00000000000000000 ) ;
#295 = EDGE_LOOP ( 'NONE', ( #3129, #125, #935, #2344 ) ) ;
#296 = LINE ( 'NONE', #3014, #2672 ) ;
#297 = CARTESIAN_POINT ( 'NONE',  ( -26.45751311064591249, 170.0000000000000000, 5.857864376269051654 ) ) ;
#298 = ORIENTED_EDGE ( 'NONE', *, *, #1747, .F. ) ;
#299 = DIRECTION ( 'NONE',  ( -2.062256389565989386E-48, 6.900324336112527408E-64, -1.000000000000000000 ) ) ;
#300 = DIRECTION ( 'NONE',  ( 1.000000000000000000, 0.000000000000000000, 0.000000000000000000 ) ) ;
#301 = ORIENTED_EDGE ( 'NONE', *, *, #456, .T. ) ;
#302 = EDGE_CURVE ( 'NONE', #2124, #2654, #1659, .T. ) ;
#303 = ORIENTED_EDGE ( 'NONE', *, *, #2591, .T. ) ;
#304 = PLANE ( 'NONE',  #638 ) ;
#305 = CARTESIAN_POINT ( 'NONE',  ( -20.52790531377943495, 121.7011190876420557, 11.00000000000000000 ) ) ;
#306 = EDGE_CURVE ( 'NONE', #2109, #2943, #3089, .T. ) ;
#307 = ORIENTED_EDGE ( 'NONE', *, *, #1286, .F. ) ;
#308 = DIRECTION ( 'NONE',  ( -3.469446951953614189E-16, -1.000000000000000000, 0.000000000000000000 ) ) ;
#309 = ORIENTED_EDGE ( 'NONE', *, *, #3124, .T. ) ;
#310 = ORIENTED_EDGE ( 'NONE', *, *, #2491, .T. ) ;
#311 = CARTESIAN_POINT ( 'NONE',  ( -17.99999999999998224, -19.99999999999999645, 15.00000000000000000 ) ) ;
#312 = EDGE_LOOP ( 'NONE', ( #581, #554, #3048, #905 ) ) ;
#313 = DIRECTION ( 'NONE',  ( 1.000000000000000000, 0.000000000000000000, 0.000000000000000000 ) ) ;
#314 = DIRECTION ( 'NONE',  ( 1.000000000000000000, -3.455753102189215654E-16, 0.000000000000000000 ) ) ;
#315 = AXIS2_PLACEMENT_3D ( 'NONE', #1711, #2209, #1977 ) ;
#316 = LINE ( 'NONE', #2744, #785 ) ;
#317 = ORIENTED_EDGE ( 'NONE', *, *, #306, .T. ) ;
#318 =( BOUNDED_CURVE ( )  B_SPLINE_CURVE ( 3, ( #2431, #3133, #444, #896 ),
 .UNSPECIFIED., .F., .F. ) 
 B_SPLINE_CURVE_WITH_KNOTS ( ( 4, 4 ),
 ( 1.573456011981952063, 3.141592653589793116 ),
 .UNSPECIFIED. ) 
 CURVE ( )  GEOMETRIC_REPRESENTATION_ITEM ( )  RATIONAL_B_SPLINE_CURVE ( ( 1.000000000000000000, 0.8053643309151354845, 0.8053643309151354845, 1.000000000000000000 ) ) 
 REPRESENTATION_ITEM ( '' )  );
#319 = VECTOR ( 'NONE', #778, 999.9999999999998863 ) ;
#320 = CARTESIAN_POINT ( 'NONE',  ( -26.00677561912519309, 75.00000000000001421, 5.000000000000000888 ) ) ;
#321 = EDGE_CURVE ( 'NONE', #2259, #1098, #742, .T. ) ;
#322 = VECTOR ( 'NONE', #102, 1000.000000000000000 ) ;
#323 = DIRECTION ( 'NONE',  ( -3.346007010100586627E-16, -1.000000000000000000, 0.000000000000000000 ) ) ;
#324 = ORIENTED_EDGE ( 'NONE', *, *, #2625, .T. ) ;
#325 = FACE_OUTER_BOUND ( 'NONE', #1564, .T. ) ;
#326 = ADVANCED_FACE ( 'NONE', ( #2247 ), #759, .T. ) ;
#327 = EDGE_CURVE ( 'NONE', #2762, #196, #1265, .T. ) ;
#328 = VECTOR ( 'NONE', #1472, 1000.000000000000000 ) ;
#329 = ORIENTED_EDGE ( 'NONE', *, *, #2568, .T. ) ;
#330 = ORIENTED_EDGE ( 'NONE', *, *, #599, .T. ) ;
#331 = VECTOR ( 'NONE', #2089, 1000.000000000000000 ) ;
#332 = DIRECTION ( 'NONE',  ( 0.8311169316238971039, 0.5560976946257540909, -0.000000000000000000 ) ) ;
#333 = ORIENTED_EDGE ( 'NONE', *, *, #3108, .F. ) ;
#334 = LINE ( 'NONE', #2599, #1322 ) ;
#335 = CARTESIAN_POINT ( 'NONE',  ( -20.00000000000000000, 71.70111908764206987, 11.00000000000000000 ) ) ;
#336 = ORIENTED_EDGE ( 'NONE', *, *, #1164, .T. ) ;
#337 = CARTESIAN_POINT ( 'NONE',  ( -24.90000000000000568, 63.00000000000001421, 0.09999999999999722999 ) ) ;
#338 = PLANE ( 'NONE',  #366 ) ;
#339 = VERTEX_POINT ( 'NONE', #2266 ) ;
#340 = DIRECTION ( 'NONE',  ( 0.000000000000000000, 0.000000000000000000, -1.000000000000000000 ) ) ;
#341 = EDGE_LOOP ( 'NONE', ( #2281, #1014, #544, #317 ) ) ;
#342 = EDGE_CURVE ( 'NONE', #673, #2081, #501, .T. ) ;
#343 = ORIENTED_EDGE ( 'NONE', *, *, #478, .F. ) ;
#344 = DIRECTION ( 'NONE',  ( -3.455753102189216147E-16, -1.000000000000000000, -0.000000000000000000 ) ) ;
#345 = EDGE_LOOP ( 'NONE', ( #811, #324 ) ) ;
#346 = FACE_OUTER_BOUND ( 'NONE', #1480, .T. ) ;
#347 = DIRECTION ( 'NONE',  ( -1.000000000000000000, 3.346007010100586627E-16, 5.577681830192081865E-48 ) ) ;
#348 = DIRECTION ( 'NONE',  ( 1.000000000000000000, -1.185495751652216669E-16, 0.000000000000000000 ) ) ;
#349 = ORIENTED_EDGE ( 'NONE', *, *, #1263, .T. ) ;
#350 = CARTESIAN_POINT ( 'NONE',  ( -24.46115472733042751, 74.79870160814004976, 3.003641616684519011 ) ) ;
#351 = DIRECTION ( 'NONE',  ( 0.000000000000000000, 0.000000000000000000, -1.000000000000000000 ) ) ;
#352 = ORIENTED_EDGE ( 'NONE', *, *, #2591, .F. ) ;
#353 = ORIENTED_EDGE ( 'NONE', *, *, #1430, .F. ) ;
#354 = FACE_OUTER_BOUND ( 'NONE', #1863, .T. ) ;
#355 = CARTESIAN_POINT ( 'NONE',  ( 34.42220510185597959, 25.00506482483916315, 2.000000000000008882 ) ) ;
#356 = EDGE_CURVE ( 'NONE', #2212, #2962, #1019, .T. ) ;
#357 = ORIENTED_EDGE ( 'NONE', *, *, #342, .F. ) ;
#358 = LINE ( 'NONE', #2931, #3104 ) ;
#359 = CARTESIAN_POINT ( 'NONE',  ( -15.59999999999999432, 152.0564581469694758, -1.499999999999999556 ) ) ;
#360 = ADVANCED_FACE ( 'NONE', ( #1513 ), #3030, .T. ) ;
#361 = ADVANCED_FACE ( 'NONE', ( #1278 ), #1001, .F. ) ;
#362 = DIRECTION ( 'NONE',  ( -1.000000000000000000, 0.000000000000000000, 0.000000000000000000 ) ) ;
#363 = EDGE_LOOP ( 'NONE', ( #932, #636, #653, #2812, #2353 ) ) ;
#364 = VECTOR ( 'NONE', #937, 1000.000000000000000 ) ;
#365 = PLANE ( 'NONE',  #2418 ) ;
#366 = AXIS2_PLACEMENT_3D ( 'NONE', #2015, #50, #2067 ) ;
#367 = DIRECTION ( 'NONE',  ( 0.4569633473193861484, 0.8894855250124433788, -0.000000000000000000 ) ) ;
#368 = VECTOR ( 'NONE', #2676, 1000.000000000000000 ) ;
#369 = ORIENTED_EDGE ( 'NONE', *, *, #2569, .T. ) ;
#370 = AXIS2_PLACEMENT_3D ( 'NONE', #2498, #761, #503 ) ;
#371 = ORIENTED_EDGE ( 'NONE', *, *, #264, .T. ) ;
#372 = FACE_OUTER_BOUND ( 'NONE', #2698, .T. ) ;
#373 = VECTOR ( 'NONE', #2553, 1000.000000000000000 ) ;
#374 = VERTEX_POINT ( 'NONE', #1032 ) ;
#375 = EDGE_CURVE ( 'NONE', #769, #119, #2982, .T. ) ;
#376 = DIRECTION ( 'NONE',  ( -1.000000000000000000, -1.040834085586084059E-15, 0.000000000000000000 ) ) ;
#377 = DIRECTION ( 'NONE',  ( 0.000000000000000000, -0.000000000000000000, -1.000000000000000000 ) ) ;
#378 = ORIENTED_EDGE ( 'NONE', *, *, #555, .T. ) ;
#379 = EDGE_CURVE ( 'NONE', #2803, #56, #1115, .T. ) ;
#380 = EDGE_CURVE ( 'NONE', #1098, #755, #540, .T. ) ;
#381 = LINE ( 'NONE', #2176, #848 ) ;
#382 = DIRECTION ( 'NONE',  ( 1.734723475976807094E-15, -5.804396911204453289E-31, 1.000000000000000000 ) ) ;
#383 = ADVANCED_FACE ( 'NONE', ( #2510 ), #3015, .F. ) ;
#384 = FACE_OUTER_BOUND ( 'NONE', #2388, .T. ) ;
#385 = FACE_OUTER_BOUND ( 'NONE', #257, .T. ) ;
#386 = DIRECTION ( 'NONE',  ( 0.000000000000000000, 0.000000000000000000, 1.000000000000000000 ) ) ;
#387 = VERTEX_POINT ( 'NONE', #2233 ) ;
#388 = ORIENTED_EDGE ( 'NONE', *, *, #1450, .T. ) ;
#389 = CARTESIAN_POINT ( 'NONE',  ( 0.000000000000000000, 0.000000000000000000, 3.000000000000000000 ) ) ;
#390 = ORIENTED_EDGE ( 'NONE', *, *, #49, .F. ) ;
#391 = CARTESIAN_POINT ( 'NONE',  ( 20.00000000000002132, 37.00506482483917381, 11.00000000000000000 ) ) ;
#392 = CARTESIAN_POINT ( 'NONE',  ( -15.00000000000000355, 0.000000000000000000, 0.000000000000000000 ) ) ;
#393 = FACE_OUTER_BOUND ( 'NONE', #814, .T. ) ;
#394 = EDGE_LOOP ( 'NONE', ( #1186, #2147, #1141, #1016 ) ) ;
#395 = CARTESIAN_POINT ( 'NONE',  ( -14.99999999999998224, 152.0564581469694758, -1.499999999999999556 ) ) ;
#396 = LINE ( 'NONE', #1401, #1059 ) ;
#397 = EDGE_CURVE ( 'NONE', #1797, #2740, #2768, .T. ) ;
#398 = CARTESIAN_POINT ( 'NONE',  ( -92.41510451853643815, 81.50246131402965943, 10.07470942854996032 ) ) ;
#399 = DIRECTION ( 'NONE',  ( -3.346007010100586627E-16, -1.000000000000000000, 0.000000000000000000 ) ) ;
#400 = ORIENTED_EDGE ( 'NONE', *, *, #302, .F. ) ;
#401 = ORIENTED_EDGE ( 'NONE', *, *, #2848, .T. ) ;
#402 = CARTESIAN_POINT ( 'NONE',  ( 24.13341001896529647, 169.0663628390535393, 12.32410309168058582 ) ) ;
#403 = ORIENTED_EDGE ( 'NONE', *, *, #2575, .T. ) ;
#404 = LINE ( 'NONE', #1411, #3050 ) ;
#405 = LINE ( 'NONE', #2198, #465 ) ;
#406 = CARTESIAN_POINT ( 'NONE',  ( -24.46115472733042751, 74.79870160814004976, 3.003641616684519011 ) ) ;
#407 = ORIENTED_EDGE ( 'NONE', *, *, #3217, .T. ) ;
#408 = LINE ( 'NONE', #1696, #951 ) ;
#409 = LINE ( 'NONE', #914, #20 ) ;
#410 = EDGE_CURVE ( 'NONE', #164, #938, #1791, .T. ) ;
#411 = LINE ( 'NONE', #428, #2161 ) ;
#412 = VECTOR ( 'NONE', #2581, 1000.000000000000000 ) ;
#413 = DIRECTION ( 'NONE',  ( -1.000000000000000000, -1.040834085586084059E-15, 0.000000000000000000 ) ) ;
#414 = VERTEX_POINT ( 'NONE', #248 ) ;
#415 = ORIENTED_EDGE ( 'NONE', *, *, #2625, .F. ) ;
#416 = EDGE_CURVE ( 'NONE', #587, #2169, #234, .T. ) ;
#417 = CIRCLE ( 'NONE', #846, 1.199999999999999734 ) ;
#418 = EDGE_CURVE ( 'NONE', #1695, #2701, #435, .T. ) ;
#419 = CARTESIAN_POINT ( 'NONE',  ( -16.45751311064586631, 166.2203552699077420, -5.000000000000000000 ) ) ;
#420 = ORIENTED_EDGE ( 'NONE', *, *, #3217, .F. ) ;
#421 = VECTOR ( 'NONE', #1732, 1000.000000000000000 ) ;
#422 = DIRECTION ( 'NONE',  ( -0.01055751784968288198, 0.9999442678553909225, 0.000000000000000000 ) ) ;
#423 = FACE_OUTER_BOUND ( 'NONE', #312, .T. ) ;
#424 = LINE ( 'NONE', #216, #842 ) ;
#425 = ORIENTED_EDGE ( 'NONE', *, *, #26, .F. ) ;
#426 = LINE ( 'NONE', #2429, #3195 ) ;
#427 = DIRECTION ( 'NONE',  ( 1.301042606982605321E-16, -1.000000000000000000, 0.000000000000000000 ) ) ;
#428 = CARTESIAN_POINT ( 'NONE',  ( -0.5988018591703306859, 199.3210225125852446, 5.857864376269050766 ) ) ;
#429 = CARTESIAN_POINT ( 'NONE',  ( 9.999999999999992895, 61.20000000000000284, 13.00000000000000000 ) ) ;
#430 = ORIENTED_EDGE ( 'NONE', *, *, #1511, .F. ) ;
#431 = ORIENTED_EDGE ( 'NONE', *, *, #221, .F. ) ;
#432 = DIRECTION ( 'NONE',  ( -0.7071067811865493491, -7.747166736926543499E-17, -0.7071067811865456854 ) ) ;
#433 = EDGE_CURVE ( 'NONE', #374, #918, #1499, .T. ) ;
#434 = CARTESIAN_POINT ( 'NONE',  ( -23.70000000000000639, 66.00000000000001421, 0.09999999999999722999 ) ) ;
#435 =( BOUNDED_CURVE ( )  B_SPLINE_CURVE ( 3, ( #297, #1294, #2294, #3052 ),
 .UNSPECIFIED., .F., .F. ) 
 B_SPLINE_CURVE_WITH_KNOTS ( ( 4, 4 ),
 ( 0.000000000000000000, 0.7853981633974473908 ),
 .UNSPECIFIED. ) 
 CURVE ( )  GEOMETRIC_REPRESENTATION_ITEM ( )  RATIONAL_B_SPLINE_CURVE ( ( 1.000000000000000000, 0.9492530216741912330, 0.9492530216741912330, 1.000000000000000000 ) ) 
 REPRESENTATION_ITEM ( '' )  );
#436 = EDGE_LOOP ( 'NONE', ( #1884, #1931, #1443, #51 ) ) ;
#437 = LINE ( 'NONE', #2642, #1218 ) ;
#438 = LINE ( 'NONE', #1706, #1417 ) ;
#439 = ADVANCED_FACE ( 'NONE', ( #553 ), #3066, .F. ) ;
#440 = EDGE_LOOP ( 'NONE', ( #1972, #1787, #2010, #2977, #2225, #2669, #919, #993, #1596, #891, #1849, #2685 ) ) ;
#441 = CARTESIAN_POINT ( 'NONE',  ( -19.99999999999997158, -19.99999999999999645, 15.00000000000000000 ) ) ;
#442 = CARTESIAN_POINT ( 'NONE',  ( 17.50000000000002842, 152.0564581469694474, -1.500000000000000000 ) ) ;
#443 = B_SPLINE_CURVE_WITH_KNOTS ( 'NONE', 3,
 ( #723, #1970, #1018, #758, #2509, #2753, #1551, #1512 ),
 .UNSPECIFIED., .F., .F.,
 ( 4, 2, 2, 4 ),
 ( 1.012438182763290860E-17, 0.001797102358907084032, 0.002695653538360623120, 0.003594204717814162425 ),
 .UNSPECIFIED. ) ;
#444 = CARTESIAN_POINT ( 'NONE',  ( 66.45751311064594802, 75.00000000000005684, -0.8455185095588855226 ) ) ;
#445 = CARTESIAN_POINT ( 'NONE',  ( -27.40000000000000568, 60.00000000000000711, -2.400000000000003020 ) ) ;
#446 = ORIENTED_EDGE ( 'NONE', *, *, #1432, .F. ) ;
#447 = ORIENTED_EDGE ( 'NONE', *, *, #2230, .T. ) ;
#448 = CARTESIAN_POINT ( 'NONE',  ( 23.82215035372525946, 169.0039265043923251, 12.63536275692062105 ) ) ;
#449 = VERTEX_POINT ( 'NONE', #898 ) ;
#450 = CARTESIAN_POINT ( 'NONE',  ( 15.60000000000000142, 162.7011190876420983, -5.000000000000004441 ) ) ;
#451 = CARTESIAN_POINT ( 'NONE',  ( -15.59999999999999787, 162.7011190876420983, 0.000000000000000000 ) ) ;
#452 = DIRECTION ( 'NONE',  ( 0.000000000000000000, 0.000000000000000000, -1.000000000000000000 ) ) ;
#453 = ORIENTED_EDGE ( 'NONE', *, *, #1969, .T. ) ;
#454 = DIRECTION ( 'NONE',  ( -1.000000000000000000, 2.312964634635743450E-16, 0.000000000000000000 ) ) ;
#455 = EDGE_CURVE ( 'NONE', #1380, #1173, #1331, .T. ) ;
#456 = EDGE_CURVE ( 'NONE', #2808, #2330, #839, .T. ) ;
#457 = CARTESIAN_POINT ( 'NONE',  ( 59.74982674600057919, 65.00886561990334656, 20.00000000000000000 ) ) ;
#458 = CARTESIAN_POINT ( 'NONE',  ( 19.99999999999998224, -4.163336342344333871E-15, 11.00000000000000000 ) ) ;
#459 = CARTESIAN_POINT ( 'NONE',  ( 15.60000000000000142, 116.7011190876420699, 145.3413857930792688 ) ) ;
#460 = AXIS2_PLACEMENT_3D ( 'NONE', #2106, #2601, #2362 ) ;
#461 = ORIENTED_EDGE ( 'NONE', *, *, #1508, .F. ) ;
#462 = ORIENTED_EDGE ( 'NONE', *, *, #3161, .T. ) ;
#463 = DIRECTION ( 'NONE',  ( 1.000000000000000000, 0.000000000000000000, 0.000000000000000000 ) ) ;
#464 = VECTOR ( 'NONE', #1066, 1000.000000000000000 ) ;
#465 = VECTOR ( 'NONE', #644, 1000.000000000000000 ) ;
#466 = ORIENTED_EDGE ( 'NONE', *, *, #2536, .T. ) ;
#467 = DIRECTION ( 'NONE',  ( -0.000000000000000000, -0.000000000000000000, -1.000000000000000000 ) ) ;
#468 = DIRECTION ( 'NONE',  ( 1.000000000000000000, 0.000000000000000000, 0.000000000000000000 ) ) ;
#469 = CIRCLE ( 'NONE', #2311, 1.199999999999999734 ) ;
#470 = ORIENTED_EDGE ( 'NONE', *, *, #868, .F. ) ;
#471 = VECTOR ( 'NONE', #2442, 1000.000000000000000 ) ;
#472 = CARTESIAN_POINT ( 'NONE',  ( 15.59999999999999609, 60.00000000000000000, -5.000000000000000000 ) ) ;
#473 = DIRECTION ( 'NONE',  ( -0.000000000000000000, -0.000000000000000000, -1.000000000000000000 ) ) ;
#474 = DIRECTION ( 'NONE',  ( -1.020461372300644169E-15, -0.8340576562283005257, -0.5516772843673682925 ) ) ;
#475 = AXIS2_PLACEMENT_3D ( 'NONE', #3214, #780, #2991 ) ;
#476 = DIRECTION ( 'NONE',  ( 0.000000000000000000, 1.000000000000000000, 0.000000000000000000 ) ) ;
#477 = EDGE_CURVE ( 'NONE', #75, #837, #87, .T. ) ;
#478 = EDGE_CURVE ( 'NONE', #1312, #1669, #2909, .T. ) ;
#479 = PLANE ( 'NONE',  #475 ) ;
#480 = FACE_OUTER_BOUND ( 'NONE', #822, .T. ) ;
#481 = EDGE_LOOP ( 'NONE', ( #623, #1600 ) ) ;
#482 = LINE ( 'NONE', #68, #528 ) ;
#483 = ORIENTED_EDGE ( 'NONE', *, *, #942, .F. ) ;
#484 = DIRECTION ( 'NONE',  ( 1.000000000000000000, 0.000000000000000000, 0.000000000000000000 ) ) ;
#485 = DIRECTION ( 'NONE',  ( 1.000000000000000000, 0.000000000000000000, 0.000000000000000000 ) ) ;
#486 = DIRECTION ( 'NONE',  ( 1.000000000000000000, 0.000000000000000000, 0.000000000000000000 ) ) ;
#487 = EDGE_LOOP ( 'NONE', ( #2240, #3074, #3143, #2539, #1113, #1671, #401, #1608 ) ) ;
#488 = CARTESIAN_POINT ( 'NONE',  ( 18.00000000000002842, 60.00000000000005684, 2.000000000000000000 ) ) ;
#489 = FACE_OUTER_BOUND ( 'NONE', #194, .T. ) ;
#490 = CARTESIAN_POINT ( 'NONE',  ( -24.90000000000000568, 63.00000000000001421, 0.09999999999999722999 ) ) ;
#491 = ORIENTED_EDGE ( 'NONE', *, *, #1722, .T. ) ;
#492 = LINE ( 'NONE', #547, #2001 ) ;
#493 = EDGE_CURVE ( 'NONE', #1, #1117, #1837, .T. ) ;
#494 = FACE_OUTER_BOUND ( 'NONE', #2215, .T. ) ;
#495 = VERTEX_POINT ( 'NONE', #1897 ) ;
#496 = DIRECTION ( 'NONE',  ( 1.095614826932720471E-16, -1.000000000000000000, 8.715763992105328214E-33 ) ) ;
#497 = EDGE_CURVE ( 'NONE', #954, #1098, #824, .T. ) ;
#498 = EDGE_CURVE ( 'NONE', #2740, #1030, #2086, .T. ) ;
#499 = ORIENTED_EDGE ( 'NONE', *, *, #783, .T. ) ;
#500 = DIRECTION ( 'NONE',  ( 1.000000000000000000, 0.000000000000000000, 0.000000000000000000 ) ) ;
#501 = LINE ( 'NONE', #2036, #3190 ) ;
#502 = VERTEX_POINT ( 'NONE', #1929 ) ;
#503 = DIRECTION ( 'NONE',  ( -0.7499999999999994449, -0.6614378277661482342, 0.000000000000000000 ) ) ;
#504 = DIRECTION ( 'NONE',  ( -1.095614826932720471E-16, 1.000000000000000000, -8.715763992105328214E-33 ) ) ;
#505 = CARTESIAN_POINT ( 'NONE',  ( 4.190699000851998867E-14, 121.2673150230899211, -2.400000000000003020 ) ) ;
#506 = EDGE_LOOP ( 'NONE', ( #1260, #2268, #572, #3012, #1158 ) ) ;
#507 = CARTESIAN_POINT ( 'NONE',  ( 23.52858092251142352, 168.8929676890319911, 12.92893218813445522 ) ) ;
#508 = DIRECTION ( 'NONE',  ( 1.000000000000000000, 1.040834085586084059E-15, -0.000000000000000000 ) ) ;
#509 = EDGE_CURVE ( 'NONE', #2561, #769, #1638, .T. ) ;
#510 = ORIENTED_EDGE ( 'NONE', *, *, #264, .F. ) ;
#511 = DIRECTION ( 'NONE',  ( 1.000000000000000000, -3.469446951953614189E-16, 0.000000000000000000 ) ) ;
#512 = ORIENTED_EDGE ( 'NONE', *, *, #2343, .T. ) ;
#513 = EDGE_CURVE ( 'NONE', #2998, #719, #3155, .T. ) ;
#514 = ORIENTED_EDGE ( 'NONE', *, *, #1404, .T. ) ;
#515 = EDGE_CURVE ( 'NONE', #3156, #2798, #2650, .T. ) ;
#516 = VECTOR ( 'NONE', #991, 1000.000000000000000 ) ;
#517 = LINE ( 'NONE', #1031, #1943 ) ;
#518 = DIRECTION ( 'NONE',  ( -2.081668171172168513E-16, -1.000000000000000000, 0.000000000000000000 ) ) ;
#519 = AXIS2_PLACEMENT_3D ( 'NONE', #999, #3209, #2545 ) ;
#520 = ORIENTED_EDGE ( 'NONE', *, *, #882, .T. ) ;
#521 = DIRECTION ( 'NONE',  ( 0.000000000000000000, 0.000000000000000000, -1.000000000000000000 ) ) ;
#522 = LINE ( 'NONE', #3033, #2057 ) ;
#523 = CARTESIAN_POINT ( 'NONE',  ( -15.59999999999999787, 116.7011190876420699, 145.3413857930792688 ) ) ;
#524 = LINE ( 'NONE', #2405, #792 ) ;
#525 = DIRECTION ( 'NONE',  ( 0.000000000000000000, 0.000000000000000000, -1.000000000000000000 ) ) ;
#526 = VERTEX_POINT ( 'NONE', #1390 ) ;
#527 = FACE_OUTER_BOUND ( 'NONE', #440, .T. ) ;
#528 = VECTOR ( 'NONE', #2523, 1000.000000000000000 ) ;
#529 = ORIENTED_EDGE ( 'NONE', *, *, #767, .T. ) ;
#530 = PLANE ( 'NONE',  #3199 ) ;
#531 = AXIS2_PLACEMENT_3D ( 'NONE', #3007, #255, #2288 ) ;
#532 = DIRECTION ( 'NONE',  ( -2.312964634635743450E-16, -1.000000000000000000, -0.000000000000000000 ) ) ;
#533 = VECTOR ( 'NONE', #2485, 1000.000000000000114 ) ;
#534 = ORIENTED_EDGE ( 'NONE', *, *, #3221, .T. ) ;
#535 = DIRECTION ( 'NONE',  ( 1.000000000000000000, 1.301042606982605321E-16, -0.000000000000000000 ) ) ;
#536 = AXIS2_PLACEMENT_3D ( 'NONE', #2659, #2633, #1440 ) ;
#537 = ORIENTED_EDGE ( 'NONE', *, *, #1263, .F. ) ;
#538 = AXIS2_PLACEMENT_3D ( 'NONE', #1956, #1735, #2950 ) ;
#539 = EDGE_CURVE ( 'NONE', #140, #387, #2515, .T. ) ;
#540 = LINE ( 'NONE', #263, #2304 ) ;
#541 = ORIENTED_EDGE ( 'NONE', *, *, #1143, .F. ) ;
#542 = CARTESIAN_POINT ( 'NONE',  ( 24.46115472733051988, 169.0800349408363275, 11.99635838331536952 ) ) ;
#543 = CARTESIAN_POINT ( 'NONE',  ( -25.05794768594684996, 74.92029043426040857, 3.600434575300933027 ) ) ;
#544 = ORIENTED_EDGE ( 'NONE', *, *, #3142, .T. ) ;
#545 = VERTEX_POINT ( 'NONE', #2396 ) ;
#546 = CARTESIAN_POINT ( 'NONE',  ( 27.40000000000001634, 62.99999999999998579, -2.400000000000003020 ) ) ;
#547 = CARTESIAN_POINT ( 'NONE',  ( -17.99999999999997513, 60.00000000000005684, 2.000000000000000000 ) ) ;
#548 = CARTESIAN_POINT ( 'NONE',  ( -27.39999999999998437, 121.2673150230899353, -2.400000000000003020 ) ) ;
#549 = ORIENTED_EDGE ( 'NONE', *, *, #2399, .T. ) ;
#550 = CARTESIAN_POINT ( 'NONE',  ( -24.90000000000000568, 66.00000000000001421, 14.90000000000000036 ) ) ;
#551 = EDGE_LOOP ( 'NONE', ( #597, #590, #2295, #2068 ) ) ;
#552 = CARTESIAN_POINT ( 'NONE',  ( -19.16877253995626162, 73.22592390994353195, 17.28874057068964731 ) ) ;
#553 = FACE_OUTER_BOUND ( 'NONE', #3056, .T. ) ;
#554 = ORIENTED_EDGE ( 'NONE', *, *, #744, .F. ) ;
#555 = EDGE_CURVE ( 'NONE', #1327, #2765, #2893, .T. ) ;
#556 = DIRECTION ( 'NONE',  ( 3.469446951953616161E-16, 1.000000000000000000, 0.000000000000000000 ) ) ;
#557 = DIRECTION ( 'NONE',  ( -2.168404344971010840E-16, 0.000000000000000000, 1.000000000000000000 ) ) ;
#558 = CARTESIAN_POINT ( 'NONE',  ( 16.45751311064594447, 69.96359218028989346, 19.99999999999999645 ) ) ;
#559 = ORIENTED_EDGE ( 'NONE', *, *, #1387, .F. ) ;
#560 = LINE ( 'NONE', #3020, #2260 ) ;
#561 = ADVANCED_FACE ( 'NONE', ( #1140 ), #652, .T. ) ;
#562 = CARTESIAN_POINT ( 'NONE',  ( 24.89999999999999147, 65.99999999999998579, 0.09999999999999592548 ) ) ;
#563 = CARTESIAN_POINT ( 'NONE',  ( 27.40000000000001634, 121.2673150230899068, -2.400000000000003020 ) ) ;
#564 =( BOUNDED_CURVE ( )  B_SPLINE_CURVE ( 3, ( #2454, #22, #2265, #1705 ),
 .UNSPECIFIED., .F., .F. ) 
 B_SPLINE_CURVE_WITH_KNOTS ( ( 4, 4 ),
 ( 0.000000000000000000, 0.7853981633974442822 ),
 .UNSPECIFIED. ) 
 CURVE ( )  GEOMETRIC_REPRESENTATION_ITEM ( )  RATIONAL_B_SPLINE_CURVE ( ( 1.000000000000000000, 0.9492530216741915661, 0.9492530216741915661, 1.000000000000000000 ) ) 
 REPRESENTATION_ITEM ( '' )  );
#565 = CARTESIAN_POINT ( 'NONE',  ( 15.59999999999998721, -1.849373372577456376E-15, 0.000000000000000000 ) ) ;
#566 = ORIENTED_EDGE ( 'NONE', *, *, #2400, .F. ) ;
#567 = PLANE ( 'NONE',  #1635 ) ;
#568 = ORIENTED_EDGE ( 'NONE', *, *, #666, .T. ) ;
#569 = ORIENTED_EDGE ( 'NONE', *, *, #1703, .T. ) ;
#570 = CARTESIAN_POINT ( 'NONE',  ( -15.00000000000000355, -15.00000000000000000, 11.00000000000000000 ) ) ;
#571 = CARTESIAN_POINT ( 'NONE',  ( -17.99999999999998224, 63.00000000000000000, 15.00000000000000000 ) ) ;
#572 = ORIENTED_EDGE ( 'NONE', *, *, #945, .F. ) ;
#573 = DIRECTION ( 'NONE',  ( 2.312964634635743450E-16, 1.000000000000000000, 0.000000000000000000 ) ) ;
#574 = VECTOR ( 'NONE', #1565, 1000.000000000000000 ) ;
#575 = LINE ( 'NONE', #972, #4 ) ;
#576 = ORIENTED_EDGE ( 'NONE', *, *, #186, .T. ) ;
#577 = VECTOR ( 'NONE', #1238, 1000.000000000000000 ) ;
#578 = CARTESIAN_POINT ( 'NONE',  ( -20.52790531377943495, 129.7011190876420699, 0.000000000000000000 ) ) ;
#579 = EDGE_CURVE ( 'NONE', #132, #1832, #178, .T. ) ;
#580 = DIRECTION ( 'NONE',  ( -0.000000000000000000, -0.000000000000000000, -1.000000000000000000 ) ) ;
#581 = ORIENTED_EDGE ( 'NONE', *, *, #2383, .T. ) ;
#582 = VECTOR ( 'NONE', #671, 1000.000000000000000 ) ;
#583 = CARTESIAN_POINT ( 'NONE',  ( 0.000000000000000000, 200.0000000000000000, 5.857864376268992146 ) ) ;
#584 = EDGE_CURVE ( 'NONE', #2550, #2572, #2315, .T. ) ;
#585 = VECTOR ( 'NONE', #3078, 1000.000000000000000 ) ;
#586 = EDGE_LOOP ( 'NONE', ( #1049, #2630, #3038, #403 ) ) ;
#587 = VERTEX_POINT ( 'NONE', #1422 ) ;
#588 = CARTESIAN_POINT ( 'NONE',  ( -16.45751311064592315, 75.00000000000001421, 20.00000000000000000 ) ) ;
#589 = AXIS2_PLACEMENT_3D ( 'NONE', #2499, #1775, #729 ) ;
#590 = ORIENTED_EDGE ( 'NONE', *, *, #2208, .T. ) ;
#591 = FACE_OUTER_BOUND ( 'NONE', #2512, .T. ) ;
#592 = CARTESIAN_POINT ( 'NONE',  ( 23.82215035372518841, 169.0039265043923535, 2.364637243079292794 ) ) ;
#593 = ORIENTED_EDGE ( 'NONE', *, *, #2710, .T. ) ;
#594 = CARTESIAN_POINT ( 'NONE',  ( 11.89999999999999325, 56.99999999999999289, 11.00000000000000000 ) ) ;
#595 = ADVANCED_FACE ( 'NONE', ( #2178 ), #3171, .T. ) ;
#596 = DIRECTION ( 'NONE',  ( 0.6614378277661476790, 0.7499999999999998890, 0.000000000000000000 ) ) ;
#597 = ORIENTED_EDGE ( 'NONE', *, *, #610, .T. ) ;
#598 = VERTEX_POINT ( 'NONE', #571 ) ;
#599 = EDGE_CURVE ( 'NONE', #502, #1485, #1515, .T. ) ;
#600 = ADVANCED_FACE ( 'NONE', ( #480 ), #731, .F. ) ;
#601 = LINE ( 'NONE', #2356, #2882 ) ;
#602 = ORIENTED_EDGE ( 'NONE', *, *, #1446, .F. ) ;
#603 = CARTESIAN_POINT ( 'NONE',  ( -20.52790531377943495, 168.7011190876420983, 3.000000000000000000 ) ) ;
#604 = DIRECTION ( 'NONE',  ( 0.000000000000000000, 1.000000000000000000, -0.000000000000000000 ) ) ;
#605 = DIRECTION ( 'NONE',  ( 1.128474576789395789E-31, -8.673617379884034486E-16, -1.000000000000000000 ) ) ;
#606 = CARTESIAN_POINT ( 'NONE',  ( 34.42220510185597959, 25.00506482483916315, 2.000000000000008882 ) ) ;
#607 = ORIENTED_EDGE ( 'NONE', *, *, #2827, .F. ) ;
#608 = LINE ( 'NONE', #563, #2363 ) ;
#609 = DIRECTION ( 'NONE',  ( 1.000000000000000000, -3.455753102189215654E-16, -6.389316844718679697E-48 ) ) ;
#610 = EDGE_CURVE ( 'NONE', #1930, #35, #1728, .T. ) ;
#611 = ORIENTED_EDGE ( 'NONE', *, *, #1861, .T. ) ;
#612 = EDGE_LOOP ( 'NONE', ( #301, #2334, #2403, #378, #46, #3 ) ) ;
#613 = PLANE ( 'NONE',  #3041 ) ;
#614 = DIRECTION ( 'NONE',  ( 1.000000000000000000, -3.346007010100586627E-16, 0.000000000000000000 ) ) ;
#615 = B_SPLINE_CURVE_WITH_KNOTS ( 'NONE', 3,
 ( #3035, #2792, #543, #58 ),
 .UNSPECIFIED., .F., .F.,
 ( 4, 4 ),
 ( 1.734723475976807094E-18, 0.002532767612386070677 ),
 .UNSPECIFIED. ) ;
#616 = ADVANCED_FACE ( 'NONE', ( #494 ), #2730, .F. ) ;
#617 = EDGE_CURVE ( 'NONE', #449, #954, #1474, .T. ) ;
#618 = ORIENTED_EDGE ( 'NONE', *, *, #2347, .F. ) ;
#619 = DIRECTION ( 'NONE',  ( -0.000000000000000000, -0.000000000000000000, -1.000000000000000000 ) ) ;
#620 = PLANE ( 'NONE',  #2929 ) ;
#621 = FACE_OUTER_BOUND ( 'NONE', #1630, .T. ) ;
#622 = EDGE_CURVE ( 'NONE', #825, #2640, #1506, .T. ) ;
#623 = ORIENTED_EDGE ( 'NONE', *, *, #1534, .T. ) ;
#624 = FACE_OUTER_BOUND ( 'NONE', #2910, .T. ) ;
#625 = VECTOR ( 'NONE', #187, 1000.000000000000000 ) ;
#626 = CARTESIAN_POINT ( 'NONE',  ( 59.73256969328396337, 65.00000000000004263, -5.000000000000000000 ) ) ;
#627 = VECTOR ( 'NONE', #1749, 1000.000000000000000 ) ;
#628 = CARTESIAN_POINT ( 'NONE',  ( -16.45751311064592315, 69.55977666985981500, 20.00000000000000711 ) ) ;
#629 = DIRECTION ( 'NONE',  ( -1.000000000000000000, -1.040834085586084059E-15, 0.000000000000000000 ) ) ;
#630 = FACE_BOUND ( 'NONE', #1295, .T. ) ;
#631 = VECTOR ( 'NONE', #629, 1000.000000000000000 ) ;
#632 = CARTESIAN_POINT ( 'NONE',  ( 27.39999999999999503, 63.00000000000000000, 4.801153862804492442E-15 ) ) ;
#633 = ORIENTED_EDGE ( 'NONE', *, *, #909, .T. ) ;
#634 = PRODUCT_DEFINITION_SHAPE ( 'NONE', 'NONE',  #2898 ) ;
#635 = VECTOR ( 'NONE', #1343, 1000.000000000000000 ) ;
#636 = ORIENTED_EDGE ( 'NONE', *, *, #1038, .T. ) ;
#637 = DIRECTION ( 'NONE',  ( 1.000000000000000000, 0.000000000000000000, 0.000000000000000000 ) ) ;
#638 = AXIS2_PLACEMENT_3D ( 'NONE', #1300, #2066, #2322 ) ;
#639 = ORIENTED_EDGE ( 'NONE', *, *, #3167, .F. ) ;
#640 = VECTOR ( 'NONE', #473, 1000.000000000000000 ) ;
#641 = CARTESIAN_POINT ( 'NONE',  ( -11.10000000000000497, 56.99999999999999289, 13.00000000000000178 ) ) ;
#642 = EDGE_CURVE ( 'NONE', #2169, #704, #2487, .T. ) ;
#643 = CYLINDRICAL_SURFACE ( 'NONE', #2009, 1.199999999999999734 ) ;
#644 = DIRECTION ( 'NONE',  ( 0.000000000000000000, 0.000000000000000000, 1.000000000000000000 ) ) ;
#645 = DIRECTION ( 'NONE',  ( -3.346007010100586627E-16, -1.000000000000000000, 0.000000000000000000 ) ) ;
#646 = PRODUCT_DEFINITION_FORMATION_WITH_SPECIFIED_SOURCE ( '浠', '', #3068, .NOT_KNOWN. ) ;
#647 = VERTEX_POINT ( 'NONE', #948 ) ;
#648 = CARTESIAN_POINT ( 'NONE',  ( -17.99999999999997513, -19.99999999999999645, 0.000000000000000000 ) ) ;
#649 = EDGE_CURVE ( 'NONE', #1253, #2762, #736, .T. ) ;
#650 = DIRECTION ( 'NONE',  ( 0.000000000000000000, 0.000000000000000000, 1.000000000000000000 ) ) ;
#651 = FACE_OUTER_BOUND ( 'NONE', #21, .T. ) ;
#652 = CYLINDRICAL_SURFACE ( 'NONE', #2571, 10.00000000000000178 ) ;
#653 = ORIENTED_EDGE ( 'NONE', *, *, #144, .T. ) ;
#654 = ORIENTED_EDGE ( 'NONE', *, *, #3071, .F. ) ;
#655 = DIRECTION ( 'NONE',  ( 0.000000000000000000, 0.000000000000000000, -1.000000000000000000 ) ) ;
#656 = ORIENTED_EDGE ( 'NONE', *, *, #72, .F. ) ;
#657 = CARTESIAN_POINT ( 'NONE',  ( -26.10000000000000497, 66.00000000000001421, 14.90000000000000036 ) ) ;
#658 = CARTESIAN_POINT ( 'NONE',  ( 0.000000000000000000, 162.7011190876420983, 0.000000000000000000 ) ) ;
#659 = DIRECTION ( 'NONE',  ( -1.734723475976807094E-15, 0.000000000000000000, -1.000000000000000000 ) ) ;
#660 = DIRECTION ( 'NONE',  ( 0.000000000000000000, 8.673617379884034486E-16, 1.000000000000000000 ) ) ;
#661 = EDGE_CURVE ( 'NONE', #1571, #2550, #2432, .T. ) ;
#662 = ORIENTED_EDGE ( 'NONE', *, *, #1911, .F. ) ;
#663 = CARTESIAN_POINT ( 'NONE',  ( -2.949029909160572061E-14, 184.8814210796308544, -5.000000000000000000 ) ) ;
#664 = DIRECTION ( 'NONE',  ( -0.6614378277661477901, 0.7499999999999997780, 0.000000000000000000 ) ) ;
#665 = ADVANCED_FACE ( 'NONE', ( #977 ), #2239, .F. ) ;
#666 = EDGE_CURVE ( 'NONE', #1290, #1797, #2924, .T. ) ;
#667 = CARTESIAN_POINT ( 'NONE',  ( 0.000000000000000000, 0.000000000000000000, 20.00000000000000000 ) ) ;
#668 = DIRECTION ( 'NONE',  ( -2.062256389565989386E-48, 6.900324336112527408E-64, -1.000000000000000000 ) ) ;
#669 = VERTEX_POINT ( 'NONE', #684 ) ;
#670 = EDGE_LOOP ( 'NONE', ( #37, #855, #2619, #1092, #1938, #2959 ) ) ;
#671 = DIRECTION ( 'NONE',  ( -0.000000000000000000, -1.000000000000000000, -0.000000000000000000 ) ) ;
#672 =( BOUNDED_CURVE ( )  B_SPLINE_CURVE ( 3, ( #1569, #558, #2254, #1053 ),
 .UNSPECIFIED., .F., .F. ) 
 B_SPLINE_CURVE_WITH_KNOTS ( ( 4, 4 ),
 ( 5.843279076974495704E-16, 1.369810062861916089 ),
 .UNSPECIFIED. ) 
 CURVE ( )  GEOMETRIC_REPRESENTATION_ITEM ( )  RATIONAL_B_SPLINE_CURVE ( ( 1.000000000000000000, 0.8496527517667799012, 0.8496527517667799012, 1.000000000000000000 ) ) 
 REPRESENTATION_ITEM ( '' )  );
#673 = VERTEX_POINT ( 'NONE', #1442 ) ;
#674 = CARTESIAN_POINT ( 'NONE',  ( -26.10000000000000497, 66.00000000000001421, 0.09999999999999736877 ) ) ;
#675 = DIRECTION ( 'NONE',  ( 1.095614826932720471E-16, -1.000000000000000000, 6.162975822039154730E-33 ) ) ;
#676 = DIRECTION ( 'NONE',  ( 1.000000000000000000, -3.455753102189215654E-16, -6.389316844718679697E-48 ) ) ;
#677 = ORIENTED_EDGE ( 'NONE', *, *, #410, .T. ) ;
#678 = CARTESIAN_POINT ( 'NONE',  ( 2.079700173133123018E-14, 63.00000000000000000, 2.000000000000003997 ) ) ;
#679 = LINE ( 'NONE', #2890, #1166 ) ;
#680 = VECTOR ( 'NONE', #1653, 1000.000000000000000 ) ;
#681 = LINE ( 'NONE', #2921, #904 ) ;
#682 = ADVANCED_FACE ( 'NONE', ( #1699 ), #702, .F. ) ;
#683 = VECTOR ( 'NONE', #518, 1000.000000000000000 ) ;
#684 = CARTESIAN_POINT ( 'NONE',  ( -2.784273260121282142E-14, 195.5718707561279643, 12.92893218813446410 ) ) ;
#685 = ORIENTED_EDGE ( 'NONE', *, *, #455, .F. ) ;
#686 = VERTEX_POINT ( 'NONE', #1996 ) ;
#687 = VECTOR ( 'NONE', #122, 1000.000000000000000 ) ;
#688 = LINE ( 'NONE', #980, #67 ) ;
#689 = CARTESIAN_POINT ( 'NONE',  ( -12.30000000000000604, 56.99999999999999289, 11.00000000000000000 ) ) ;
#690 = PRESENTATION_LAYER_ASSIGNMENT (  '', '', ( #2623 ) ) ;
#691 = VERTEX_POINT ( 'NONE', #445 ) ;
#692 = VECTOR ( 'NONE', #2724, 1000.000000000000000 ) ;
#693 = CARTESIAN_POINT ( 'NONE',  ( 15.59999999999998543, -14.99493517516083152, 11.00000000000000000 ) ) ;
#694 = PLANE ( 'NONE',  #995 ) ;
#695 = CIRCLE ( 'NONE', #1112, 1.199999999999999734 ) ;
#696 = VERTEX_POINT ( 'NONE', #3185 ) ;
#697 = DIRECTION ( 'NONE',  ( -0.000000000000000000, -0.000000000000000000, -1.000000000000000000 ) ) ;
#698 = DIRECTION ( 'NONE',  ( -1.000000000000000000, -3.469446951953614189E-16, 0.000000000000000000 ) ) ;
#699 = VECTOR ( 'NONE', #1742, 1000.000000000000000 ) ;
#700 = DIRECTION ( 'NONE',  ( 0.000000000000000000, -0.000000000000000000, 1.000000000000000000 ) ) ;
#701 = DIRECTION ( 'NONE',  ( -1.000000000000000000, 2.081668171172168513E-16, 0.000000000000000000 ) ) ;
#702 = CYLINDRICAL_SURFACE ( 'NONE', #1205, 1.199999999999999734 ) ;
#703 = ORIENTED_EDGE ( 'NONE', *, *, #1063, .T. ) ;
#704 = VERTEX_POINT ( 'NONE', #2448 ) ;
#705 = CARTESIAN_POINT ( 'NONE',  ( 0.000000000000000000, 0.000000000000000000, 0.000000000000000000 ) ) ;
#706 = DIRECTION ( 'NONE',  ( -1.000000000000000000, 0.000000000000000000, 0.000000000000000000 ) ) ;
#707 = ADVANCED_FACE ( 'NONE', ( #206 ), #1208, .T. ) ;
#708 = ORIENTED_EDGE ( 'NONE', *, *, #2486, .T. ) ;
#709 = EDGE_CURVE ( 'NONE', #2386, #669, #964, .T. ) ;
#710 = LINE ( 'NONE', #1716, #2948 ) ;
#711 = LINE ( 'NONE', #1464, #1941 ) ;
#712 = CARTESIAN_POINT ( 'NONE',  ( -20.52790531377943495, 121.7011190876420557, 3.000000000000000000 ) ) ;
#713 = ORIENTED_EDGE ( 'NONE', *, *, #1983, .T. ) ;
#714 = CARTESIAN_POINT ( 'NONE',  ( 13.09999999999999432, 56.99999999999999289, 13.00000000000000178 ) ) ;
#715 = CARTESIAN_POINT ( 'NONE',  ( -66.45751311064590539, 65.00000000000002842, 20.00000000000000000 ) ) ;
#716 = DIRECTION ( 'NONE',  ( 0.6614378277661476790, 0.7499999999999998890, -2.775557561562891351E-17 ) ) ;
#717 = CARTESIAN_POINT ( 'NONE',  ( -17.99999999999998224, -19.99999999999999645, 15.00000000000000000 ) ) ;
#718 = ORIENTED_EDGE ( 'NONE', *, *, #539, .T. ) ;
#719 = VERTEX_POINT ( 'NONE', #717 ) ;
#720 = CARTESIAN_POINT ( 'NONE',  ( 0.000000000000000000, 71.70111908764206987, 11.00000000000000000 ) ) ;
#721 = ORIENTED_EDGE ( 'NONE', *, *, #477, .T. ) ;
#722 = LINE ( 'NONE', #1463, #1172 ) ;
#723 = CARTESIAN_POINT ( 'NONE',  ( 23.52858092251139155, 74.56145157584924732, 2.071067811865484831 ) ) ;
#724 = EDGE_CURVE ( 'NONE', #1719, #2740, #2749, .T. ) ;
#725 = CARTESIAN_POINT ( 'NONE',  ( 23.70000000000001705, 65.99999999999998579, 14.90000000000000036 ) ) ;
#726 = ORIENTED_EDGE ( 'NONE', *, *, #1042, .F. ) ;
#727 = FACE_OUTER_BOUND ( 'NONE', #840, .T. ) ;
#728 = PLANE ( 'NONE',  #797 ) ;
#729 = DIRECTION ( 'NONE',  ( 0.000000000000000000, 0.000000000000000000, -1.000000000000000000 ) ) ;
#730 = ADVANCED_FACE ( 'NONE', ( #2520 ), #2046, .F. ) ;
#731 = CYLINDRICAL_SURFACE ( 'NONE', #315, 1.199999999999999734 ) ;
#732 = AXIS2_PLACEMENT_3D ( 'NONE', #1745, #44, #1270 ) ;
#733 = ORIENTED_EDGE ( 'NONE', *, *, #850, .F. ) ;
#734 = ORIENTED_EDGE ( 'NONE', *, *, #2127, .T. ) ;
#735 = LINE ( 'NONE', #1752, #421 ) ;
#736 = CIRCLE ( 'NONE', #1152, 1.199999999999999734 ) ;
#737 = VECTOR ( 'NONE', #2297, 1000.000000000000000 ) ;
#738 = ORIENTED_EDGE ( 'NONE', *, *, #397, .F. ) ;
#739 = FACE_OUTER_BOUND ( 'NONE', #2544, .T. ) ;
#740 = FACE_OUTER_BOUND ( 'NONE', #1466, .T. ) ;
#741 = AXIS2_PLACEMENT_3D ( 'NONE', #2853, #2313, #1344 ) ;
#742 = LINE ( 'NONE', #2530, #1834 ) ;
#743 = VERTEX_POINT ( 'NONE', #2554 ) ;
#744 = EDGE_CURVE ( 'NONE', #3067, #825, #2826, .T. ) ;
#745 = AXIS2_PLACEMENT_3D ( 'NONE', #3011, #308, #511 ) ;
#746 = DIRECTION ( 'NONE',  ( 1.000000000000000000, 0.000000000000000000, 0.000000000000000000 ) ) ;
#747 = CARTESIAN_POINT ( 'NONE',  ( 17.39008691546503726, 75.00000000000000000, 4.925290571449910892 ) ) ;
#748 = CARTESIAN_POINT ( 'NONE',  ( -16.45751311064591960, 75.00000000000000000, 10.00000000000000000 ) ) ;
#749 = FACE_OUTER_BOUND ( 'NONE', #1730, .T. ) ;
#750 = VECTOR ( 'NONE', #929, 1000.000000000000000 ) ;
#751 = EDGE_CURVE ( 'NONE', #691, #3105, #1560, .T. ) ;
#752 = EDGE_CURVE ( 'NONE', #2328, #769, #1799, .T. ) ;
#753 = AXIS2_PLACEMENT_3D ( 'NONE', #523, #2757, #1989 ) ;
#754 = CARTESIAN_POINT ( 'NONE',  ( 19.99999999999999645, 71.70111908764206987, 0.000000000000000000 ) ) ;
#755 = VERTEX_POINT ( 'NONE', #2541 ) ;
#756 = DIRECTION ( 'NONE',  ( 1.000000000000000000, 1.095614826932720471E-16, 0.000000000000000000 ) ) ;
#757 = VERTEX_POINT ( 'NONE', #2303 ) ;
#758 = CARTESIAN_POINT ( 'NONE',  ( 24.83598015323723374, 74.91490697504080742, 3.674996610679140741 ) ) ;
#759 = PLANE ( 'NONE',  #1309 ) ;
#760 = ORIENTED_EDGE ( 'NONE', *, *, #2648, .F. ) ;
#761 = DIRECTION ( 'NONE',  ( -0.6614378277661479011, 0.7499999999999998890, -2.775557561562892584E-17 ) ) ;
#762 = CARTESIAN_POINT ( 'NONE',  ( 26.10000000000001563, 65.99999999999998579, 14.90000000000000036 ) ) ;
#763 = CARTESIAN_POINT ( 'NONE',  ( 15.59999999999998543, -14.99493517516083152, 0.000000000000000000 ) ) ;
#764 = EDGE_LOOP ( 'NONE', ( #1657, #2059, #901, #108, #3024 ) ) ;
#765 = CARTESIAN_POINT ( 'NONE',  ( 24.46115472733051988, 169.0800349408363275, 11.99635838331536952 ) ) ;
#766 = EDGE_CURVE ( 'NONE', #2590, #1829, #2986, .T. ) ;
#767 = EDGE_CURVE ( 'NONE', #56, #2244, #2275, .T. ) ;
#768 = LINE ( 'NONE', #1337, #3092 ) ;
#769 = VERTEX_POINT ( 'NONE', #1780 ) ;
#770 = CARTESIAN_POINT ( 'NONE',  ( -16.45751311064589473, -1.803109537846327600E-15, 5.857864376269030338 ) ) ;
#771 = ORIENTED_EDGE ( 'NONE', *, *, #2146, .T. ) ;
#772 =( NAMED_UNIT ( * ) SI_UNIT ( $, .STERADIAN. ) SOLID_ANGLE_UNIT ( ) );
#773 = DIRECTION ( 'NONE',  ( -1.000000000000000000, 3.346007010100586627E-16, 0.000000000000000000 ) ) ;
#774 = CARTESIAN_POINT ( 'NONE',  ( 18.00000000000002842, 60.00000000000005684, -2.449293598294700991E-16 ) ) ;
#775 = VERTEX_POINT ( 'NONE', #3023 ) ;
#776 = LINE ( 'NONE', #1455, #471 ) ;
#777 = PLANE ( 'NONE',  #589 ) ;
#778 = DIRECTION ( 'NONE',  ( -0.01055751784968288198, 0.9999442678553909225, 0.000000000000000000 ) ) ;
#779 = DIRECTION ( 'NONE',  ( -9.637352644315594010E-17, -1.000000000000000000, 0.000000000000000000 ) ) ;
#780 = DIRECTION ( 'NONE',  ( -3.346007010100586627E-16, -1.000000000000000000, 0.000000000000000000 ) ) ;
#781 = DIRECTION ( 'NONE',  ( 0.000000000000000000, 0.000000000000000000, 1.000000000000000000 ) ) ;
#782 = ORIENTED_EDGE ( 'NONE', *, *, #497, .F. ) ;
#783 = EDGE_CURVE ( 'NONE', #545, #135, #2336, .T. ) ;
#784 = DIRECTION ( 'NONE',  ( -1.000000000000000000, 0.000000000000000000, 0.000000000000000000 ) ) ;
#785 = VECTOR ( 'NONE', #2319, 1000.000000000000000 ) ;
#786 = VERTEX_POINT ( 'NONE', #2778 ) ;
#787 = EDGE_CURVE ( 'NONE', #1117, #545, #768, .T. ) ;
#788 = CARTESIAN_POINT ( 'NONE',  ( -27.39999999999998437, 121.2673150230899353, 0.000000000000000000 ) ) ;
#789 = CIRCLE ( 'NONE', #2460, 1.199999999999999734 ) ;
#790 = VERTEX_POINT ( 'NONE', #34 ) ;
#791 = CARTESIAN_POINT ( 'NONE',  ( -24.90000000000000568, 66.00000000000001421, 14.90000000000000036 ) ) ;
#792 = VECTOR ( 'NONE', #2559, 1000.000000000000000 ) ;
#793 = FACE_OUTER_BOUND ( 'NONE', #1128, .T. ) ;
#794 = DIRECTION ( 'NONE',  ( 1.185495751652216669E-16, 1.000000000000000000, 0.000000000000000000 ) ) ;
#795 = DIRECTION ( 'NONE',  ( -3.346007010100586627E-16, -1.000000000000000000, 0.000000000000000000 ) ) ;
#796 = VERTEX_POINT ( 'NONE', #81 ) ;
#797 = AXIS2_PLACEMENT_3D ( 'NONE', #1720, #1488, #2201 ) ;
#798 = ORIENTED_EDGE ( 'NONE', *, *, #810, .T. ) ;
#799 = CARTESIAN_POINT ( 'NONE',  ( 66.45751311064593381, 75.00000000000005684, 10.00000000000000000 ) ) ;
#800 = AXIS2_PLACEMENT_3D ( 'NONE', #3120, #880, #1876 ) ;
#801 = CARTESIAN_POINT ( 'NONE',  ( -15.60000000000001386, -14.99493517516083152, 0.000000000000000000 ) ) ;
#802 = VECTOR ( 'NONE', #1885, 1000.000000000000000 ) ;
#803 = ORIENTED_EDGE ( 'NONE', *, *, #2748, .F. ) ;
#804 = CARTESIAN_POINT ( 'NONE',  ( -15.00000000000000000, -14.99493517516083152, 0.000000000000000000 ) ) ;
#805 = VECTOR ( 'NONE', #2375, 1000.000000000000000 ) ;
#806 = VERTEX_POINT ( 'NONE', #1545 ) ;
#807 = CARTESIAN_POINT ( 'NONE',  ( 24.46115472733053409, 74.79870160814007818, 11.99635838331536597 ) ) ;
#808 = DIRECTION ( 'NONE',  ( -0.000000000000000000, -0.000000000000000000, -1.000000000000000000 ) ) ;
#809 = EDGE_CURVE ( 'NONE', #1459, #414, #789, .T. ) ;
#810 = EDGE_CURVE ( 'NONE', #3079, #2472, #2797, .T. ) ;
#811 = ORIENTED_EDGE ( 'NONE', *, *, #84, .T. ) ;
#812 = DIRECTION ( 'NONE',  ( 0.5560976946257528697, 0.8311169316238978810, 0.000000000000000000 ) ) ;
#813 = CARTESIAN_POINT ( 'NONE',  ( 0.000000000000000000, -19.99999999999999645, 15.00000000000000000 ) ) ;
#814 = EDGE_LOOP ( 'NONE', ( #2287, #2043, #330, #950, #425, #1668, #1610 ) ) ;
#815 = ORIENTED_EDGE ( 'NONE', *, *, #1450, .F. ) ;
#816 = DIRECTION ( 'NONE',  ( 0.000000000000000000, 0.000000000000000000, 1.000000000000000000 ) ) ;
#817 = DIRECTION ( 'NONE',  ( 0.000000000000000000, 0.000000000000000000, -1.000000000000000000 ) ) ;
#818 = DIRECTION ( 'NONE',  ( 1.185495751652216669E-16, 1.000000000000000000, 0.000000000000000000 ) ) ;
#819 = VERTEX_POINT ( 'NONE', #305 ) ;
#820 = DIRECTION ( 'NONE',  ( 0.000000000000000000, 0.000000000000000000, 1.000000000000000000 ) ) ;
#821 = VERTEX_POINT ( 'NONE', #2289 ) ;
#822 = EDGE_LOOP ( 'NONE', ( #2293, #2372, #611, #208 ) ) ;
#823 = LINE ( 'NONE', #1612, #1477 ) ;
#824 = LINE ( 'NONE', #2417, #464 ) ;
#825 = VERTEX_POINT ( 'NONE', #1303 ) ;
#826 = ADVANCED_FACE ( 'NONE', ( #64 ), #338, .F. ) ;
#827 = CYLINDRICAL_SURFACE ( 'NONE', #1484, 9.999999999999994671 ) ;
#828 = DIRECTION ( 'NONE',  ( 1.000000000000000000, 0.000000000000000000, -1.734723475976807094E-15 ) ) ;
#829 = DIRECTION ( 'NONE',  ( 1.095614826932720471E-16, -1.000000000000000000, 6.162975822039154730E-33 ) ) ;
#830 = VERTEX_POINT ( 'NONE', #1058 ) ;
#831 = EDGE_CURVE ( 'NONE', #704, #1859, #1075, .T. ) ;
#832 = CARTESIAN_POINT ( 'NONE',  ( 10.69999999999999396, 56.99999999999999289, 11.00000000000000000 ) ) ;
#833 = FACE_OUTER_BOUND ( 'NONE', #2755, .T. ) ;
#834 = ORIENTED_EDGE ( 'NONE', *, *, #1746, .F. ) ;
#835 = PLANE ( 'NONE',  #2839 ) ;
#836 = ORIENTED_EDGE ( 'NONE', *, *, #744, .T. ) ;
#837 = VERTEX_POINT ( 'NONE', #801 ) ;
#838 = CARTESIAN_POINT ( 'NONE',  ( -91.71567416492217717, 80.88562172233856984, 20.00000000000000000 ) ) ;
#839 = LINE ( 'NONE', #2560, #574 ) ;
#840 = EDGE_LOOP ( 'NONE', ( #2094, #2607, #2151, #1135, #1431, #1781 ) ) ;
#841 = DIRECTION ( 'NONE',  ( 0.8311169316238978810, -0.5560976946257528697, 0.000000000000000000 ) ) ;
#842 = VECTOR ( 'NONE', #2952, 1000.000000000000000 ) ;
#843 = DIRECTION ( 'NONE',  ( -1.185495751652216669E-16, -1.000000000000000000, 1.955846739744865716E-32 ) ) ;
#844 = EDGE_CURVE ( 'NONE', #2200, #2210, #1473, .T. ) ;
#845 = ORIENTED_EDGE ( 'NONE', *, *, #2552, .F. ) ;
#846 = AXIS2_PLACEMENT_3D ( 'NONE', #262, #1262, #485 ) ;
#847 = DIRECTION ( 'NONE',  ( 0.000000000000000000, 0.000000000000000000, 1.000000000000000000 ) ) ;
#848 = VECTOR ( 'NONE', #1632, 1000.000000000000114 ) ;
#849 = EDGE_CURVE ( 'NONE', #1853, #691, #1765, .T. ) ;
#850 = EDGE_CURVE ( 'NONE', #938, #686, #2811, .T. ) ;
#851 = ORIENTED_EDGE ( 'NONE', *, *, #3168, .F. ) ;
#852 = VECTOR ( 'NONE', #36, 1000.000000000000000 ) ;
#853 = FACE_BOUND ( 'NONE', #1552, .T. ) ;
#854 = AXIS2_PLACEMENT_3D ( 'NONE', #2813, #351, #2069 ) ;
#855 = ORIENTED_EDGE ( 'NONE', *, *, #3182, .T. ) ;
#856 = ORIENTED_EDGE ( 'NONE', *, *, #379, .T. ) ;
#857 = PLANE ( 'NONE',  #218 ) ;
#858 = VECTOR ( 'NONE', #1268, 1000.000000000000000 ) ;
#859 = EDGE_LOOP ( 'NONE', ( #2620, #602, #2549, #369, #1476, #217, #912, #2016, #1069, #309, #2450, #1514 ) ) ;
#860 = CARTESIAN_POINT ( 'NONE',  ( 15.59999999999999254, 37.00506482483917381, 2.000000000000007550 ) ) ;
#861 = LINE ( 'NONE', #1856, #1272 ) ;
#862 = CARTESIAN_POINT ( 'NONE',  ( -1.896364574816368365E-14, 196.9817898228505157, 3.003641616684565641 ) ) ;
#863 = LINE ( 'NONE', #1087, #1095 ) ;
#864 = ORIENTED_EDGE ( 'NONE', *, *, #882, .F. ) ;
#865 = DIRECTION ( 'NONE',  ( -1.000000000000000000, 0.000000000000000000, 0.000000000000000000 ) ) ;
#866 = ADVANCED_FACE ( 'NONE', ( #833 ), #2678, .F. ) ;
#867 = LINE ( 'NONE', #112, #1690 ) ;
#868 = EDGE_CURVE ( 'NONE', #116, #819, #2414, .T. ) ;
#869 = EDGE_CURVE ( 'NONE', #56, #821, #2758, .T. ) ;
#870 = APPLICATION_CONTEXT ( 'automotive_design' ) ;
#871 = ORIENTED_EDGE ( 'NONE', *, *, #513, .T. ) ;
#872 = ORIENTED_EDGE ( 'NONE', *, *, #2568, .F. ) ;
#873 = CARTESIAN_POINT ( 'NONE',  ( 20.00000000000002842, 60.00000000000005684, 2.000000000000000000 ) ) ;
#874 = ORIENTED_EDGE ( 'NONE', *, *, #2227, .T. ) ;
#875 = DIRECTION ( 'NONE',  ( -1.000000000000000000, 0.000000000000000000, 0.000000000000000000 ) ) ;
#876 = EDGE_LOOP ( 'NONE', ( #2392, #3005 ) ) ;
#877 = DIRECTION ( 'NONE',  ( -1.000000000000000000, -1.040834085586084059E-15, 0.000000000000000000 ) ) ;
#878 = DIRECTION ( 'NONE',  ( 1.000000000000000000, 0.000000000000000000, 0.000000000000000000 ) ) ;
#879 = PLANE ( 'NONE',  #1683 ) ;
#880 = DIRECTION ( 'NONE',  ( -0.6614378277661479011, 0.7499999999999998890, -2.775557561562891967E-17 ) ) ;
#881 = EDGE_LOOP ( 'NONE', ( #2794, #2397, #2140, #1740 ) ) ;
#882 = EDGE_CURVE ( 'NONE', #821, #1201, #1886, .T. ) ;
#883 = EDGE_LOOP ( 'NONE', ( #2385, #298, #1701, #633 ) ) ;
#884 = LINE ( 'NONE', #588, #3144 ) ;
#885 = ORIENTED_EDGE ( 'NONE', *, *, #167, .F. ) ;
#886 = SURFACE_SIDE_STYLE ('',( #3160 ) ) ;
#887 = FACE_OUTER_BOUND ( 'NONE', #970, .T. ) ;
#888 = LINE ( 'NONE', #1935, #61 ) ;
#889 = CARTESIAN_POINT ( 'NONE',  ( -36.52635605845269851, 173.8056649185805327, -0.06884294780687763571 ) ) ;
#890 = VECTOR ( 'NONE', #1616, 1000.000000000000114 ) ;
#891 = ORIENTED_EDGE ( 'NONE', *, *, #1492, .T. ) ;
#892 = DIRECTION ( 'NONE',  ( -0.000000000000000000, -0.000000000000000000, -1.000000000000000000 ) ) ;
#893 = VECTOR ( 'NONE', #2636, 1000.000000000000000 ) ;
#894 = CARTESIAN_POINT ( 'NONE',  ( -23.52858092251139155, 168.8929676890319911, 12.92893218813450673 ) ) ;
#895 = VECTOR ( 'NONE', #276, 1000.000000000000000 ) ;
#896 = CARTESIAN_POINT ( 'NONE',  ( 66.45751311064593381, 75.00000000000005684, 5.000000000000000888 ) ) ;
#897 = VECTOR ( 'NONE', #2631, 1000.000000000000000 ) ;
#898 = CARTESIAN_POINT ( 'NONE',  ( 18.00000000000002842, 37.00506482483917381, 2.000000000000000000 ) ) ;
#899 = ORIENTED_EDGE ( 'NONE', *, *, #226, .F. ) ;
#900 = VECTOR ( 'NONE', #1356, 1000.000000000000000 ) ;
#901 = ORIENTED_EDGE ( 'NONE', *, *, #2610, .T. ) ;
#902 = DIRECTION ( 'NONE',  ( -1.000000000000000000, 1.185495751652216669E-16, -0.000000000000000000 ) ) ;
#903 = ADVANCED_FACE ( 'NONE', ( #1743 ), #253, .F. ) ;
#904 = VECTOR ( 'NONE', #963, 1000.000000000000000 ) ;
#905 = ORIENTED_EDGE ( 'NONE', *, *, #410, .F. ) ;
#906 = VECTOR ( 'NONE', #1007, 1000.000000000000000 ) ;
#907 = CARTESIAN_POINT ( 'NONE',  ( 25.49080631756040916, 170.2790767494596764, 4.818531482886454498 ) ) ;
#908 = CARTESIAN_POINT ( 'NONE',  ( 17.39008691546504437, 1.905283706623219553E-15, 4.925290571449910892 ) ) ;
#909 = EDGE_CURVE ( 'NONE', #1407, #757, #2202, .T. ) ;
#910 = EDGE_CURVE ( 'NONE', #965, #1510, #43, .T. ) ;
#911 = FACE_OUTER_BOUND ( 'NONE', #1968, .T. ) ;
#912 = ORIENTED_EDGE ( 'NONE', *, *, #201, .T. ) ;
#913 = DIRECTION ( 'NONE',  ( -1.095614826932720471E-16, 1.000000000000000000, -8.715763992105328214E-33 ) ) ;
#914 = CARTESIAN_POINT ( 'NONE',  ( 2.116648775090894697E-14, 60.00000000000000000, 20.00000000000000000 ) ) ;
#915 = DIRECTION ( 'NONE',  ( -0.7071067811865454633, -7.747166736926500358E-17, 0.7071067811865495711 ) ) ;
#916 = CARTESIAN_POINT ( 'NONE',  ( 15.59999999999999432, 60.00000000000000000, -3.697785493223495903E-31 ) ) ;
#917 = CARTESIAN_POINT ( 'NONE',  ( 15.60000000000000142, 162.7011190876420983, 0.000000000000000000 ) ) ;
#918 = VERTEX_POINT ( 'NONE', #1518 ) ;
#919 = ORIENTED_EDGE ( 'NONE', *, *, #1005, .F. ) ;
#920 = DIRECTION ( 'NONE',  ( -0.000000000000000000, -0.000000000000000000, -1.000000000000000000 ) ) ;
#921 = ORIENTED_EDGE ( 'NONE', *, *, #2922, .F. ) ;
#922 = LINE ( 'NONE', #2183, #959 ) ;
#923 = CARTESIAN_POINT ( 'NONE',  ( 20.00000000000002842, 60.00000000000005684, 2.000000000000000000 ) ) ;
#924 = CARTESIAN_POINT ( 'NONE',  ( 2.116648775090894697E-14, 60.00000000000000000, -5.000000000000000000 ) ) ;
#925 = EDGE_LOOP ( 'NONE', ( #99, #1592, #1409, #2084 ) ) ;
#926 = EDGE_CURVE ( 'NONE', #830, #2358, #1503, .T. ) ;
#927 = DIRECTION ( 'NONE',  ( -0.000000000000000000, -0.000000000000000000, 1.000000000000000000 ) ) ;
#928 = PLANE ( 'NONE',  #1639 ) ;
#929 = DIRECTION ( 'NONE',  ( -2.081668171172168513E-16, -1.000000000000000000, 0.000000000000000000 ) ) ;
#930 = CARTESIAN_POINT ( 'NONE',  ( -99.21567416492216296, 87.50000000000002842, 4.999999999999980460 ) ) ;
#931 = ORIENTED_EDGE ( 'NONE', *, *, #1747, .T. ) ;
#932 = ORIENTED_EDGE ( 'NONE', *, *, #910, .F. ) ;
#933 = DIRECTION ( 'NONE',  ( -1.000000000000000000, 1.156482317317871725E-16, 0.000000000000000000 ) ) ;
#934 = CARTESIAN_POINT ( 'NONE',  ( -27.40000000000000568, 60.00000000000000711, 17.39999999999999858 ) ) ;
#935 = ORIENTED_EDGE ( 'NONE', *, *, #2551, .T. ) ;
#936 = DIRECTION ( 'NONE',  ( -0.000000000000000000, -1.000000000000000000, -0.000000000000000000 ) ) ;
#937 = DIRECTION ( 'NONE',  ( 2.062256389565989386E-48, -6.900324336112527408E-64, 1.000000000000000000 ) ) ;
#938 = VERTEX_POINT ( 'NONE', #763 ) ;
#939 = DIRECTION ( 'NONE',  ( 1.734723475976807834E-16, -4.012354050806744827E-32, -1.000000000000000000 ) ) ;
#940 = FACE_OUTER_BOUND ( 'NONE', #925, .T. ) ;
#941 = VECTOR ( 'NONE', #779, 1000.000000000000000 ) ;
#942 = EDGE_CURVE ( 'NONE', #94, #1030, #1761, .T. ) ;
#943 = AXIS2_PLACEMENT_3D ( 'NONE', #1667, #399, #2384 ) ;
#944 = FACE_OUTER_BOUND ( 'NONE', #1316, .T. ) ;
#945 = EDGE_CURVE ( 'NONE', #2602, #249, #615, .T. ) ;
#946 = VECTOR ( 'NONE', #2153, 1000.000000000000000 ) ;
#947 = EDGE_CURVE ( 'NONE', #1279, #2419, #2040, .T. ) ;
#948 = CARTESIAN_POINT ( 'NONE',  ( 15.59999999999999076, 25.00506482483916670, 2.000000000000008882 ) ) ;
#949 = ORIENTED_EDGE ( 'NONE', *, *, #201, .F. ) ;
#950 = ORIENTED_EDGE ( 'NONE', *, *, #2849, .F. ) ;
#951 = VECTOR ( 'NONE', #2889, 1000.000000000000000 ) ;
#952 = FACE_OUTER_BOUND ( 'NONE', #2731, .T. ) ;
#953 = VECTOR ( 'NONE', #2852, 1000.000000000000000 ) ;
#954 = VERTEX_POINT ( 'NONE', #2856 ) ;
#955 = VECTOR ( 'NONE', #2859, 1000.000000000000000 ) ;
#956 = LINE ( 'NONE', #1197, #1437 ) ;
#957 = DIRECTION ( 'NONE',  ( -1.000000000000000000, 3.346007010100586627E-16, 5.577681830192081865E-48 ) ) ;
#958 = LINE ( 'NONE', #2218, #364 ) ;
#959 = VECTOR ( 'NONE', #422, 1000.000000000000000 ) ;
#960 = ORIENTED_EDGE ( 'NONE', *, *, #2710, .F. ) ;
#961 = DIRECTION ( 'NONE',  ( -0.000000000000000000, -1.000000000000000000, -0.000000000000000000 ) ) ;
#962 = CARTESIAN_POINT ( 'NONE',  ( 91.71567416492216296, 80.88562172233856984, 20.00000000000000000 ) ) ;
#963 = DIRECTION ( 'NONE',  ( 0.000000000000000000, 0.000000000000000000, 1.000000000000000000 ) ) ;
#964 = LINE ( 'NONE', #1964, #3036 ) ;
#965 = VERTEX_POINT ( 'NONE', #862 ) ;
#966 = ORIENTED_EDGE ( 'NONE', *, *, #1188, .T. ) ;
#967 = EDGE_CURVE ( 'NONE', #3093, #1641, #1857, .T. ) ;
#968 = ADVANCED_FACE ( 'NONE', ( #1842 ), #2585, .F. ) ;
#969 = FACE_OUTER_BOUND ( 'NONE', #1795, .T. ) ;
#970 = EDGE_LOOP ( 'NONE', ( #2398, #1900, #1839, #1855 ) ) ;
#971 = CARTESIAN_POINT ( 'NONE',  ( -10.00000000000000533, 79.20000000000000284, 13.00000000000000000 ) ) ;
#972 = CARTESIAN_POINT ( 'NONE',  ( 20.00000000000002132, 25.00506482483916315, 2.000000000000008882 ) ) ;
#973 = EDGE_LOOP ( 'NONE', ( #2861, #3080, #2316, #1809 ) ) ;
#974 = CYLINDRICAL_SURFACE ( 'NONE', #1425, 1.199999999999999734 ) ;
#975 = CARTESIAN_POINT ( 'NONE',  ( 27.40000000000001634, 121.2673150230899068, 4.801153862804492442E-15 ) ) ;
#976 = CARTESIAN_POINT ( 'NONE',  ( 16.45751311064586275, 69.55977666985981500, -5.000000000000006217 ) ) ;
#977 = FACE_OUTER_BOUND ( 'NONE', #1121, .T. ) ;
#978 = ORIENTED_EDGE ( 'NONE', *, *, #2491, .F. ) ;
#979 = ORIENTED_EDGE ( 'NONE', *, *, #2902, .F. ) ;
#980 = CARTESIAN_POINT ( 'NONE',  ( -1.734723475976807489E-15, -14.99999999999999822, 0.000000000000000000 ) ) ;
#981 = EDGE_CURVE ( 'NONE', #3121, #1284, #2613, .T. ) ;
#982 = ORIENTED_EDGE ( 'NONE', *, *, #981, .T. ) ;
#983 = PLANE ( 'NONE',  #2793 ) ;
#984 = EDGE_CURVE ( 'NONE', #135, #1981, #2090, .T. ) ;
#985 = VERTEX_POINT ( 'NONE', #2600 ) ;
#986 = CARTESIAN_POINT ( 'NONE',  ( 16.45751311064591604, 166.2203552699076852, 20.00000000000000000 ) ) ;
#987 = CARTESIAN_POINT ( 'NONE',  ( 26.45751311064593381, 2.898724364779052582E-15, 9.142135623730975880 ) ) ;
#988 = PLANE ( 'NONE',  #732 ) ;
#989 = DIRECTION ( 'NONE',  ( -3.455753102189216147E-16, -1.000000000000000000, -0.000000000000000000 ) ) ;
#990 = LINE ( 'NONE', #14, #1057 ) ;
#991 = DIRECTION ( 'NONE',  ( 1.000000000000000000, 0.000000000000000000, 0.000000000000000000 ) ) ;
#992 = AXIS2_PLACEMENT_3D ( 'NONE', #1366, #1843, #2123 ) ;
#993 = ORIENTED_EDGE ( 'NONE', *, *, #513, .F. ) ;
#994 = CARTESIAN_POINT ( 'NONE',  ( -24.83598015323722308, 74.91490697504082164, 11.32500338932085171 ) ) ;
#995 = AXIS2_PLACEMENT_3D ( 'NONE', #3164, #2184, #2933 ) ;
#996 = B_SPLINE_CURVE_WITH_KNOTS ( 'NONE', 3,
 ( #2484, #2137, #1428, #3166 ),
 .UNSPECIFIED., .F., .F.,
 ( 4, 4 ),
 ( 0.000000000000000000, 0.002532767612385923225 ),
 .UNSPECIFIED. ) ;
#997 = ORIENTED_EDGE ( 'NONE', *, *, #3107, .F. ) ;
#998 = EDGE_CURVE ( 'NONE', #2808, #2078, #2376, .T. ) ;
#999 = CARTESIAN_POINT ( 'NONE',  ( 0.000000000000000000, 162.7011190876420983, 0.000000000000000000 ) ) ;
#1000 = CIRCLE ( 'NONE', #13, 1.199999999999999734 ) ;
#1001 = PLANE ( 'NONE',  #2047 ) ;
#1002 = ORIENTED_EDGE ( 'NONE', *, *, #2172, .T. ) ;
#1003 = AXIS2_PLACEMENT_3D ( 'NONE', #2228, #2715, #2181 ) ;
#1004 = LINE ( 'NONE', #1021, #1213 ) ;
#1005 = EDGE_CURVE ( 'NONE', #719, #3059, #1119, .T. ) ;
#1006 = ADVANCED_FACE ( 'NONE', ( #1870 ), #620, .F. ) ;
#1007 = DIRECTION ( 'NONE',  ( -1.000000000000000000, 0.000000000000000000, 0.000000000000000000 ) ) ;
#1008 = CARTESIAN_POINT ( 'NONE',  ( -1.110223024625156540E-13, 121.7391304347822683, -46.76469956430716479 ) ) ;
#1009 = ORIENTED_EDGE ( 'NONE', *, *, #3202, .F. ) ;
#1010 = AXIS2_PLACEMENT_3D ( 'NONE', #1928, #701, #1710 ) ;
#1011 = AXIS2_PLACEMENT_3D ( 'NONE', #1584, #841, #812 ) ;
#1012 = PLANE ( 'NONE',  #1590 ) ;
#1013 = CARTESIAN_POINT ( 'NONE',  ( 11.89999999999999325, 20.20000000000000284, 13.00000000000000178 ) ) ;
#1014 = ORIENTED_EDGE ( 'NONE', *, *, #2189, .F. ) ;
#1015 = DIRECTION ( 'NONE',  ( -3.346007010100586134E-16, -1.000000000000000000, -0.000000000000000000 ) ) ;
#1016 = ORIENTED_EDGE ( 'NONE', *, *, #661, .T. ) ;
#1017 = DIRECTION ( 'NONE',  ( -1.000000000000000000, 0.000000000000000000, 0.000000000000000000 ) ) ;
#1018 = CARTESIAN_POINT ( 'NONE',  ( 24.32680488014356968, 74.79864235810886441, 2.943141920410689671 ) ) ;
#1019 = LINE ( 'NONE', #3000, #2874 ) ;
#1020 = ORIENTED_EDGE ( 'NONE', *, *, #1984, .F. ) ;
#1021 = CARTESIAN_POINT ( 'NONE',  ( -23.70000000000000639, 66.00000000000001421, 14.90000000000000036 ) ) ;
#1022 = ORIENTED_EDGE ( 'NONE', *, *, #186, .F. ) ;
#1023 = EDGE_CURVE ( 'NONE', #2525, #2145, #2563, .T. ) ;
#1024 = DIRECTION ( 'NONE',  ( 0.000000000000000000, 0.000000000000000000, -1.000000000000000000 ) ) ;
#1025 = LINE ( 'NONE', #2518, #2681 ) ;
#1026 = CARTESIAN_POINT ( 'NONE',  ( -24.90000000000000568, 66.00000000000001421, 14.90000000000000036 ) ) ;
#1027 = ADVANCED_FACE ( 'NONE', ( #1315 ), #2318, .F. ) ;
#1028 = ORIENTED_EDGE ( 'NONE', *, *, #1432, .T. ) ;
#1029 = FACE_OUTER_BOUND ( 'NONE', #487, .T. ) ;
#1030 = VERTEX_POINT ( 'NONE', #2425 ) ;
#1031 = CARTESIAN_POINT ( 'NONE',  ( 0.000000000000000000, 71.70111908764206987, 3.000000000000000000 ) ) ;
#1032 = CARTESIAN_POINT ( 'NONE',  ( 50.00000000000000711, 59.99999999999998579, 20.00000000000000000 ) ) ;
#1033 = ORIENTED_EDGE ( 'NONE', *, *, #849, .T. ) ;
#1034 = LINE ( 'NONE', #1835, #2679 ) ;
#1035 = CARTESIAN_POINT ( 'NONE',  ( -23.70000000000000639, 66.00000000000001421, 0.09999999999999722999 ) ) ;
#1036 = ORIENTED_EDGE ( 'NONE', *, *, #1387, .T. ) ;
#1037 = VERTEX_POINT ( 'NONE', #2455 ) ;
#1038 = EDGE_CURVE ( 'NONE', #965, #1338, #888, .T. ) ;
#1039 = CARTESIAN_POINT ( 'NONE',  ( -10.00000000000000711, 61.19999999999999574, 13.00000000000000000 ) ) ;
#1040 = ORIENTED_EDGE ( 'NONE', *, *, #1099, .T. ) ;
#1041 = DIRECTION ( 'NONE',  ( 0.9999442678553909225, 0.01055751784968288198, -0.000000000000000000 ) ) ;
#1042 = EDGE_CURVE ( 'NONE', #1859, #75, #184, .T. ) ;
#1043 = EDGE_CURVE ( 'NONE', #796, #116, #405, .T. ) ;
#1044 = CIRCLE ( 'NONE', #3132, 1.199999999999999734 ) ;
#1045 = ORIENTED_EDGE ( 'NONE', *, *, #204, .F. ) ;
#1046 = AXIS2_PLACEMENT_3D ( 'NONE', #24, #283, #486 ) ;
#1047 = DIRECTION ( 'NONE',  ( 1.000000000000000000, -3.455753102189215654E-16, 0.000000000000000000 ) ) ;
#1048 = AXIS2_PLACEMENT_3D ( 'NONE', #77, #828, #659 ) ;
#1049 = ORIENTED_EDGE ( 'NONE', *, *, #1722, .F. ) ;
#1050 = CARTESIAN_POINT ( 'NONE',  ( 16.45751311064584499, 166.2203552699077420, -5.000000000000000000 ) ) ;
#1051 = VECTOR ( 'NONE', #913, 1000.000000000000000 ) ;
#1052 = CARTESIAN_POINT ( 'NONE',  ( 18.00000000000002842, 63.00000000000000000, -1.479114197289397573E-31 ) ) ;
#1053 = CARTESIAN_POINT ( 'NONE',  ( 24.46115472733053409, 74.79870160814007818, 11.99635838331536597 ) ) ;
#1054 = VECTOR ( 'NONE', #1516, 1000.000000000000000 ) ;
#1055 = ORIENTED_EDGE ( 'NONE', *, *, #1865, .T. ) ;
#1056 = DIRECTION ( 'NONE',  ( -1.000000000000000000, 1.185495751652216669E-16, -0.000000000000000000 ) ) ;
#1057 = VECTOR ( 'NONE', #1520, 1000.000000000000000 ) ;
#1058 = CARTESIAN_POINT ( 'NONE',  ( 59.78434077513687583, 65.02659682051326229, 19.99996463039438055 ) ) ;
#1059 = VECTOR ( 'NONE', #427, 1000.000000000000000 ) ;
#1060 = ORIENTED_EDGE ( 'NONE', *, *, #1286, .T. ) ;
#1061 = CARTESIAN_POINT ( 'NONE',  ( -23.70000000000000639, 63.00000000000001421, 14.90000000000000036 ) ) ;
#1062 = ORIENTED_EDGE ( 'NONE', *, *, #2920, .T. ) ;
#1063 = EDGE_CURVE ( 'NONE', #147, #1833, #2439, .T. ) ;
#1064 = ORIENTED_EDGE ( 'NONE', *, *, #84, .F. ) ;
#1065 = EDGE_CURVE ( 'NONE', #2124, #1453, #711, .T. ) ;
#1066 = DIRECTION ( 'NONE',  ( -0.000000000000000000, -1.000000000000000000, -0.000000000000000000 ) ) ;
#1067 = ADVANCED_BREP_SHAPE_REPRESENTATION ( '\X2\5b9d5251ff0865e05fc3738768c06d4b6a215757ff09\X0\', ( #1296, #538 ), #1744 ) ;
#1068 = EDGE_CURVE ( 'NONE', #3053, #235, #198, .T. ) ;
#1069 = ORIENTED_EDGE ( 'NONE', *, *, #2747, .T. ) ;
#1070 = CARTESIAN_POINT ( 'NONE',  ( 24.90000000000001634, 65.99999999999998579, 14.90000000000000036 ) ) ;
#1071 = CARTESIAN_POINT ( 'NONE',  ( 2.073451861313529235E-14, 60.00000000000000000, -2.400000000000003020 ) ) ;
#1072 = DIRECTION ( 'NONE',  ( -0.000000000000000000, -0.000000000000000000, 1.000000000000000000 ) ) ;
#1073 = ORIENTED_EDGE ( 'NONE', *, *, #2805, .F. ) ;
#1074 = DIRECTION ( 'NONE',  ( -0.000000000000000000, -0.000000000000000000, -1.000000000000000000 ) ) ;
#1075 = LINE ( 'NONE', #3058, #1102 ) ;
#1076 = ORIENTED_EDGE ( 'NONE', *, *, #2307, .F. ) ;
#1077 = CARTESIAN_POINT ( 'NONE',  ( 27.39999999999999503, 59.99999999999999289, -2.400000000000003020 ) ) ;
#1078 = ORIENTED_EDGE ( 'NONE', *, *, #1926, .F. ) ;
#1079 = ORIENTED_EDGE ( 'NONE', *, *, #1904, .T. ) ;
#1080 = DIRECTION ( 'NONE',  ( -0.000000000000000000, -0.000000000000000000, 1.000000000000000000 ) ) ;
#1081 = EDGE_CURVE ( 'NONE', #1556, #2054, #1198, .T. ) ;
#1082 = DIRECTION ( 'NONE',  ( 0.000000000000000000, 0.000000000000000000, -1.000000000000000000 ) ) ;
#1083 = ORIENTED_EDGE ( 'NONE', *, *, #1911, .T. ) ;
#1084 = CARTESIAN_POINT ( 'NONE',  ( 17.50000000000002842, 152.0564581469694474, 0.000000000000000000 ) ) ;
#1085 = EDGE_CURVE ( 'NONE', #1833, #1614, #3194, .T. ) ;
#1086 = EDGE_CURVE ( 'NONE', #819, #743, #3163, .T. ) ;
#1087 = CARTESIAN_POINT ( 'NONE',  ( -19.99999999999998224, 63.00000000000000000, -1.479114197289396697E-31 ) ) ;
#1088 = ORIENTED_EDGE ( 'NONE', *, *, #1086, .T. ) ;
#1089 = CARTESIAN_POINT ( 'NONE',  ( 15.59999999999998543, -14.99493517516083152, 145.3413857930792688 ) ) ;
#1090 = ORIENTED_EDGE ( 'NONE', *, *, #2129, .T. ) ;
#1091 = DIRECTION ( 'NONE',  ( -1.185495751652216669E-16, -1.000000000000000000, 0.000000000000000000 ) ) ;
#1092 = ORIENTED_EDGE ( 'NONE', *, *, #1910, .F. ) ;
#1093 = ORIENTED_EDGE ( 'NONE', *, *, #809, .T. ) ;
#1094 = DIRECTION ( 'NONE',  ( -1.000000000000000000, 0.000000000000000000, 0.000000000000000000 ) ) ;
#1095 = VECTOR ( 'NONE', #93, 1000.000000000000000 ) ;
#1096 = CARTESIAN_POINT ( 'NONE',  ( -24.90000000000000568, 66.00000000000001421, 0.09999999999999722999 ) ) ;
#1097 = VECTOR ( 'NONE', #2662, 1000.000000000000000 ) ;
#1098 = VERTEX_POINT ( 'NONE', #2171 ) ;
#1099 = EDGE_CURVE ( 'NONE', #2276, #2259, #2671, .T. ) ;
#1100 = SURFACE_STYLE_USAGE ( .BOTH. , #886 ) ;
#1101 = LINE ( 'NONE', #1567, #176 ) ;
#1102 = VECTOR ( 'NONE', #818, 1000.000000000000000 ) ;
#1103 = CARTESIAN_POINT ( 'NONE',  ( 91.71567416492214875, 80.88562172233856984, 20.00000000000000000 ) ) ;
#1104 = ORIENTED_EDGE ( 'NONE', *, *, #2880, .T. ) ;
#1105 = ADVANCED_FACE ( 'NONE', ( #1957 ), #3146, .T. ) ;
#1106 = AXIS2_PLACEMENT_3D ( 'NONE', #2772, #3230, #1724 ) ;
#1107 = ADVANCED_FACE ( 'NONE', ( #423 ), #2703, .F. ) ;
#1108 = DIRECTION ( 'NONE',  ( -3.346007010100586627E-16, -1.000000000000000000, 0.000000000000000000 ) ) ;
#1109 = AXIS2_PLACEMENT_3D ( 'NONE', #2936, #1400, #877 ) ;
#1110 = VECTOR ( 'NONE', #902, 1000.000000000000000 ) ;
#1111 = PLANE ( 'NONE',  #854 ) ;
#1112 = AXIS2_PLACEMENT_3D ( 'NONE', #3057, #1812, #878 ) ;
#1113 = ORIENTED_EDGE ( 'NONE', *, *, #579, .F. ) ;
#1114 = ORIENTED_EDGE ( 'NONE', *, *, #1553, .F. ) ;
#1115 =( BOUNDED_CURVE ( )  B_SPLINE_CURVE ( 3, ( #2280, #39, #3226, #2003 ),
 .UNSPECIFIED., .F., .T. ) 
 B_SPLINE_CURVE_WITH_KNOTS ( ( 4, 4 ),
 ( 1.573456011981955616, 3.141592653589793116 ),
 .UNSPECIFIED. ) 
 CURVE ( )  GEOMETRIC_REPRESENTATION_ITEM ( )  RATIONAL_B_SPLINE_CURVE ( ( 1.000000000000000000, 0.8053643309151362617, 0.8053643309151362617, 1.000000000000000000 ) ) 
 REPRESENTATION_ITEM ( '' )  );
#1116 = AXIS2_PLACEMENT_3D ( 'NONE', #1538, #2771, #1517 ) ;
#1117 = VERTEX_POINT ( 'NONE', #1184 ) ;
#1118 = DIRECTION ( 'NONE',  ( -1.000000000000000000, 1.185495751652216669E-16, 0.000000000000000000 ) ) ;
#1119 = LINE ( 'NONE', #813, #3191 ) ;
#1120 = CARTESIAN_POINT ( 'NONE',  ( 4.190699000851998867E-14, 121.2673150230899211, -2.400000000000003020 ) ) ;
#1121 = EDGE_LOOP ( 'NONE', ( #2185, #290, #1889, #1620, #1814, #1045, #1546, #483, #1916, #733 ) ) ;
#1122 = DIRECTION ( 'NONE',  ( 2.796693612530012541E-16, -0.8340576562282979722, 0.5516772843673721782 ) ) ;
#1123 = PLANE ( 'NONE',  #277 ) ;
#1124 = ADVANCED_FACE ( 'NONE', ( #3177 ), #247, .T. ) ;
#1125 = CARTESIAN_POINT ( 'NONE',  ( -15.60000000000000497, 71.70111908764206987, 11.00000000000000000 ) ) ;
#1126 = ADVANCED_FACE ( 'NONE', ( #3225 ), #2494, .T. ) ;
#1127 = ORIENTED_EDGE ( 'NONE', *, *, #2427, .F. ) ;
#1128 = EDGE_LOOP ( 'NONE', ( #2291, #336 ) ) ;
#1129 = DIRECTION ( 'NONE',  ( 0.000000000000000000, 0.000000000000000000, -1.000000000000000000 ) ) ;
#1130 = CYLINDRICAL_SURFACE ( 'NONE', #1421, 1.199999999999999734 ) ;
#1131 = ORIENTED_EDGE ( 'NONE', *, *, #767, .F. ) ;
#1132 = DIRECTION ( 'NONE',  ( -1.000000000000000000, 0.000000000000000000, 0.000000000000000000 ) ) ;
#1133 = CARTESIAN_POINT ( 'NONE',  ( 18.00000000000002842, -19.99999999999999645, 15.00000000000000000 ) ) ;
#1134 = DIRECTION ( 'NONE',  ( -1.185495751652216669E-16, -1.000000000000000000, 0.000000000000000000 ) ) ;
#1135 = ORIENTED_EDGE ( 'NONE', *, *, #6, .F. ) ;
#1136 = CARTESIAN_POINT ( 'NONE',  ( -12.30000000000000604, 20.20000000000000284, 11.00000000000000000 ) ) ;
#1137 = LINE ( 'NONE', #2159, #2531 ) ;
#1138 = EDGE_CURVE ( 'NONE', #696, #140, #2002, .T. ) ;
#1139 = CARTESIAN_POINT ( 'NONE',  ( -1.734723475976806897E-15, -14.99999999999999822, 11.00000000000000000 ) ) ;
#1140 = FACE_OUTER_BOUND ( 'NONE', #2026, .T. ) ;
#1141 = ORIENTED_EDGE ( 'NONE', *, *, #1866, .T. ) ;
#1142 = ORIENTED_EDGE ( 'NONE', *, *, #2804, .F. ) ;
#1143 = EDGE_CURVE ( 'NONE', #2210, #2200, #10, .T. ) ;
#1144 = EDGE_CURVE ( 'NONE', #168, #1576, #2257, .T. ) ;
#1145 = FACE_OUTER_BOUND ( 'NONE', #1621, .T. ) ;
#1146 = ORIENTED_EDGE ( 'NONE', *, *, #1404, .F. ) ;
#1147 = DIRECTION ( 'NONE',  ( -1.000000000000000000, 9.637352644315590312E-17, 0.000000000000000000 ) ) ;
#1148 = CARTESIAN_POINT ( 'NONE',  ( -59.78434077513685452, 65.02659682051326229, 19.99996463039437700 ) ) ;
#1149 = CIRCLE ( 'NONE', #460, 1.199999999999999734 ) ;
#1150 = ORIENTED_EDGE ( 'NONE', *, *, #2705, .T. ) ;
#1151 = LINE ( 'NONE', #1174, #1368 ) ;
#1152 = AXIS2_PLACEMENT_3D ( 'NONE', #1013, #1226, #227 ) ;
#1153 = FACE_OUTER_BOUND ( 'NONE', #2814, .T. ) ;
#1154 = VECTOR ( 'NONE', #214, 1000.000000000000000 ) ;
#1155 = PLANE ( 'NONE',  #2471 ) ;
#1156 = AXIS2_PLACEMENT_3D ( 'NONE', #1358, #1080, #2342 ) ;
#1157 = CARTESIAN_POINT ( 'NONE',  ( -11.24221727378929536, -7.522131809083578702, 15.00000000000000000 ) ) ;
#1158 = ORIENTED_EDGE ( 'NONE', *, *, #1493, .T. ) ;
#1159 = VECTOR ( 'NONE', #2024, 1000.000000000000000 ) ;
#1160 = ORIENTED_EDGE ( 'NONE', *, *, #1369, .F. ) ;
#1161 = CARTESIAN_POINT ( 'NONE',  ( -13.50000000000000533, 20.20000000000000284, 13.00000000000000178 ) ) ;
#1162 = AXIS2_PLACEMENT_3D ( 'NONE', #398, #2190, #2416 ) ;
#1163 = EDGE_CURVE ( 'NONE', #2071, #790, #443, .T. ) ;
#1164 = EDGE_CURVE ( 'NONE', #281, #2833, #417, .T. ) ;
#1165 = ORIENTED_EDGE ( 'NONE', *, *, #3183, .F. ) ;
#1166 = VECTOR ( 'NONE', #1679, 1000.000000000000000 ) ;
#1167 = FILL_AREA_STYLE_COLOUR ( '', #1731 ) ;
#1168 = LINE ( 'NONE', #3176, #1902 ) ;
#1169 = CARTESIAN_POINT ( 'NONE',  ( 2.123068260032543196E-14, 63.00000000000000000, -1.479114197289400200E-31 ) ) ;
#1170 = DIRECTION ( 'NONE',  ( 1.000000000000000000, 0.000000000000000000, 0.000000000000000000 ) ) ;
#1171 = EDGE_CURVE ( 'NONE', #2664, #2572, #296, .T. ) ;
#1172 = VECTOR ( 'NONE', #2020, 1000.000000000000000 ) ;
#1173 = VERTEX_POINT ( 'NONE', #2718 ) ;
#1174 = CARTESIAN_POINT ( 'NONE',  ( -15.60000000000000497, 60.00000000000000000, -3.697785493223495027E-31 ) ) ;
#1175 = CARTESIAN_POINT ( 'NONE',  ( 20.00000000000002842, -19.99999999999999645, 13.00000000000000000 ) ) ;
#1176 = DIRECTION ( 'NONE',  ( 1.000000000000000000, 0.000000000000000000, -0.000000000000000000 ) ) ;
#1177 = CARTESIAN_POINT ( 'NONE',  ( -6.765421556309543882E-14, 64.99999999999998579, 5.000000000000000888 ) ) ;
#1178 = EDGE_LOOP ( 'NONE', ( #1285, #267, #491, #2557, #2312, #2092 ) ) ;
#1179 = ORIENTED_EDGE ( 'NONE', *, *, #2691, .T. ) ;
#1180 = CARTESIAN_POINT ( 'NONE',  ( 18.00000000000002842, 60.00000000000005684, 13.00000000000000000 ) ) ;
#1181 = ORIENTED_EDGE ( 'NONE', *, *, #2464, .T. ) ;
#1182 = EDGE_CURVE ( 'NONE', #2330, #1853, #2035, .T. ) ;
#1183 = CARTESIAN_POINT ( 'NONE',  ( 10.69999999999999396, 56.99999999999999289, 13.00000000000000178 ) ) ;
#1184 = CARTESIAN_POINT ( 'NONE',  ( -17.49999999999998934, 162.7011190876420983, -1.500000000000000000 ) ) ;
#1185 = CARTESIAN_POINT ( 'NONE',  ( -59.76708378345775685, 65.01773123196730353, 19.99998821012450634 ) ) ;
#1186 = ORIENTED_EDGE ( 'NONE', *, *, #2505, .F. ) ;
#1187 = LINE ( 'NONE', #250, #1786 ) ;
#1188 = EDGE_CURVE ( 'NONE', #587, #837, #1717, .T. ) ;
#1189 = EDGE_CURVE ( 'NONE', #704, #796, #517, .T. ) ;
#1190 = CYLINDRICAL_SURFACE ( 'NONE', #223, 1.199999999999999734 ) ;
#1191 = DIRECTION ( 'NONE',  ( 0.000000000000000000, 0.000000000000000000, 1.000000000000000000 ) ) ;
#1192 = DIRECTION ( 'NONE',  ( -0.000000000000000000, -0.000000000000000000, -1.000000000000000000 ) ) ;
#1193 = VERTEX_POINT ( 'NONE', #2217 ) ;
#1194 = ORIENTED_EDGE ( 'NONE', *, *, #1081, .F. ) ;
#1195 = FACE_OUTER_BOUND ( 'NONE', #2420, .T. ) ;
#1196 = ORIENTED_EDGE ( 'NONE', *, *, #2704, .T. ) ;
#1197 = CARTESIAN_POINT ( 'NONE',  ( -20.52790531377943495, 121.7011190876420557, 3.000000000000000000 ) ) ;
#1198 = LINE ( 'NONE', #392, #211 ) ;
#1199 = DIRECTION ( 'NONE',  ( -1.095614826932720471E-16, 1.000000000000000000, 0.000000000000000000 ) ) ;
#1200 = EDGE_CURVE ( 'NONE', #526, #2212, #1982, .T. ) ;
#1201 = VERTEX_POINT ( 'NONE', #1482 ) ;
#1202 = DIRECTION ( 'NONE',  ( 1.000000000000000000, 0.000000000000000000, 0.000000000000000000 ) ) ;
#1203 = CARTESIAN_POINT ( 'NONE',  ( -19.99999999999997158, 63.00000000000000000, 1.999999999999999556 ) ) ;
#1204 = ADVANCED_FACE ( 'NONE', ( #740 ), #1736, .T. ) ;
#1205 = AXIS2_PLACEMENT_3D ( 'NONE', #2697, #1192, #2191 ) ;
#1206 = CARTESIAN_POINT ( 'NONE',  ( -91.71567416492217717, 80.88562172233854142, 5.857864376269055207 ) ) ;
#1207 = AXIS2_PLACEMENT_3D ( 'NONE', #505, #525, #2743 ) ;
#1208 = PLANE ( 'NONE',  #2618 ) ;
#1209 = ORIENTED_EDGE ( 'NONE', *, *, #3124, .F. ) ;
#1210 = ORIENTED_EDGE ( 'NONE', *, *, #751, .T. ) ;
#1211 = VECTOR ( 'NONE', #816, 1000.000000000000000 ) ;
#1212 = DIRECTION ( 'NONE',  ( -1.000000000000000000, 0.000000000000000000, 0.000000000000000000 ) ) ;
#1213 = VECTOR ( 'NONE', #3017, 1000.000000000000000 ) ;
#1214 = ORIENTED_EDGE ( 'NONE', *, *, #1866, .F. ) ;
#1215 = CIRCLE ( 'NONE', #2939, 1.199999999999999734 ) ;
#1216 = DIRECTION ( 'NONE',  ( 1.000000000000000000, -3.469446951953614189E-16, -0.000000000000000000 ) ) ;
#1217 = CYLINDRICAL_SURFACE ( 'NONE', #2402, 1.199999999999999734 ) ;
#1218 = VECTOR ( 'NONE', #3114, 1000.000000000000000 ) ;
#1219 = ORIENTED_EDGE ( 'NONE', *, *, #1851, .F. ) ;
#1220 = DIRECTION ( 'NONE',  ( -3.346007010100586134E-16, -1.000000000000000000, -0.000000000000000000 ) ) ;
#1221 = CARTESIAN_POINT ( 'NONE',  ( 15.60000000000000142, 162.7011190876420983, -1.500000000000000444 ) ) ;
#1222 = CARTESIAN_POINT ( 'NONE',  ( -23.70000000000000639, 63.00000000000001421, 0.09999999999999722999 ) ) ;
#1223 = CARTESIAN_POINT ( 'NONE',  ( 26.45751311064593381, 2.898724364779052582E-15, 5.000000000000007994 ) ) ;
#1224 = CARTESIAN_POINT ( 'NONE',  ( 66.45751311064593381, 75.00000000000005684, 10.00000000000000000 ) ) ;
#1225 = EDGE_CURVE ( 'NONE', #2598, #196, #2577, .T. ) ;
#1226 = DIRECTION ( 'NONE',  ( 0.000000000000000000, 0.000000000000000000, -1.000000000000000000 ) ) ;
#1227 = ORIENTED_EDGE ( 'NONE', *, *, #2647, .T. ) ;
#1228 = ORIENTED_EDGE ( 'NONE', *, *, #2705, .F. ) ;
#1229 = PLANE ( 'NONE',  #1371 ) ;
#1230 = EDGE_CURVE ( 'NONE', #1284, #647, #1599, .T. ) ;
#1231 = ORIENTED_EDGE ( 'NONE', *, *, #2946, .T. ) ;
#1232 = LINE ( 'NONE', #1530, #2065 ) ;
#1233 = CARTESIAN_POINT ( 'NONE',  ( 24.89999999999999147, 65.99999999999998579, 0.09999999999999592548 ) ) ;
#1234 = DIRECTION ( 'NONE',  ( -1.000000000000000000, -0.000000000000000000, -0.000000000000000000 ) ) ;
#1235 = ORIENTED_EDGE ( 'NONE', *, *, #379, .F. ) ;
#1236 = LINE ( 'NONE', #1774, #692 ) ;
#1237 = LINE ( 'NONE', #2025, #640 ) ;
#1238 = DIRECTION ( 'NONE',  ( -1.095614826932720348E-16, 1.000000000000000000, 1.540743955509788169E-33 ) ) ;
#1239 = CARTESIAN_POINT ( 'NONE',  ( 59.78434077513687583, 65.02659682051326229, 19.99996463039438055 ) ) ;
#1240 = CARTESIAN_POINT ( 'NONE',  ( -17.99999999999997513, -19.99999999999999645, 0.000000000000000000 ) ) ;
#1241 = EDGE_CURVE ( 'NONE', #2602, #2244, #2580, .T. ) ;
#1242 = ORIENTED_EDGE ( 'NONE', *, *, #666, .F. ) ;
#1243 = DIRECTION ( 'NONE',  ( 1.000000000000000000, -3.346007010100586627E-16, -5.577681830192081865E-48 ) ) ;
#1244 = ADVANCED_FACE ( 'NONE', ( #1330 ), #2085, .T. ) ;
#1245 = ORIENTED_EDGE ( 'NONE', *, *, #579, .T. ) ;
#1246 = EDGE_CURVE ( 'NONE', #3032, #1355, #1890, .T. ) ;
#1247 = SHAPE_DEFINITION_REPRESENTATION ( #634, #1067 ) ;
#1248 = CARTESIAN_POINT ( 'NONE',  ( 50.00000000000000000, 60.00000000000001421, 15.00000000000000000 ) ) ;
#1249 = ORIENTED_EDGE ( 'NONE', *, *, #2437, .T. ) ;
#1250 = DIRECTION ( 'NONE',  ( -2.312964634635743450E-16, -1.000000000000000000, 0.000000000000000000 ) ) ;
#1251 = DIRECTION ( 'NONE',  ( -1.000000000000000000, 0.000000000000000000, 0.000000000000000000 ) ) ;
#1252 = CARTESIAN_POINT ( 'NONE',  ( 59.78434077513687583, 65.02659682051326229, 15.00000000000000000 ) ) ;
#1253 = VERTEX_POINT ( 'NONE', #3097 ) ;
#1254 = FACE_OUTER_BOUND ( 'NONE', #1582, .T. ) ;
#1255 = CARTESIAN_POINT ( 'NONE',  ( -45.85968939178638237, 177.3333333333333997, 24.40217628114034554 ) ) ;
#1256 = VERTEX_POINT ( 'NONE', #3051 ) ;
#1257 = CARTESIAN_POINT ( 'NONE',  ( 23.70000000000001705, 65.99999999999998579, 14.90000000000000036 ) ) ;
#1258 = VECTOR ( 'NONE', #2787, 1000.000000000000000 ) ;
#1259 = VECTOR ( 'NONE', #1920, 1000.000000000000000 ) ;
#1260 = ORIENTED_EDGE ( 'NONE', *, *, #2782, .F. ) ;
#1261 = CARTESIAN_POINT ( 'NONE',  ( 66.45751311064593381, 75.00000000000005684, 5.000000000000000888 ) ) ;
#1262 = DIRECTION ( 'NONE',  ( -3.346007010100586627E-16, -1.000000000000000000, 0.000000000000000000 ) ) ;
#1263 = EDGE_CURVE ( 'NONE', #2888, #2815, #1454, .T. ) ;
#1264 = VECTOR ( 'NONE', #1122, 1000.000000000000227 ) ;
#1265 = LINE ( 'NONE', #1483, #2668 ) ;
#1266 = EDGE_LOOP ( 'NONE', ( #1816, #2234, #738, #1242, #2224, #2182, #1687, #2690, #2321 ) ) ;
#1267 = CARTESIAN_POINT ( 'NONE',  ( 18.00000000000002842, 60.00000000000005684, -2.449293598294700991E-16 ) ) ;
#1268 = DIRECTION ( 'NONE',  ( -1.095614826932720471E-16, 1.000000000000000000, -6.162975822039154730E-33 ) ) ;
#1269 = ADVANCED_FACE ( 'NONE', ( #1803 ), #879, .T. ) ;
#1270 = DIRECTION ( 'NONE',  ( -1.000000000000000000, 0.000000000000000000, -0.000000000000000000 ) ) ;
#1271 = AXIS2_PLACEMENT_3D ( 'NONE', #2764, #1041, #19 ) ;
#1272 = VECTOR ( 'NONE', #3083, 1000.000000000000000 ) ;
#1273 = DIRECTION ( 'NONE',  ( 0.8894855250124432677, 0.4569633473193863149, 0.000000000000000000 ) ) ;
#1274 = DIRECTION ( 'NONE',  ( 2.062256389565989386E-48, -6.900324336112527408E-64, 1.000000000000000000 ) ) ;
#1275 = EDGE_LOOP ( 'NONE', ( #430, #3137, #1335, #1114 ) ) ;
#1276 = CARTESIAN_POINT ( 'NONE',  ( -23.52858092251139865, 74.56145157584924732, 12.92893218813448541 ) ) ;
#1277 = EDGE_LOOP ( 'NONE', ( #1802, #499, #2516, #1577, #1326, #180, #734, #1227, #3187, #150, #2674, #1245, #2434, #703, #2273, #2470, #230, #1127, #1753, #1691, #303, #3043, #246, #2441 ) ) ;
#1278 = FACE_OUTER_BOUND ( 'NONE', #1978, .T. ) ;
#1279 = VERTEX_POINT ( 'NONE', #807 ) ;
#1280 = EDGE_CURVE ( 'NONE', #2229, #3059, #2641, .T. ) ;
#1281 = DIRECTION ( 'NONE',  ( -1.000000000000000000, 0.000000000000000000, 0.000000000000000000 ) ) ;
#1282 = DIRECTION ( 'NONE',  ( -1.000000000000000000, 0.000000000000000000, -0.000000000000000000 ) ) ;
#1283 = DIRECTION ( 'NONE',  ( -1.000000000000000000, -1.387778780781445676E-15, 0.000000000000000000 ) ) ;
#1284 = VERTEX_POINT ( 'NONE', #860 ) ;
#1285 = ORIENTED_EDGE ( 'NONE', *, *, #1750, .F. ) ;
#1286 = EDGE_CURVE ( 'NONE', #1829, #2210, #1672, .T. ) ;
#1287 = EDGE_CURVE ( 'NONE', #786, #743, #2359, .T. ) ;
#1288 = CARTESIAN_POINT ( 'NONE',  ( 16.45751311064585920, 65.00000000000000000, -5.000000000000000000 ) ) ;
#1289 = DIRECTION ( 'NONE',  ( -1.000000000000000000, 0.000000000000000000, 0.000000000000000000 ) ) ;
#1290 = VERTEX_POINT ( 'NONE', #603 ) ;
#1291 = LINE ( 'NONE', #2292, #1320 ) ;
#1292 = VERTEX_POINT ( 'NONE', #2404 ) ;
#1293 = DIRECTION ( 'NONE',  ( 0.6614378277661476790, 0.7499999999999998890, -0.000000000000000000 ) ) ;
#1294 = CARTESIAN_POINT ( 'NONE',  ( -26.45751311064591960, 169.9999999999999716, 8.545475396915943378 ) ) ;
#1295 = EDGE_LOOP ( 'NONE', ( #1762, #3157 ) ) ;
#1296 = MANIFOLD_SOLID_BREP ( '\X2\51f853f0\X0\-\X2\62c94f38\X0\13', #2453 ) ;
#1297 = DIRECTION ( 'NONE',  ( -3.346007010100586134E-16, -1.000000000000000000, -0.000000000000000000 ) ) ;
#1298 = ORIENTED_EDGE ( 'NONE', *, *, #1750, .T. ) ;
#1299 = EDGE_LOOP ( 'NONE', ( #2324, #85, #3175, #2526 ) ) ;
#1300 = CARTESIAN_POINT ( 'NONE',  ( -16.45751311064591604, -1.803109537846330361E-15, 20.00000000000000000 ) ) ;
#1301 = ADVANCED_FACE ( 'NONE', ( #2465 ), #1975, .F. ) ;
#1302 = ADVANCED_FACE ( 'NONE', ( #727 ), #2723, .T. ) ;
#1303 = CARTESIAN_POINT ( 'NONE',  ( 14.99999999999999467, -14.99493517516083152, 11.00000000000000000 ) ) ;
#1304 = ORIENTED_EDGE ( 'NONE', *, *, #2249, .T. ) ;
#1305 = CARTESIAN_POINT ( 'NONE',  ( -49.99999999999997158, 60.00000000000001421, 20.00000000000000000 ) ) ;
#1306 = VECTOR ( 'NONE', #289, 1000.000000000000114 ) ;
#1307 = ORIENTED_EDGE ( 'NONE', *, *, #2383, .F. ) ;
#1308 = ORIENTED_EDGE ( 'NONE', *, *, #1328, .F. ) ;
#1309 = AXIS2_PLACEMENT_3D ( 'NONE', #1772, #2754, #1047 ) ;
#1310 = CARTESIAN_POINT ( 'NONE',  ( -17.99999999999997513, -19.99999999999999645, 2.000000000000000000 ) ) ;
#1311 = VECTOR ( 'NONE', #314, 1000.000000000000000 ) ;
#1312 = VERTEX_POINT ( 'NONE', #1050 ) ;
#1313 = VECTOR ( 'NONE', #38, 1000.000000000000000 ) ;
#1314 = PLANE ( 'NONE',  #2267 ) ;
#1315 = FACE_OUTER_BOUND ( 'NONE', #2452, .T. ) ;
#1316 = EDGE_LOOP ( 'NONE', ( #1384, #2087, #3016, #2851, #2944, #1561, #2371, #2449, #2475 ) ) ;
#1317 = AXIS2_PLACEMENT_3D ( 'NONE', #550, #1015, #2734 ) ;
#1318 = ORIENTED_EDGE ( 'NONE', *, *, #2507, .T. ) ;
#1319 = CARTESIAN_POINT ( 'NONE',  ( 9.999999999999992895, 61.20000000000000284, 11.00000000000000000 ) ) ;
#1320 = VECTOR ( 'NONE', #1243, 1000.000000000000000 ) ;
#1321 = DIRECTION ( 'NONE',  ( -3.455753102189216147E-16, -1.000000000000000000, -0.000000000000000000 ) ) ;
#1322 = VECTOR ( 'NONE', #2039, 1000.000000000000000 ) ;
#1323 = ORIENTED_EDGE ( 'NONE', *, *, #1138, .T. ) ;
#1324 = EDGE_CURVE ( 'NONE', #1655, #1354, #2522, .T. ) ;
#1325 = CARTESIAN_POINT ( 'NONE',  ( 0.000000000000000000, 71.70111908764206987, 0.000000000000000000 ) ) ;
#1326 = ORIENTED_EDGE ( 'NONE', *, *, #1594, .T. ) ;
#1327 = VERTEX_POINT ( 'NONE', #268 ) ;
#1328 = EDGE_CURVE ( 'NONE', #2276, #954, #2050, .T. ) ;
#1329 = EDGE_CURVE ( 'NONE', #1519, #775, #1875, .T. ) ;
#1330 = FACE_OUTER_BOUND ( 'NONE', #1275, .T. ) ;
#1331 = LINE ( 'NONE', #632, #210 ) ;
#1332 = EDGE_LOOP ( 'NONE', ( #1179, #2687, #1660, #2984, #798 ) ) ;
#1333 = CARTESIAN_POINT ( 'NONE',  ( -20.52790531377943495, 129.7011190876420699, 3.000000000000000000 ) ) ;
#1334 = CARTESIAN_POINT ( 'NONE',  ( 23.69999999999999218, 62.99999999999998579, 0.09999999999999607814 ) ) ;
#1335 = ORIENTED_EDGE ( 'NONE', *, *, #167, .T. ) ;
#1336 = CARTESIAN_POINT ( 'NONE',  ( -19.59747885941465384, 73.80779072209196556, -1.860034251231222902 ) ) ;
#1337 = CARTESIAN_POINT ( 'NONE',  ( -17.49999999999998224, 152.0564581469694758, -1.500000000000000000 ) ) ;
#1338 = VERTEX_POINT ( 'NONE', #1636 ) ;
#1339 = CARTESIAN_POINT ( 'NONE',  ( 3.292633952937382685E-14, 198.2357644936098495, 3.833067898985401456 ) ) ;
#1340 = ORIENTED_EDGE ( 'NONE', *, *, #306, .F. ) ;
#1341 = ORIENTED_EDGE ( 'NONE', *, *, #1043, .T. ) ;
#1342 =( BOUNDED_CURVE ( )  B_SPLINE_CURVE ( 3, ( #1748, #1779, #976, #1288 ),
 .UNSPECIFIED., .F., .F. ) 
 B_SPLINE_CURVE_WITH_KNOTS ( ( 4, 4 ),
 ( 5.009640341705894784, 6.283185307179585344 ),
 .UNSPECIFIED. ) 
 CURVE ( )  GEOMETRIC_REPRESENTATION_ITEM ( )  RATIONAL_B_SPLINE_CURVE ( ( 1.000000000000000000, 0.8693460236502388305, 0.8693460236502388305, 1.000000000000000000 ) ) 
 REPRESENTATION_ITEM ( '' )  );
#1343 = DIRECTION ( 'NONE',  ( 1.000000000000000000, -3.346007010100586627E-16, -5.577681830192081865E-48 ) ) ;
#1344 = DIRECTION ( 'NONE',  ( -1.000000000000000000, 0.000000000000000000, -0.000000000000000000 ) ) ;
#1345 = ADVANCED_FACE ( 'NONE', ( #384 ), #1130, .F. ) ;
#1346 = VERTEX_POINT ( 'NONE', #1757 ) ;
#1347 = CARTESIAN_POINT ( 'NONE',  ( -17.99999999999998579, -19.99999999999999645, 13.00000000000000000 ) ) ;
#1348 = CARTESIAN_POINT ( 'NONE',  ( 15.59999999999999254, 37.00506482483917381, 10.00000000000000888 ) ) ;
#1349 = LINE ( 'NONE', #1103, #890 ) ;
#1350 = ORIENTED_EDGE ( 'NONE', *, *, #869, .T. ) ;
#1351 = CARTESIAN_POINT ( 'NONE',  ( -59.78434077513685452, 65.02659682051326229, -4.999964630394374332 ) ) ;
#1352 = DIRECTION ( 'NONE',  ( 1.000000000000000000, 0.000000000000000000, 0.000000000000000000 ) ) ;
#1353 = DIRECTION ( 'NONE',  ( 0.000000000000000000, 1.000000000000000000, -0.000000000000000000 ) ) ;
#1354 = VERTEX_POINT ( 'NONE', #2667 ) ;
#1355 = VERTEX_POINT ( 'NONE', #434 ) ;
#1356 = DIRECTION ( 'NONE',  ( 0.000000000000000000, 1.000000000000000000, 0.000000000000000000 ) ) ;
#1357 = VECTOR ( 'NONE', #676, 1000.000000000000000 ) ;
#1358 = CARTESIAN_POINT ( 'NONE',  ( 11.89999999999999325, 20.20000000000000284, 11.00000000000000000 ) ) ;
#1359 = AXIS2_PLACEMENT_3D ( 'NONE', #1157, #332, #74 ) ;
#1360 = VERTEX_POINT ( 'NONE', #934 ) ;
#1361 =( LENGTH_UNIT ( ) NAMED_UNIT ( * ) SI_UNIT ( .MILLI., .METRE. ) );
#1362 = EDGE_CURVE ( 'NONE', #806, #2326, #469, .T. ) ;
#1363 = CARTESIAN_POINT ( 'NONE',  ( 9.999999999999994671, 79.20000000000000284, 11.00000000000000000 ) ) ;
#1364 = CARTESIAN_POINT ( 'NONE',  ( 20.00000000000001776, 37.00506482483917381, 10.00000000000000888 ) ) ;
#1365 = VECTOR ( 'NONE', #1789, 1000.000000000000000 ) ;
#1366 = CARTESIAN_POINT ( 'NONE',  ( 17.50000000000002842, 152.0564581469694474, -1.500000000000000000 ) ) ;
#1367 = ORIENTED_EDGE ( 'NONE', *, *, #1068, .T. ) ;
#1368 = VECTOR ( 'NONE', #1439, 1000.000000000000000 ) ;
#1369 = EDGE_CURVE ( 'NONE', #495, #2124, #1994, .T. ) ;
#1370 = PLANE ( 'NONE',  #2211 ) ;
#1371 = AXIS2_PLACEMENT_3D ( 'NONE', #2653, #1670, #1445 ) ;
#1372 = AXIS2_PLACEMENT_3D ( 'NONE', #2660, #2205, #3201 ) ;
#1373 = CARTESIAN_POINT ( 'NONE',  ( -1.896364574816368365E-14, 196.9817898228505157, 3.003641616684565641 ) ) ;
#1374 = CIRCLE ( 'NONE', #124, 1.199999999999999734 ) ;
#1375 = VERTEX_POINT ( 'NONE', #1605 ) ;
#1376 = ORIENTED_EDGE ( 'NONE', *, *, #3221, .F. ) ;
#1377 = CARTESIAN_POINT ( 'NONE',  ( -10.00000000000000533, 79.20000000000000284, 13.00000000000000000 ) ) ;
#1378 = DIRECTION ( 'NONE',  ( 1.000000000000000000, 0.000000000000000000, 0.000000000000000000 ) ) ;
#1379 = VECTOR ( 'NONE', #376, 1000.000000000000000 ) ;
#1380 = VERTEX_POINT ( 'NONE', #546 ) ;
#1381 = CARTESIAN_POINT ( 'NONE',  ( 18.00000000000002842, 60.00000000000005684, 15.00000000000000000 ) ) ;
#1382 = CARTESIAN_POINT ( 'NONE',  ( 26.10000000000001563, 65.99999999999998579, 14.90000000000000036 ) ) ;
#1383 = CARTESIAN_POINT ( 'NONE',  ( 11.89999999999999325, 20.20000000000000284, 11.00000000000000000 ) ) ;
#1384 = ORIENTED_EDGE ( 'NONE', *, *, #1881, .T. ) ;
#1385 = DIRECTION ( 'NONE',  ( -1.000000000000000000, 0.000000000000000000, 0.000000000000000000 ) ) ;
#1386 = DIRECTION ( 'NONE',  ( 0.000000000000000000, 0.000000000000000000, -1.000000000000000000 ) ) ;
#1387 = EDGE_CURVE ( 'NONE', #1676, #2640, #1811, .T. ) ;
#1388 = EDGE_CURVE ( 'NONE', #985, #696, #1000, .T. ) ;
#1389 = LINE ( 'NONE', #1862, #17 ) ;
#1390 = CARTESIAN_POINT ( 'NONE',  ( -10.00000000000000533, 79.20000000000000284, 13.00000000000000000 ) ) ;
#1391 = ORIENTED_EDGE ( 'NONE', *, *, #2748, .T. ) ;
#1392 = ORIENTED_EDGE ( 'NONE', *, *, #1200, .T. ) ;
#1393 = DIRECTION ( 'NONE',  ( -0.000000000000000000, -1.000000000000000000, -0.000000000000000000 ) ) ;
#1394 = DIRECTION ( 'NONE',  ( -3.346007010100586134E-16, -1.000000000000000000, -0.000000000000000000 ) ) ;
#1395 = ORIENTED_EDGE ( 'NONE', *, *, #1688, .F. ) ;
#1396 = DIRECTION ( 'NONE',  ( -3.346007010100586134E-16, -1.000000000000000000, -0.000000000000000000 ) ) ;
#1397 = CARTESIAN_POINT ( 'NONE',  ( -20.52790531377943495, 0.000000000000000000, 11.00000000000000000 ) ) ;
#1398 = CYLINDRICAL_SURFACE ( 'NONE', #3031, 10.00000000000000178 ) ;
#1399 = EDGE_LOOP ( 'NONE', ( #1844, #1033, #1210, #1734 ) ) ;
#1400 = DIRECTION ( 'NONE',  ( -1.040834085586084059E-15, 1.000000000000000000, 0.000000000000000000 ) ) ;
#1401 = CARTESIAN_POINT ( 'NONE',  ( 20.00000000000002487, 2.602085213965213797E-15, 11.00000000000000000 ) ) ;
#1402 = CARTESIAN_POINT ( 'NONE',  ( -15.00000000000000355, -14.99493517516083152, 11.00000000000000000 ) ) ;
#1403 = ADVANCED_FACE ( 'NONE', ( #527 ), #2042, .F. ) ;
#1404 = EDGE_CURVE ( 'NONE', #2713, #2525, #239, .T. ) ;
#1405 = DIRECTION ( 'NONE',  ( 1.040834085586084059E-15, -1.000000000000000000, 0.000000000000000000 ) ) ;
#1406 = ORIENTED_EDGE ( 'NONE', *, *, #327, .T. ) ;
#1407 = VERTEX_POINT ( 'NONE', #1222 ) ;
#1408 = CARTESIAN_POINT ( 'NONE',  ( 26.09999999999999076, 65.99999999999998579, 0.09999999999999592548 ) ) ;
#1409 = ORIENTED_EDGE ( 'NONE', *, *, #1511, .T. ) ;
#1410 = DIRECTION ( 'NONE',  ( -3.346007010100586134E-16, -1.000000000000000000, -0.000000000000000000 ) ) ;
#1411 = CARTESIAN_POINT ( 'NONE',  ( 2.964339811963511080E-15, 25.00506482483916670, 11.00000000000000000 ) ) ;
#1412 = CARTESIAN_POINT ( 'NONE',  ( 2.259285152079774271E-14, 63.00000000000000000, -1.500000000000006883 ) ) ;
#1413 = CARTESIAN_POINT ( 'NONE',  ( 34.42220510185597959, 37.00506482483917381, 10.00000000000000888 ) ) ;
#1414 = VECTOR ( 'NONE', #2886, 1000.000000000000000 ) ;
#1415 = ORIENTED_EDGE ( 'NONE', *, *, #2552, .T. ) ;
#1416 = CARTESIAN_POINT ( 'NONE',  ( -13.50000000000000533, 20.20000000000000284, 11.00000000000000000 ) ) ;
#1417 = VECTOR ( 'NONE', #1694, 1000.000000000000000 ) ;
#1418 = LINE ( 'NONE', #2696, #2164 ) ;
#1419 = AXIS2_PLACEMENT_3D ( 'NONE', #1233, #1755, #2246 ) ;
#1420 = CYLINDRICAL_SURFACE ( 'NONE', #1162, 9.999999999999998224 ) ;
#1421 = AXIS2_PLACEMENT_3D ( 'NONE', #2135, #1394, #2496 ) ;
#1422 = CARTESIAN_POINT ( 'NONE',  ( -15.60000000000001386, -14.99493517516083152, 11.00000000000000000 ) ) ;
#1423 = ORIENTED_EDGE ( 'NONE', *, *, #2569, .F. ) ;
#1424 = ADVANCED_FACE ( 'NONE', ( #2969 ), #252, .F. ) ;
#1425 = AXIS2_PLACEMENT_3D ( 'NONE', #2269, #1220, #1202 ) ;
#1426 = ORIENTED_EDGE ( 'NONE', *, *, #766, .F. ) ;
#1427 = PLANE ( 'NONE',  #1893 ) ;
#1428 = CARTESIAN_POINT ( 'NONE',  ( 25.05794768594691746, 74.92029043426042278, 11.39956542469897371 ) ) ;
#1429 = VECTOR ( 'NONE', #2649, 1000.000000000000000 ) ;
#1430 = EDGE_CURVE ( 'NONE', #2032, #132, #524, .T. ) ;
#1431 = ORIENTED_EDGE ( 'NONE', *, *, #1329, .F. ) ;
#1432 = EDGE_CURVE ( 'NONE', #1, #135, #823, .T. ) ;
#1433 = AXIS2_PLACEMENT_3D ( 'NONE', #57, #604, #1555 ) ;
#1434 = CARTESIAN_POINT ( 'NONE',  ( -15.60000000000000497, 60.00000000000000711, -2.400000000000003020 ) ) ;
#1435 = CARTESIAN_POINT ( 'NONE',  ( 15.59999999999998543, -14.99493517516083152, 145.3413857930792688 ) ) ;
#1436 = DIRECTION ( 'NONE',  ( 0.000000000000000000, 0.000000000000000000, 1.000000000000000000 ) ) ;
#1437 = VECTOR ( 'NONE', #2508, 1000.000000000000000 ) ;
#1438 = ORIENTED_EDGE ( 'NONE', *, *, #809, .F. ) ;
#1439 = DIRECTION ( 'NONE',  ( 2.062256389565987867E-48, -7.126648915752194215E-64, 1.000000000000000000 ) ) ;
#1440 = DIRECTION ( 'NONE',  ( 1.000000000000000000, -3.346007010100586627E-16, 0.000000000000000000 ) ) ;
#1441 = CARTESIAN_POINT ( 'NONE',  ( -13.50000000000000533, 56.99999999999999289, 11.00000000000000000 ) ) ;
#1442 = CARTESIAN_POINT ( 'NONE',  ( -59.73256969328389232, 65.00000000000002842, 20.00000000000000000 ) ) ;
#1443 = ORIENTED_EDGE ( 'NONE', *, *, #2505, .T. ) ;
#1444 = VERTEX_POINT ( 'NONE', #570 ) ;
#1445 = DIRECTION ( 'NONE',  ( 9.637352644315594010E-17, 1.000000000000000000, 0.000000000000000000 ) ) ;
#1446 = EDGE_CURVE ( 'NONE', #1360, #691, #1664, .T. ) ;
#1447 = ORIENTED_EDGE ( 'NONE', *, *, #1595, .F. ) ;
#1448 = DIRECTION ( 'NONE',  ( -0.000000000000000000, -0.000000000000000000, -1.000000000000000000 ) ) ;
#1449 = DIRECTION ( 'NONE',  ( 0.000000000000000000, 0.000000000000000000, -1.000000000000000000 ) ) ;
#1450 = EDGE_CURVE ( 'NONE', #3121, #3093, #560, .T. ) ;
#1451 = ADVANCED_FACE ( 'NONE', ( #354 ), #613, .F. ) ;
#1452 = DIRECTION ( 'NONE',  ( 0.000000000000000000, 0.000000000000000000, -1.000000000000000000 ) ) ;
#1453 = VERTEX_POINT ( 'NONE', #157 ) ;
#1454 =( BOUNDED_CURVE ( )  B_SPLINE_CURVE ( 3, ( #2801, #552, #628, #2845 ),
 .UNSPECIFIED., .F., .F. ) 
 B_SPLINE_CURVE_WITH_KNOTS ( ( 4, 4 ),
 ( 5.009640341705892119, 6.283185307179586232 ),
 .UNSPECIFIED. ) 
 CURVE ( )  GEOMETRIC_REPRESENTATION_ITEM ( )  RATIONAL_B_SPLINE_CURVE ( ( 1.000000000000000000, 0.8693460236502383864, 0.8693460236502383864, 1.000000000000000000 ) ) 
 REPRESENTATION_ITEM ( '' )  );
#1455 = CARTESIAN_POINT ( 'NONE',  ( -17.99999999999998579, 60.00000000000005684, 13.00000000000000000 ) ) ;
#1456 = LINE ( 'NONE', #2677, #1955 ) ;
#1457 = LINE ( 'NONE', #2395, #1429 ) ;
#1458 = DIRECTION ( 'NONE',  ( 0.000000000000000000, -0.000000000000000000, -1.000000000000000000 ) ) ;
#1459 = VERTEX_POINT ( 'NONE', #641 ) ;
#1460 = EDGE_LOOP ( 'NONE', ( #1020, #3062, #1852, #2506 ) ) ;
#1461 = LINE ( 'NONE', #2912, #1536 ) ;
#1462 = ORIENTED_EDGE ( 'NONE', *, *, #3202, .T. ) ;
#1463 = CARTESIAN_POINT ( 'NONE',  ( -59.78434077513685452, 65.02659682051326229, 15.00000000000000000 ) ) ;
#1464 = CARTESIAN_POINT ( 'NONE',  ( -16.45751311064586631, 65.00000000000000000, -5.000000000000000000 ) ) ;
#1465 = DIRECTION ( 'NONE',  ( -1.000000000000000000, 0.000000000000000000, 0.000000000000000000 ) ) ;
#1466 = EDGE_LOOP ( 'NONE', ( #1392, #1643, #1391, #2532 ) ) ;
#1467 = EDGE_CURVE ( 'NONE', #3079, #1279, #996, .T. ) ;
#1468 = DIRECTION ( 'NONE',  ( -0.000000000000000000, -0.000000000000000000, -1.000000000000000000 ) ) ;
#1469 = CARTESIAN_POINT ( 'NONE',  ( 59.73256969328395627, 65.00000000000004263, 20.00000000000000000 ) ) ;
#1470 = CIRCLE ( 'NONE', #2978, 1.199999999999999734 ) ;
#1471 = EDGE_CURVE ( 'NONE', #1453, #1930, #1909, .T. ) ;
#1472 = DIRECTION ( 'NONE',  ( -2.062256389565987867E-48, 7.126648915752194215E-64, -1.000000000000000000 ) ) ;
#1473 = CIRCLE ( 'NONE', #1727, 1.199999999999999734 ) ;
#1474 = LINE ( 'NONE', #192, #2150 ) ;
#1475 = ORIENTED_EDGE ( 'NONE', *, *, #1851, .T. ) ;
#1476 = ORIENTED_EDGE ( 'NONE', *, *, #1023, .F. ) ;
#1477 = VECTOR ( 'NONE', #2908, 1000.000000000000000 ) ;
#1478 = CYLINDRICAL_SURFACE ( 'NONE', #1317, 1.199999999999999734 ) ;
#1479 = AXIS2_PLACEMENT_3D ( 'NONE', #2451, #432, #1702 ) ;
#1480 = EDGE_LOOP ( 'NONE', ( #537, #1090, #3150, #1235, #79, #607 ) ) ;
#1481 = VECTOR ( 'NONE', #224, 1000.000000000000000 ) ;
#1482 = CARTESIAN_POINT ( 'NONE',  ( -26.45751311064590183, 75.00000000000001421, 5.857864376269030338 ) ) ;
#1483 = CARTESIAN_POINT ( 'NONE',  ( 10.69999999999999396, 20.20000000000000284, 13.00000000000000178 ) ) ;
#1484 = AXIS2_PLACEMENT_3D ( 'NONE', #1807, #91, #556 ) ;
#1485 = VERTEX_POINT ( 'NONE', #1940 ) ;
#1486 = UNCERTAINTY_MEASURE_WITH_UNIT (LENGTH_MEASURE( 1.000000000000000082E-05 ), #197, 'distance_accuracy_value', 'NONE');
#1487 = DIRECTION ( 'NONE',  ( 0.000000000000000000, 0.000000000000000000, -1.000000000000000000 ) ) ;
#1488 = DIRECTION ( 'NONE',  ( 0.000000000000000000, 0.000000000000000000, -1.000000000000000000 ) ) ;
#1489 = CARTESIAN_POINT ( 'NONE',  ( 59.78434077513687583, 65.02659682051326229, 19.99996463039438055 ) ) ;
#1490 = ADVANCED_FACE ( 'NONE', ( #2645 ), #2379, .T. ) ;
#1491 = DIRECTION ( 'NONE',  ( 0.000000000000000000, 0.000000000000000000, 1.000000000000000000 ) ) ;
#1492 = EDGE_CURVE ( 'NONE', #8, #2572, #1873, .T. ) ;
#1493 = EDGE_CURVE ( 'NONE', #1201, #1695, #2918, .T. ) ;
#1494 = DIRECTION ( 'NONE',  ( 1.000000000000000000, 3.469446951953614189E-16, 0.000000000000000000 ) ) ;
#1495 = ORIENTED_EDGE ( 'NONE', *, *, #1230, .T. ) ;
#1496 = DIRECTION ( 'NONE',  ( -1.301042606982605321E-16, 1.000000000000000000, 0.000000000000000000 ) ) ;
#1497 = ORIENTED_EDGE ( 'NONE', *, *, #204, .T. ) ;
#1498 = CARTESIAN_POINT ( 'NONE',  ( 0.000000000000000000, -14.99493517516083152, 11.00000000000000000 ) ) ;
#1499 = LINE ( 'NONE', #1248, #1678 ) ;
#1500 = ORIENTED_EDGE ( 'NONE', *, *, #2686, .T. ) ;
#1501 = CARTESIAN_POINT ( 'NONE',  ( 17.50000000000000711, 63.00000000000000000, 0.000000000000000000 ) ) ;
#1502 = FACE_OUTER_BOUND ( 'NONE', #2349, .T. ) ;
#1503 = LINE ( 'NONE', #1252, #1995 ) ;
#1504 = LINE ( 'NONE', #2062, #1880 ) ;
#1505 = LINE ( 'NONE', #2728, #2264 ) ;
#1506 = LINE ( 'NONE', #2258, #1883 ) ;
#1507 = ORIENTED_EDGE ( 'NONE', *, *, #1280, .T. ) ;
#1508 = EDGE_CURVE ( 'NONE', #339, #1312, #381, .T. ) ;
#1509 = PLANE ( 'NONE',  #1271 ) ;
#1510 = VERTEX_POINT ( 'NONE', #663 ) ;
#1511 = EDGE_CURVE ( 'NONE', #669, #1292, #2412, .T. ) ;
#1512 = CARTESIAN_POINT ( 'NONE',  ( 25.55931032189046448, 75.00000000000001421, 5.000000000000000888 ) ) ;
#1513 = FACE_OUTER_BOUND ( 'NONE', #1299, .T. ) ;
#1514 = ORIENTED_EDGE ( 'NONE', *, *, #1589, .T. ) ;
#1515 = B_SPLINE_CURVE_WITH_KNOTS ( 'NONE', 3,
 ( #1947, #2973, #256, #1684 ),
 .UNSPECIFIED., .F., .F.,
 ( 4, 4 ),
 ( 1.734723475976807094E-18, 0.003639785061102778201 ),
 .UNSPECIFIED. ) ;
#1516 = DIRECTION ( 'NONE',  ( 1.000000000000000000, 0.000000000000000000, 0.000000000000000000 ) ) ;
#1517 = DIRECTION ( 'NONE',  ( -1.000000000000000000, 0.000000000000000000, 0.000000000000000000 ) ) ;
#1518 = CARTESIAN_POINT ( 'NONE',  ( 50.00000000000000000, 59.99999999999998579, -5.000000000000000888 ) ) ;
#1519 = VERTEX_POINT ( 'NONE', #1677 ) ;
#1520 = DIRECTION ( 'NONE',  ( 2.062256389565987867E-48, -6.900324336112522010E-64, 1.000000000000000000 ) ) ;
#1521 = CARTESIAN_POINT ( 'NONE',  ( -7.806255641895628138E-14, 74.99999999999998579, 10.00000000000000000 ) ) ;
#1522 = VECTOR ( 'NONE', #1458, 1000.000000000000000 ) ;
#1523 = ORIENTED_EDGE ( 'NONE', *, *, #1493, .F. ) ;
#1524 = CARTESIAN_POINT ( 'NONE',  ( 15.59999999999999432, 71.70111908764206987, 0.000000000000000000 ) ) ;
#1525 = VECTOR ( 'NONE', #1828, 1000.000000000000000 ) ;
#1526 = ADVANCED_FACE ( 'NONE', ( #624 ), #2367, .F. ) ;
#1527 = ORIENTED_EDGE ( 'NONE', *, *, #6, .T. ) ;
#1528 = CIRCLE ( 'NONE', #113, 1.199999999999999734 ) ;
#1529 = ORIENTED_EDGE ( 'NONE', *, *, #1287, .F. ) ;
#1530 = CARTESIAN_POINT ( 'NONE',  ( 13.09999999999999432, 20.20000000000000284, 13.00000000000000178 ) ) ;
#1531 = VECTOR ( 'NONE', #2904, 1000.000000000000000 ) ;
#1532 = CARTESIAN_POINT ( 'NONE',  ( 0.000000000000000000, -14.99493517516083152, 0.000000000000000000 ) ) ;
#1533 = ADVANCED_FACE ( 'NONE', ( #141 ), #1661, .F. ) ;
#1534 = EDGE_CURVE ( 'NONE', #1576, #168, #1528, .T. ) ;
#1535 = ORIENTED_EDGE ( 'NONE', *, *, #1065, .T. ) ;
#1536 = VECTOR ( 'NONE', #1932, 1000.000000000000000 ) ;
#1537 = CARTESIAN_POINT ( 'NONE',  ( -13.50000000000000533, 56.99999999999999289, 13.00000000000000178 ) ) ;
#1538 = CARTESIAN_POINT ( 'NONE',  ( -12.30000000000000604, 56.99999999999999289, 11.00000000000000000 ) ) ;
#1539 = DIRECTION ( 'NONE',  ( -0.000000000000000000, -0.000000000000000000, -1.000000000000000000 ) ) ;
#1540 = CARTESIAN_POINT ( 'NONE',  ( 26.45751311064592670, 75.00000000000001421, 9.142135623730975880 ) ) ;
#1541 = VECTOR ( 'NONE', #2489, 1000.000000000000000 ) ;
#1542 = ORIENTED_EDGE ( 'NONE', *, *, #1246, .T. ) ;
#1543 = AXIS2_PLACEMENT_3D ( 'NONE', #2791, #1297, #313 ) ;
#1544 = CARTESIAN_POINT ( 'NONE',  ( -23.52858092251139865, 75.00000000000001421, 12.92893218813448364 ) ) ;
#1545 = CARTESIAN_POINT ( 'NONE',  ( -11.10000000000000497, 56.99999999999999289, 11.00000000000000000 ) ) ;
#1546 = ORIENTED_EDGE ( 'NONE', *, *, #2055, .F. ) ;
#1547 = CARTESIAN_POINT ( 'NONE',  ( -25.43341579727886526, 75.00000000000001421, 10.27663662832664926 ) ) ;
#1548 = ORIENTED_EDGE ( 'NONE', *, *, #2302, .T. ) ;
#1549 = DIRECTION ( 'NONE',  ( -1.000000000000000000, 1.156482317317871725E-16, 0.000000000000000000 ) ) ;
#1550 = EDGE_CURVE ( 'NONE', #2897, #168, #2141, .T. ) ;
#1551 = CARTESIAN_POINT ( 'NONE',  ( 25.43341579727888657, 75.00000000000001421, 4.723363371673355182 ) ) ;
#1552 = EDGE_LOOP ( 'NONE', ( #1219, #2064, #2823, #390 ) ) ;
#1553 = EDGE_CURVE ( 'NONE', #1292, #1375, #126, .T. ) ;
#1554 = EDGE_CURVE ( 'NONE', #2328, #526, #408, .T. ) ;
#1555 = DIRECTION ( 'NONE',  ( 0.000000000000000000, 0.000000000000000000, 1.000000000000000000 ) ) ;
#1556 = VERTEX_POINT ( 'NONE', #155 ) ;
#1557 = ORIENTED_EDGE ( 'NONE', *, *, #1163, .T. ) ;
#1558 = CARTESIAN_POINT ( 'NONE',  ( 14.99999999999999467, -15.00000000000000000, -1.200000000000000030E-05 ) ) ;
#1559 = CARTESIAN_POINT ( 'NONE',  ( -23.70000000000000639, 66.00000000000001421, 14.90000000000000036 ) ) ;
#1560 = LINE ( 'NONE', #2761, #1525 ) ;
#1561 = ORIENTED_EDGE ( 'NONE', *, *, #1329, .T. ) ;
#1562 =( BOUNDED_CURVE ( )  B_SPLINE_CURVE ( 3, ( #1867, #402, #448, #2688 ),
 .UNSPECIFIED., .F., .F. ) 
 B_SPLINE_CURVE_WITH_KNOTS ( ( 4, 4 ),
 ( 6.016817709215400711, 6.141288252575422213 ),
 .UNSPECIFIED. ) 
 CURVE ( )  GEOMETRIC_REPRESENTATION_ITEM ( )  RATIONAL_B_SPLINE_CURVE ( ( 1.000000000000000000, 0.9987093403187072838, 0.9987093403187072838, 1.000000000000000000 ) ) 
 REPRESENTATION_ITEM ( '' )  );
#1563 = LINE ( 'NONE', #1524, #1733 ) ;
#1564 = EDGE_LOOP ( 'NONE', ( #3218, #2340, #1341, #979 ) ) ;
#1565 = DIRECTION ( 'NONE',  ( -2.062256389565987867E-48, 6.900324336112522010E-64, -1.000000000000000000 ) ) ;
#1566 = ORIENTED_EDGE ( 'NONE', *, *, #53, .T. ) ;
#1567 = CARTESIAN_POINT ( 'NONE',  ( 23.52858092251139155, 2.577826211538981851E-15, 2.071067811865480390 ) ) ;
#1568 = DIRECTION ( 'NONE',  ( 1.000000000000000000, 0.000000000000000000, 2.168404344971010840E-16 ) ) ;
#1569 = CARTESIAN_POINT ( 'NONE',  ( 16.45751311064594447, 65.00000000000000000, 20.00000000000000000 ) ) ;
#1570 = ADVANCED_FACE ( 'NONE', ( #2393 ), #2695, .T. ) ;
#1571 = VERTEX_POINT ( 'NONE', #648 ) ;
#1572 = FACE_OUTER_BOUND ( 'NONE', #2436, .T. ) ;
#1573 = CARTESIAN_POINT ( 'NONE',  ( 0.000000000000000000, -14.99493517516083152, 11.00000000000000000 ) ) ;
#1574 = ORIENTED_EDGE ( 'NONE', *, *, #1225, .F. ) ;
#1575 = DIRECTION ( 'NONE',  ( -0.000000000000000000, -0.000000000000000000, -1.000000000000000000 ) ) ;
#1576 = VERTEX_POINT ( 'NONE', #1416 ) ;
#1577 = ORIENTED_EDGE ( 'NONE', *, *, #286, .T. ) ;
#1578 =( BOUNDED_CURVE ( )  B_SPLINE_CURVE ( 3, ( #2174, #2426, #1185, #1148 ),
 .UNSPECIFIED., .F., .F. ) 
 B_SPLINE_CURVE_WITH_KNOTS ( ( 4, 4 ),
 ( 1.570796326794897668, 1.573456011981955394 ),
 .UNSPECIFIED. ) 
 CURVE ( )  GEOMETRIC_REPRESENTATION_ITEM ( )  RATIONAL_B_SPLINE_CURVE ( ( 1.000000000000000000, 0.9999994105063123584, 0.9999994105063123584, 1.000000000000000000 ) ) 
 REPRESENTATION_ITEM ( '' )  );
#1579 = AXIS2_PLACEMENT_3D ( 'NONE', #459, #3232, #2941 ) ;
#1580 = DIRECTION ( 'NONE',  ( -1.185495751652216669E-16, -1.000000000000000000, 0.000000000000000000 ) ) ;
#1581 = AXIS2_PLACEMENT_3D ( 'NONE', #1223, #915, #2446 ) ;
#1582 = EDGE_LOOP ( 'NONE', ( #2869, #1495, #212, #2838 ) ) ;
#1583 = VECTOR ( 'NONE', #104, 1000.000000000000000 ) ;
#1584 = CARTESIAN_POINT ( 'NONE',  ( 11.24221727378942859, -7.522131809083645315, 15.00000000000000000 ) ) ;
#1585 = DIRECTION ( 'NONE',  ( 1.000000000000000000, 0.000000000000000000, 0.000000000000000000 ) ) ;
#1586 = AXIS2_PLACEMENT_3D ( 'NONE', #1801, #535, #1496 ) ;
#1587 = EDGE_LOOP ( 'NONE', ( #2953, #1700, #229, #1249 ) ) ;
#1588 = FACE_OUTER_BOUND ( 'NONE', #97, .T. ) ;
#1589 = EDGE_CURVE ( 'NONE', #1327, #3105, #1151, .T. ) ;
#1590 = AXIS2_PLACEMENT_3D ( 'NONE', #1763, #2045, #1993 ) ;
#1591 = DIRECTION ( 'NONE',  ( 1.000000000000000000, 0.000000000000000000, 0.000000000000000000 ) ) ;
#1592 = ORIENTED_EDGE ( 'NONE', *, *, #709, .T. ) ;
#1593 = CARTESIAN_POINT ( 'NONE',  ( -66.45751311064590539, 75.00000000000002842, 5.000000000000000888 ) ) ;
#1594 = EDGE_CURVE ( 'NONE', #1712, #2664, #2125, .T. ) ;
#1595 = EDGE_CURVE ( 'NONE', #2798, #3197, #426, .T. ) ;
#1596 = ORIENTED_EDGE ( 'NONE', *, *, #3026, .F. ) ;
#1597 = EDGE_LOOP ( 'NONE', ( #200, #2790, #2994, #1806, #1527 ) ) ;
#1598 = LINE ( 'NONE', #101, #15 ) ;
#1599 = LINE ( 'NONE', #3064, #2104 ) ;
#1600 = ORIENTED_EDGE ( 'NONE', *, *, #1144, .T. ) ;
#1601 = CYLINDRICAL_SURFACE ( 'NONE', #1543, 1.199999999999999734 ) ;
#1602 = CARTESIAN_POINT ( 'NONE',  ( 2.123068260032543196E-14, 63.00000000000000000, -1.479114197289393413E-31 ) ) ;
#1603 = PLANE ( 'NONE',  #3186 ) ;
#1604 = ORIENTED_EDGE ( 'NONE', *, *, #1550, .F. ) ;
#1605 = CARTESIAN_POINT ( 'NONE',  ( -16.45751311064592670, 166.2203552699077704, 20.00000000000000000 ) ) ;
#1606 = FACE_OUTER_BOUND ( 'NONE', #2000, .T. ) ;
#1607 = CARTESIAN_POINT ( 'NONE',  ( 18.00000000000002842, 60.00000000000005684, 2.000000000000000000 ) ) ;
#1608 = ORIENTED_EDGE ( 'NONE', *, *, #1099, .F. ) ;
#1609 = EDGE_CURVE ( 'NONE', #1655, #3205, #1187, .T. ) ;
#1610 = ORIENTED_EDGE ( 'NONE', *, *, #2946, .F. ) ;
#1611 = CARTESIAN_POINT ( 'NONE',  ( 2.123068260032543196E-14, 63.00000000000000000, 15.00000000000000000 ) ) ;
#1612 = CARTESIAN_POINT ( 'NONE',  ( -17.49999999999998224, 152.0564581469694758, 0.000000000000000000 ) ) ;
#1613 = CARTESIAN_POINT ( 'NONE',  ( -66.45751311064590539, 75.00000000000002842, 5.000000000000000888 ) ) ;
#1614 = VERTEX_POINT ( 'NONE', #1501 ) ;
#1615 = CARTESIAN_POINT ( 'NONE',  ( 26.45751311064591960, 169.1613620457430045, 9.142135623730975880 ) ) ;
#1616 = DIRECTION ( 'NONE',  ( -0.6614378277661477901, 0.7499999999999997780, 0.000000000000000000 ) ) ;
#1617 = ORIENTED_EDGE ( 'NONE', *, *, #1065, .F. ) ;
#1618 = CARTESIAN_POINT ( 'NONE',  ( 2.241070555582017796E-14, 63.00000000000000000, 17.39999999999999858 ) ) ;
#1619 = DIRECTION ( 'NONE',  ( -0.8894855250124433788, 0.4569633473193861484, 0.000000000000000000 ) ) ;
#1620 = ORIENTED_EDGE ( 'NONE', *, *, #1230, .F. ) ;
#1621 = EDGE_LOOP ( 'NONE', ( #2894, #90, #284, #966, #2075, #726 ) ) ;
#1622 = CARTESIAN_POINT ( 'NONE',  ( -15.59999999999999787, 116.7011190876420699, 145.3413857930792688 ) ) ;
#1623 = VECTOR ( 'NONE', #2739, 1000.000000000000000 ) ;
#1624 = ORIENTED_EDGE ( 'NONE', *, *, #2302, .F. ) ;
#1625 = LINE ( 'NONE', #2627, #1379 ) ;
#1626 = EDGE_CURVE ( 'NONE', #3059, #1647, #1236, .T. ) ;
#1627 = VECTOR ( 'NONE', #92, 1000.000000000000000 ) ;
#1628 = ADVANCED_FACE ( 'NONE', ( #2770 ), #3003, .F. ) ;
#1629 = FACE_OUTER_BOUND ( 'NONE', #173, .T. ) ;
#1630 = EDGE_LOOP ( 'NONE', ( #3116, #514, #2624, #2657 ) ) ;
#1631 = VECTOR ( 'NONE', #1410, 1000.000000000000000 ) ;
#1632 = DIRECTION ( 'NONE',  ( -0.6831300510639746193, -0.2581988897471636513, -0.6831300510639708445 ) ) ;
#1633 = PLANE ( 'NONE',  #536 ) ;
#1634 = AXIS2_PLACEMENT_3D ( 'NONE', #3096, #2864, #637 ) ;
#1635 = AXIS2_PLACEMENT_3D ( 'NONE', #2873, #367, #1619 ) ;
#1636 = CARTESIAN_POINT ( 'NONE',  ( 24.35174463280531754, 169.3695068418699066, 3.003641616684545212 ) ) ;
#1637 = LINE ( 'NONE', #2617, #222 ) ;
#1638 = LINE ( 'NONE', #2144, #893 ) ;
#1639 = AXIS2_PLACEMENT_3D ( 'NONE', #962, #2203, #664 ) ;
#1640 = EDGE_LOOP ( 'NONE', ( #1654, #541 ) ) ;
#1641 = VERTEX_POINT ( 'NONE', #2459 ) ;
#1642 = PLANE ( 'NONE',  #2160 ) ;
#1643 = ORIENTED_EDGE ( 'NONE', *, *, #2661, .T. ) ;
#1644 = CARTESIAN_POINT ( 'NONE',  ( 24.89999999999999147, 65.99999999999998579, 0.09999999999999592548 ) ) ;
#1645 = DIRECTION ( 'NONE',  ( 1.000000000000000000, -3.346007010100586627E-16, 1.214306433183765213E-16 ) ) ;
#1646 = CARTESIAN_POINT ( 'NONE',  ( -11.10000000000000497, 20.20000000000000284, 11.00000000000000000 ) ) ;
#1647 = VERTEX_POINT ( 'NONE', #219 ) ;
#1648 = ADVANCED_FACE ( 'NONE', ( #1708 ), #974, .F. ) ;
#1649 = DIRECTION ( 'NONE',  ( 0.4569633473193861484, -0.8894855250124433788, 0.000000000000000000 ) ) ;
#1650 = CARTESIAN_POINT ( 'NONE',  ( -27.40000000000000568, 63.00000000000000000, 0.000000000000000000 ) ) ;
#1651 = ADVANCED_FACE ( 'NONE', ( #2251 ), #9, .T. ) ;
#1652 = FACE_OUTER_BOUND ( 'NONE', #2750, .T. ) ;
#1653 = DIRECTION ( 'NONE',  ( 1.095614826932720471E-16, -1.000000000000000000, 0.000000000000000000 ) ) ;
#1654 = ORIENTED_EDGE ( 'NONE', *, *, #844, .F. ) ;
#1655 = VERTEX_POINT ( 'NONE', #714 ) ;
#1656 = DIRECTION ( 'NONE',  ( -1.000000000000000000, 0.000000000000000000, 0.000000000000000000 ) ) ;
#1657 = ORIENTED_EDGE ( 'NONE', *, *, #1328, .T. ) ;
#1658 = LINE ( 'NONE', #2899, #2214 ) ;
#1659 = LINE ( 'NONE', #2656, #1937 ) ;
#1660 = ORIENTED_EDGE ( 'NONE', *, *, #26, .T. ) ;
#1661 = PLANE ( 'NONE',  #2932 ) ;
#1662 = DIRECTION ( 'NONE',  ( -2.312964634635743450E-16, -1.000000000000000000, -0.000000000000000000 ) ) ;
#1663 = CYLINDRICAL_SURFACE ( 'NONE', #1372, 1.199999999999999734 ) ;
#1664 = LINE ( 'NONE', #2300, #1840 ) ;
#1665 = EDGE_CURVE ( 'NONE', #1614, #235, #2235, .T. ) ;
#1666 = EDGE_CURVE ( 'NONE', #1859, #94, #1988, .T. ) ;
#1667 = CARTESIAN_POINT ( 'NONE',  ( 24.89999999999999147, 62.99999999999998579, 0.09999999999999592548 ) ) ;
#1668 = ORIENTED_EDGE ( 'NONE', *, *, #1163, .F. ) ;
#1669 = VERTEX_POINT ( 'NONE', #1973 ) ;
#1670 = DIRECTION ( 'NONE',  ( 1.000000000000000000, -9.637352644315594010E-17, 0.000000000000000000 ) ) ;
#1671 = ORIENTED_EDGE ( 'NONE', *, *, #2113, .T. ) ;
#1672 = LINE ( 'NONE', #657, #1631 ) ;
#1673 = DIRECTION ( 'NONE',  ( 1.000000000000000000, -0.000000000000000000, -0.000000000000000000 ) ) ;
#1674 = DIRECTION ( 'NONE',  ( 0.000000000000000000, 1.000000000000000000, -0.000000000000000000 ) ) ;
#1675 = CARTESIAN_POINT ( 'NONE',  ( 11.89999999999999325, 56.99999999999999289, 13.00000000000000178 ) ) ;
#1676 = VERTEX_POINT ( 'NONE', #2708 ) ;
#1677 = CARTESIAN_POINT ( 'NONE',  ( 59.73256969328395627, 65.00000000000004263, 20.00000000000000000 ) ) ;
#1678 = VECTOR ( 'NONE', #808, 1000.000000000000000 ) ;
#1679 = DIRECTION ( 'NONE',  ( -3.455753102189216147E-16, -1.000000000000000000, -0.000000000000000000 ) ) ;
#1680 = VECTOR ( 'NONE', #773, 1000.000000000000000 ) ;
#1681 = EDGE_CURVE ( 'NONE', #2590, #2200, #1004, .T. ) ;
#1682 = FACE_OUTER_BOUND ( 'NONE', #2858, .T. ) ;
#1683 = AXIS2_PLACEMENT_3D ( 'NONE', #2579, #3013, #1549 ) ;
#1684 = CARTESIAN_POINT ( 'NONE',  ( 26.45751311064591960, 169.1613620457430045, 9.142135623730975880 ) ) ;
#1685 = ORIENTED_EDGE ( 'NONE', *, *, #1241, .F. ) ;
#1686 = AXIS2_PLACEMENT_3D ( 'NONE', #1917, #655, #2700 ) ;
#1687 = ORIENTED_EDGE ( 'NONE', *, *, #1189, .F. ) ;
#1688 = EDGE_CURVE ( 'NONE', #387, #140, #2524, .T. ) ;
#1689 = FACE_OUTER_BOUND ( 'NONE', #2537, .T. ) ;
#1690 = VECTOR ( 'NONE', #1575, 1000.000000000000000 ) ;
#1691 = ORIENTED_EDGE ( 'NONE', *, *, #455, .T. ) ;
#1692 = CIRCLE ( 'NONE', #1116, 1.199999999999999734 ) ;
#1693 = FACE_OUTER_BOUND ( 'NONE', #70, .T. ) ;
#1694 = DIRECTION ( 'NONE',  ( -1.000000000000000000, 1.185495751652216669E-16, -0.000000000000000000 ) ) ;
#1695 = VERTEX_POINT ( 'NONE', #2007 ) ;
#1696 = CARTESIAN_POINT ( 'NONE',  ( -10.00000000000000711, 61.19999999999999574, 13.00000000000000000 ) ) ;
#1697 = CARTESIAN_POINT ( 'NONE',  ( 10.69999999999999396, 20.20000000000000284, 13.00000000000000178 ) ) ;
#1698 = FACE_OUTER_BOUND ( 'NONE', #179, .T. ) ;
#1699 = FACE_OUTER_BOUND ( 'NONE', #2165, .T. ) ;
#1700 = ORIENTED_EDGE ( 'NONE', *, *, #2347, .T. ) ;
#1701 = ORIENTED_EDGE ( 'NONE', *, *, #2822, .T. ) ;
#1702 = DIRECTION ( 'NONE',  ( -1.095614826932720471E-16, 1.000000000000000000, 0.000000000000000000 ) ) ;
#1703 = EDGE_CURVE ( 'NONE', #2019, #2998, #776, .T. ) ;
#1704 = ORIENTED_EDGE ( 'NONE', *, *, #2208, .F. ) ;
#1705 = CARTESIAN_POINT ( 'NONE',  ( -2.784273260121282142E-14, 195.5718707561279643, 12.92893218813446410 ) ) ;
#1706 = CARTESIAN_POINT ( 'NONE',  ( 34.42220510185597959, 37.00506482483916670, 2.000000000000007994 ) ) ;
#1707 = EDGE_LOOP ( 'NONE', ( #1028, #2663, #100, #242 ) ) ;
#1708 = FACE_OUTER_BOUND ( 'NONE', #341, .T. ) ;
#1709 = DIRECTION ( 'NONE',  ( -1.000000000000000000, -1.095614826932720471E-16, 0.000000000000000000 ) ) ;
#1710 = DIRECTION ( 'NONE',  ( -2.081668171172168513E-16, -1.000000000000000000, 0.000000000000000000 ) ) ;
#1711 = CARTESIAN_POINT ( 'NONE',  ( -12.30000000000000604, 56.99999999999999289, 13.00000000000000178 ) ) ;
#1712 = VERTEX_POINT ( 'NONE', #202 ) ;
#1713 = VERTEX_POINT ( 'NONE', #472 ) ;
#1714 = DIRECTION ( 'NONE',  ( 0.000000000000000000, 0.000000000000000000, 1.000000000000000000 ) ) ;
#1715 = VERTEX_POINT ( 'NONE', #986 ) ;
#1716 = CARTESIAN_POINT ( 'NONE',  ( 15.60000000000000142, 116.7011190876420699, -5.000000000000000000 ) ) ;
#1717 = LINE ( 'NONE', #1771, #1313 ) ;
#1718 = CARTESIAN_POINT ( 'NONE',  ( -59.78434077513685452, 65.02659682051326229, -4.999964630394374332 ) ) ;
#1719 = VERTEX_POINT ( 'NONE', #3212 ) ;
#1720 = CARTESIAN_POINT ( 'NONE',  ( -12.30000000000000604, 20.20000000000000284, 13.00000000000000178 ) ) ;
#1721 = ADVANCED_FACE ( 'NONE', ( #1741 ), #728, .T. ) ;
#1722 = EDGE_CURVE ( 'NONE', #147, #449, #1759, .T. ) ;
#1723 = CARTESIAN_POINT ( 'NONE',  ( -23.52858092251139865, 74.56145157584924732, 12.92893218813448541 ) ) ;
#1724 = DIRECTION ( 'NONE',  ( 1.000000000000000000, 0.000000000000000000, 0.000000000000000000 ) ) ;
#1725 = AXIS2_PLACEMENT_3D ( 'NONE', #930, #1818, #2817 ) ;
#1726 = CARTESIAN_POINT ( 'NONE',  ( 15.59999999999999432, 59.99999999999999289, -2.400000000000003020 ) ) ;
#1727 = AXIS2_PLACEMENT_3D ( 'NONE', #2080, #3042, #3008 ) ;
#1728 = LINE ( 'NONE', #1255, #2928 ) ;
#1729 = ORIENTED_EDGE ( 'NONE', *, *, #2902, .T. ) ;
#1730 = EDGE_LOOP ( 'NONE', ( #2901, #1918 ) ) ;
#1731 = COLOUR_RGB ( '',0.7921568627450980005, 0.8196078431372548767, 0.9333333333333333481 ) ;
#1732 = DIRECTION ( 'NONE',  ( 1.000000000000000000, 0.000000000000000000, 0.000000000000000000 ) ) ;
#1733 = VECTOR ( 'NONE', #2033, 1000.000000000000000 ) ;
#1734 = ORIENTED_EDGE ( 'NONE', *, *, #1808, .F. ) ;
#1735 = DIRECTION ( 'NONE',  ( 0.000000000000000000, 0.000000000000000000, 1.000000000000000000 ) ) ;
#1736 = PLANE ( 'NONE',  #741 ) ;
#1737 = CARTESIAN_POINT ( 'NONE',  ( 20.00000000000000711, 121.7011190876420557, 3.000000000000000000 ) ) ;
#1738 = PRODUCT_RELATED_PRODUCT_CATEGORY ( 'part', '', ( #3068 ) ) ;
#1739 = VECTOR ( 'NONE', #698, 1000.000000000000000 ) ;
#1740 = ORIENTED_EDGE ( 'NONE', *, *, #3026, .T. ) ;
#1741 = FACE_OUTER_BOUND ( 'NONE', #2542, .T. ) ;
#1742 = DIRECTION ( 'NONE',  ( -1.000000000000000000, 3.469446951953614189E-16, 0.000000000000000000 ) ) ;
#1743 = FACE_OUTER_BOUND ( 'NONE', #1399, .T. ) ;
#1744 =( GEOMETRIC_REPRESENTATION_CONTEXT ( 3 ) GLOBAL_UNCERTAINTY_ASSIGNED_CONTEXT ( ( #1486 ) ) GLOBAL_UNIT_ASSIGNED_CONTEXT ( ( #197, #2737, #772 ) ) REPRESENTATION_CONTEXT ( 'NONE', 'WORKASPACE' ) );
#1745 = CARTESIAN_POINT ( 'NONE',  ( 11.89999999999999325, 20.20000000000000284, 13.00000000000000178 ) ) ;
#1746 = EDGE_CURVE ( 'NONE', #837, #2054, #3198, .T. ) ;
#1747 = EDGE_CURVE ( 'NONE', #1355, #3032, #2314, .T. ) ;
#1748 = CARTESIAN_POINT ( 'NONE',  ( 23.52858092251139155, 74.56145157584924732, 2.071067811865484831 ) ) ;
#1749 = DIRECTION ( 'NONE',  ( 0.000000000000000000, -0.000000000000000000, -1.000000000000000000 ) ) ;
#1750 = EDGE_CURVE ( 'NONE', #1833, #755, #3228, .T. ) ;
#1751 = ORIENTED_EDGE ( 'NONE', *, *, #1626, .T. ) ;
#1752 = CARTESIAN_POINT ( 'NONE',  ( 0.000000000000000000, -19.99999999999999645, 0.000000000000000000 ) ) ;
#1753 = ORIENTED_EDGE ( 'NONE', *, *, #3049, .F. ) ;
#1754 = CARTESIAN_POINT ( 'NONE',  ( 15.59999999999999076, 25.00506482483916315, 11.00000000000000000 ) ) ;
#1755 = DIRECTION ( 'NONE',  ( -3.346007010100586627E-16, -1.000000000000000000, 0.000000000000000000 ) ) ;
#1756 = DIRECTION ( 'NONE',  ( -0.000000000000000000, -0.000000000000000000, -1.000000000000000000 ) ) ;
#1757 = CARTESIAN_POINT ( 'NONE',  ( 9.999999999999992895, 61.20000000000000284, 13.00000000000000000 ) ) ;
#1758 = ORIENTED_EDGE ( 'NONE', *, *, #1241, .T. ) ;
#1759 = LINE ( 'NONE', #488, #3098 ) ;
#1760 = CARTESIAN_POINT ( 'NONE',  ( -25.29058100963128908, 169.5589411234024055, 3.833067898985340616 ) ) ;
#1761 = LINE ( 'NONE', #2535, #737 ) ;
#1762 = ORIENTED_EDGE ( 'NONE', *, *, #88, .T. ) ;
#1763 = CARTESIAN_POINT ( 'NONE',  ( 34.42220510185597959, 37.00506482483916670, 2.000000000000007994 ) ) ;
#1764 =( BOUNDED_CURVE ( )  B_SPLINE_CURVE ( 3, ( #2301, #2350, #1336, #350 ),
 .UNSPECIFIED., .F., .F. ) 
 B_SPLINE_CURVE_WITH_KNOTS ( ( 4, 4 ),
 ( -8.881784197001252323E-16, 1.369810062861903877 ),
 .UNSPECIFIED. ) 
 CURVE ( )  GEOMETRIC_REPRESENTATION_ITEM ( )  RATIONAL_B_SPLINE_CURVE ( ( 1.000000000000000000, 0.8496527517667821217, 0.8496527517667821217, 1.000000000000000000 ) ) 
 REPRESENTATION_ITEM ( '' )  );
#1765 = LINE ( 'NONE', #548, #2355 ) ;
#1766 = EDGE_LOOP ( 'NONE', ( #1083, #1150, #2492, #1104, #566, #54 ) ) ;
#1767 = CARTESIAN_POINT ( 'NONE',  ( 0.000000000000000000, 200.0000000000000000, 5.857864376268992146 ) ) ;
#1768 = ADVANCED_FACE ( 'NONE', ( #2954 ), #2608, .F. ) ;
#1769 = ORIENTED_EDGE ( 'NONE', *, *, #2507, .F. ) ;
#1770 = DIRECTION ( 'NONE',  ( 1.000000000000000000, 0.000000000000000000, 1.734723475976808080E-16 ) ) ;
#1771 = CARTESIAN_POINT ( 'NONE',  ( -15.60000000000001386, -14.99493517516083152, 145.3413857930792688 ) ) ;
#1772 = CARTESIAN_POINT ( 'NONE',  ( 2.116648775090894697E-14, 60.00000000000000000, -3.697785493223495465E-31 ) ) ;
#1773 = ORIENTED_EDGE ( 'NONE', *, *, #2030, .T. ) ;
#1774 = CARTESIAN_POINT ( 'NONE',  ( 18.00000000000002842, -19.99999999999999645, 13.00000000000000000 ) ) ;
#1775 = DIRECTION ( 'NONE',  ( 1.000000000000000000, 0.000000000000000000, 0.000000000000000000 ) ) ;
#1776 = DIRECTION ( 'NONE',  ( 1.000000000000000000, -1.185495751652216669E-16, 0.000000000000000000 ) ) ;
#1777 = LINE ( 'NONE', #2774, #1306 ) ;
#1778 = AXIS2_PLACEMENT_3D ( 'NONE', #1675, #1452, #1465 ) ;
#1779 = CARTESIAN_POINT ( 'NONE',  ( 19.16877253995621899, 73.22592390994351774, -2.288740570689661524 ) ) ;
#1780 = CARTESIAN_POINT ( 'NONE',  ( -10.00000000000000711, 61.19999999999999574, 11.00000000000000000 ) ) ;
#1781 = ORIENTED_EDGE ( 'NONE', *, *, #2880, .F. ) ;
#1782 =( BOUNDED_CURVE ( )  B_SPLINE_CURVE ( 3, ( #1871, #2841, #592, #78 ),
 .UNSPECIFIED., .F., .F. ) 
 B_SPLINE_CURVE_WITH_KNOTS ( ( 4, 4 ),
 ( 6.016817709215402488, 6.141288252575423101 ),
 .UNSPECIFIED. ) 
 CURVE ( )  GEOMETRIC_REPRESENTATION_ITEM ( )  RATIONAL_B_SPLINE_CURVE ( ( 1.000000000000000000, 0.9987093403187072838, 0.9987093403187072838, 1.000000000000000000 ) ) 
 REPRESENTATION_ITEM ( '' )  );
#1783 = CARTESIAN_POINT ( 'NONE',  ( 20.00000000000002842, 60.00000000000005684, 13.00000000000000000 ) ) ;
#1784 = VECTOR ( 'NONE', #580, 1000.000000000000000 ) ;
#1785 = EDGE_CURVE ( 'NONE', #598, #2229, #2373, .T. ) ;
#1786 = VECTOR ( 'NONE', #1468, 1000.000000000000000 ) ;
#1787 = ORIENTED_EDGE ( 'NONE', *, *, #380, .F. ) ;
#1788 = ADVANCED_FACE ( 'NONE', ( #134 ), #2387, .F. ) ;
#1789 = DIRECTION ( 'NONE',  ( -3.346007010100586134E-16, -1.000000000000000000, -0.000000000000000000 ) ) ;
#1790 = AXIS2_PLACEMENT_3D ( 'NONE', #2967, #269, #2220 ) ;
#1791 = LINE ( 'NONE', #1532, #1623 ) ;
#1792 = ORIENTED_EDGE ( 'NONE', *, *, #327, .F. ) ;
#1793 = VECTOR ( 'NONE', #1056, 1000.000000000000000 ) ;
#1794 = LINE ( 'NONE', #2548, #2735 ) ;
#1795 = EDGE_LOOP ( 'NONE', ( #2131, #921, #1507, #1751 ) ) ;
#1796 = AXIS2_PLACEMENT_3D ( 'NONE', #1070, #3034, #2361 ) ;
#1797 = VERTEX_POINT ( 'NONE', #2879 ) ;
#1798 = FACE_BOUND ( 'NONE', #1640, .T. ) ;
#1799 = LINE ( 'NONE', #1039, #1784 ) ;
#1800 = ORIENTED_EDGE ( 'NONE', *, *, #2849, .T. ) ;
#1801 = CARTESIAN_POINT ( 'NONE',  ( 20.00000000000002487, 2.602085213965213797E-15, 15.00000000000000000 ) ) ;
#1802 = ORIENTED_EDGE ( 'NONE', *, *, #1904, .F. ) ;
#1803 = FACE_OUTER_BOUND ( 'NONE', #3192, .T. ) ;
#1804 = EDGE_CURVE ( 'NONE', #954, #647, #2533, .T. ) ;
#1805 = DIRECTION ( 'NONE',  ( 0.8894855250124434898, -0.4569633473193858153, 0.000000000000000000 ) ) ;
#1806 = ORIENTED_EDGE ( 'NONE', *, *, #259, .F. ) ;
#1807 = CARTESIAN_POINT ( 'NONE',  ( 2.255140518769849223E-14, 65.00000000000000000, 5.000000000000000888 ) ) ;
#1808 = EDGE_CURVE ( 'NONE', #2330, #3105, #2100, .T. ) ;
#1809 = ORIENTED_EDGE ( 'NONE', *, *, #498, .T. ) ;
#1810 = ORIENTED_EDGE ( 'NONE', *, *, #984, .F. ) ;
#1811 = LINE ( 'NONE', #1558, #1211 ) ;
#1812 = DIRECTION ( 'NONE',  ( -3.346007010100586627E-16, -1.000000000000000000, 0.000000000000000000 ) ) ;
#1813 = CARTESIAN_POINT ( 'NONE',  ( -12.30000000000000604, 56.99999999999999289, 13.00000000000000178 ) ) ;
#1814 = ORIENTED_EDGE ( 'NONE', *, *, #981, .F. ) ;
#1815 = FACE_BOUND ( 'NONE', #876, .T. ) ;
#1816 = ORIENTED_EDGE ( 'NONE', *, *, #942, .T. ) ;
#1817 = EDGE_LOOP ( 'NONE', ( #2305, #333, #760, #352 ) ) ;
#1818 = DIRECTION ( 'NONE',  ( -0.5303300858899094861, 0.4677071733467416670, -0.7071067811865491270 ) ) ;
#1819 = ORIENTED_EDGE ( 'NONE', *, *, #515, .T. ) ;
#1820 = ADVANCED_FACE ( 'NONE', ( #1145 ), #1642, .F. ) ;
#1821 = CARTESIAN_POINT ( 'NONE',  ( 23.70000000000001705, 62.99999999999998579, 14.90000000000000036 ) ) ;
#1822 = FACE_OUTER_BOUND ( 'NONE', #2594, .T. ) ;
#1823 = ORIENTED_EDGE ( 'NONE', *, *, #3071, .T. ) ;
#1824 = ADVANCED_FACE ( 'NONE', ( #372 ), #857, .T. ) ;
#1825 = EDGE_CURVE ( 'NONE', #1444, #2378, #2341, .T. ) ;
#1826 = CARTESIAN_POINT ( 'NONE',  ( -59.74982674600051524, 65.00886561990331813, -4.999999999999999112 ) ) ;
#1827 = LINE ( 'NONE', #1618, #373 ) ;
#1828 = DIRECTION ( 'NONE',  ( 1.000000000000000000, -3.455753102189215654E-16, 0.000000000000000000 ) ) ;
#1829 = VERTEX_POINT ( 'NONE', #149 ) ;
#1830 = CARTESIAN_POINT ( 'NONE',  ( 18.00000000000002842, 63.00000000000000000, 15.00000000000000000 ) ) ;
#1831 = CIRCLE ( 'NONE', #1778, 1.199999999999999734 ) ;
#1832 = VERTEX_POINT ( 'NONE', #3139 ) ;
#1833 = VERTEX_POINT ( 'NONE', #285 ) ;
#1834 = VECTOR ( 'NONE', #1234, 1000.000000000000000 ) ;
#1835 = CARTESIAN_POINT ( 'NONE',  ( -17.99999999999997513, 60.00000000000005684, 0.000000000000000000 ) ) ;
#1836 = DIRECTION ( 'NONE',  ( -0.5303300858899117065, 0.4677071733467437209, 0.7071067811865460184 ) ) ;
#1837 = LINE ( 'NONE', #2875, #3134 ) ;
#1838 = AXIS2_PLACEMENT_3D ( 'NONE', #2786, #2232, #2279 ) ;
#1839 = ORIENTED_EDGE ( 'NONE', *, *, #1926, .T. ) ;
#1840 = VECTOR ( 'NONE', #1024, 1000.000000000000000 ) ;
#1841 = CARTESIAN_POINT ( 'NONE',  ( 2.255140518769849223E-14, 65.00000000000000000, 10.00000000000000000 ) ) ;
#1842 = FACE_OUTER_BOUND ( 'NONE', #2576, .T. ) ;
#1843 = DIRECTION ( 'NONE',  ( 1.734723475976801671E-16, -4.012354050806730595E-32, -1.000000000000000000 ) ) ;
#1844 = ORIENTED_EDGE ( 'NONE', *, *, #1182, .T. ) ;
#1845 = DIRECTION ( 'NONE',  ( -1.273953278986993364E-16, -1.000000000000000000, 0.000000000000000000 ) ) ;
#1846 = VECTOR ( 'NONE', #1963, 1000.000000000000000 ) ;
#1847 = EDGE_CURVE ( 'NONE', #1459, #806, #1598, .T. ) ;
#1848 = VECTOR ( 'NONE', #238, 1000.000000000000000 ) ;
#1849 = ORIENTED_EDGE ( 'NONE', *, *, #584, .F. ) ;
#1850 = FACE_OUTER_BOUND ( 'NONE', #2428, .T. ) ;
#1851 = EDGE_CURVE ( 'NONE', #119, #2962, #522, .T. ) ;
#1852 = ORIENTED_EDGE ( 'NONE', *, *, #1171, .T. ) ;
#1853 = VERTEX_POINT ( 'NONE', #2133 ) ;
#1854 = DIRECTION ( 'NONE',  ( 1.095614826932720471E-16, -1.000000000000000000, 0.000000000000000000 ) ) ;
#1855 = ORIENTED_EDGE ( 'NONE', *, *, #1688, .T. ) ;
#1856 = CARTESIAN_POINT ( 'NONE',  ( -17.99999999999998579, -19.99999999999999645, 13.00000000000000000 ) ) ;
#1857 = LINE ( 'NONE', #1364, #2574 ) ;
#1858 = CARTESIAN_POINT ( 'NONE',  ( 17.50000000000002132, 162.7011190876420983, 0.000000000000000000 ) ) ;
#1859 = VERTEX_POINT ( 'NONE', #3125 ) ;
#1860 = FACE_OUTER_BOUND ( 'NONE', #2651, .T. ) ;
#1861 = EDGE_CURVE ( 'NONE', #414, #2326, #2282, .T. ) ;
#1862 = CARTESIAN_POINT ( 'NONE',  ( 2.116648775090894697E-14, 60.00000000000000000, -5.000000000000000000 ) ) ;
#1863 = EDGE_LOOP ( 'NONE', ( #1475, #1954, #3001, #2196 ) ) ;
#1864 = ORIENTED_EDGE ( 'NONE', *, *, #1471, .T. ) ;
#1865 = EDGE_CURVE ( 'NONE', #1915, #2897, #2938, .T. ) ;
#1866 = EDGE_CURVE ( 'NONE', #1981, #1571, #1034, .T. ) ;
#1867 = CARTESIAN_POINT ( 'NONE',  ( 24.46115472733051988, 169.0800349408363275, 11.99635838331536952 ) ) ;
#1868 = EDGE_LOOP ( 'NONE', ( #2769, #462, #2926, #1792 ) ) ;
#1869 = LINE ( 'NONE', #2692, #802 ) ;
#1870 = FACE_OUTER_BOUND ( 'NONE', #436, .T. ) ;
#1871 = CARTESIAN_POINT ( 'NONE',  ( 24.35174463280531754, 169.3695068418699066, 3.003641616684545212 ) ) ;
#1872 = ORIENTED_EDGE ( 'NONE', *, *, #622, .T. ) ;
#1873 = LINE ( 'NONE', #441, #1531 ) ;
#1874 = DIRECTION ( 'NONE',  ( -3.455753102189216147E-16, -1.000000000000000000, -0.000000000000000000 ) ) ;
#1875 = LINE ( 'NONE', #2872, #631 ) ;
#1876 = DIRECTION ( 'NONE',  ( -0.7499999999999994449, -0.6614378277661482342, 0.000000000000000000 ) ) ;
#1877 = ORIENTED_EDGE ( 'NONE', *, *, #1665, .F. ) ;
#1878 = ORIENTED_EDGE ( 'NONE', *, *, #2551, .F. ) ;
#1879 = LINE ( 'NONE', #873, #953 ) ;
#1880 = VECTOR ( 'NONE', #3055, 1000.000000000000000 ) ;
#1881 = EDGE_CURVE ( 'NONE', #1375, #2815, #884, .T. ) ;
#1882 = EDGE_CURVE ( 'NONE', #1832, #1641, #1879, .T. ) ;
#1883 = VECTOR ( 'NONE', #16, 1000.000000000000000 ) ;
#1884 = ORIENTED_EDGE ( 'NONE', *, *, #1171, .F. ) ;
#1885 = DIRECTION ( 'NONE',  ( 1.000000000000000000, -3.455753102189215654E-16, 0.000000000000000000 ) ) ;
#1886 = CIRCLE ( 'NONE', #1106, 10.00000000000000000 ) ;
#1887 = CARTESIAN_POINT ( 'NONE',  ( 15.60000000000000497, 152.0564581469694474, -1.500000000000000444 ) ) ;
#1888 = APPLICATION_CONTEXT ( 'automotive_design' ) ;
#1889 = ORIENTED_EDGE ( 'NONE', *, *, #2610, .F. ) ;
#1890 = CIRCLE ( 'NONE', #2834, 1.199999999999999734 ) ;
#1891 = CARTESIAN_POINT ( 'NONE',  ( -18.95751311064593736, 163.3856217223385556, 20.00000000000000000 ) ) ;
#1892 = DIRECTION ( 'NONE',  ( -3.346007010100586134E-16, -1.000000000000000000, -0.000000000000000000 ) ) ;
#1893 = AXIS2_PLACEMENT_3D ( 'NONE', #1180, #2960, #1714 ) ;
#1894 = VECTOR ( 'NONE', #847, 1000.000000000000000 ) ;
#1895 = DIRECTION ( 'NONE',  ( -1.000000000000000000, 1.185495751652216669E-16, -0.000000000000000000 ) ) ;
#1896 = CARTESIAN_POINT ( 'NONE',  ( 20.00000000000002842, -19.99999999999999645, 2.000000000000000000 ) ) ;
#1897 = CARTESIAN_POINT ( 'NONE',  ( -59.78434077513685452, 65.02659682051326229, -4.999964630394374332 ) ) ;
#1898 = AXIS2_PLACEMENT_3D ( 'NONE', #271, #504, #1709 ) ;
#1899 = ORIENTED_EDGE ( 'NONE', *, *, #2129, .F. ) ;
#1900 = ORIENTED_EDGE ( 'NONE', *, *, #1388, .F. ) ;
#1901 = CARTESIAN_POINT ( 'NONE',  ( -15.00000000000000355, 0.000000000000000000, 11.00000000000000000 ) ) ;
#1902 = VECTOR ( 'NONE', #619, 1000.000000000000000 ) ;
#1903 = ORIENTED_EDGE ( 'NONE', *, *, #947, .F. ) ;
#1904 = EDGE_CURVE ( 'NONE', #545, #2808, #601, .T. ) ;
#1905 = CARTESIAN_POINT ( 'NONE',  ( 26.00677561912520375, 75.00000000000001421, 10.00000000000000000 ) ) ;
#1906 = PLANE ( 'NONE',  #2828 ) ;
#1907 = ORIENTED_EDGE ( 'NONE', *, *, #2286, .F. ) ;
#1908 = PRODUCT_DEFINITION_CONTEXT ( 'detailed design', #870, 'design' ) ;
#1909 = LINE ( 'NONE', #3117, #897 ) ;
#1910 = EDGE_CURVE ( 'NONE', #2419, #2386, #1562, .T. ) ;
#1911 = EDGE_CURVE ( 'NONE', #918, #1193, #3111, .T. ) ;
#1912 = LINE ( 'NONE', #2937, #1739 ) ;
#1913 = LINE ( 'NONE', #916, #328 ) ;
#1914 = CARTESIAN_POINT ( 'NONE',  ( -15.59999999999999787, 116.7011190876420699, -5.000000000000000000 ) ) ;
#1915 = VERTEX_POINT ( 'NONE', #1161 ) ;
#1916 = ORIENTED_EDGE ( 'NONE', *, *, #2464, .F. ) ;
#1917 = CARTESIAN_POINT ( 'NONE',  ( -17.99999999999998579, 60.00000000000005684, 13.00000000000000000 ) ) ;
#1918 = ORIENTED_EDGE ( 'NONE', *, *, #649, .T. ) ;
#1919 = LINE ( 'NONE', #170, #2996 ) ;
#1920 = DIRECTION ( 'NONE',  ( -0.000000000000000000, -1.000000000000000000, -0.000000000000000000 ) ) ;
#1921 = CARTESIAN_POINT ( 'NONE',  ( 11.89999999999999325, 20.20000000000000284, 13.00000000000000178 ) ) ;
#1922 = ADVANCED_FACE ( 'NONE', ( #231 ), #181, .F. ) ;
#1923 = EDGE_LOOP ( 'NONE', ( #1131, #1350, #520, #708, #1758 ) ) ;
#1924 = DIRECTION ( 'NONE',  ( -0.6614378277661476790, -0.7499999999999998890, 0.000000000000000000 ) ) ;
#1925 = CARTESIAN_POINT ( 'NONE',  ( 15.59999999999999432, 63.00000000000000000, -2.400000000000003020 ) ) ;
#1926 = EDGE_CURVE ( 'NONE', #985, #387, #3174, .T. ) ;
#1927 = EDGE_CURVE ( 'NONE', #2378, #2054, #1461, .T. ) ;
#1928 = CARTESIAN_POINT ( 'NONE',  ( 20.00000000000000711, 121.7011190876420557, 3.000000000000000000 ) ) ;
#1929 = CARTESIAN_POINT ( 'NONE',  ( 25.90280624389988517, 170.6289784656927964, 5.857864376268995699 ) ) ;
#1930 = VERTEX_POINT ( 'NONE', #419 ) ;
#1931 = ORIENTED_EDGE ( 'NONE', *, *, #1594, .F. ) ;
#1932 = DIRECTION ( 'NONE',  ( 0.000000000000000000, 0.000000000000000000, -1.000000000000000000 ) ) ;
#1933 = ORIENTED_EDGE ( 'NONE', *, *, #1861, .F. ) ;
#1934 = DIRECTION ( 'NONE',  ( -0.000000000000000000, -0.000000000000000000, -1.000000000000000000 ) ) ;
#1935 = CARTESIAN_POINT ( 'NONE',  ( 24.06204153440379656, 169.6979992786193066, 3.003641616684546989 ) ) ;
#1936 = CARTESIAN_POINT ( 'NONE',  ( -63.69554477766121892, 70.87209465470370162, -4.984417409733822524 ) ) ;
#1937 = VECTOR ( 'NONE', #2916, 1000.000000000000114 ) ;
#1938 = ORIENTED_EDGE ( 'NONE', *, *, #2961, .F. ) ;
#1939 = UNCERTAINTY_MEASURE_WITH_UNIT (LENGTH_MEASURE( 1.000000000000000082E-05 ), #1361, 'distance_accuracy_value', 'NONE');
#1940 = CARTESIAN_POINT ( 'NONE',  ( 26.45751311064591960, 169.1613620457430045, 9.142135623730975880 ) ) ;
#1941 = VECTOR ( 'NONE', #1216, 1000.000000000000000 ) ;
#1942 = DIRECTION ( 'NONE',  ( -1.000000000000000000, 3.455753102189215654E-16, 6.389316844718679697E-48 ) ) ;
#1943 = VECTOR ( 'NONE', #3029, 1000.000000000000000 ) ;
#1944 = CARTESIAN_POINT ( 'NONE',  ( 11.89999999999999325, 56.99999999999999289, 13.00000000000000178 ) ) ;
#1945 = ADVANCED_FACE ( 'NONE', ( #195 ), #2401, .F. ) ;
#1946 = AXIS2_PLACEMENT_3D ( 'NONE', #3189, #2473, #463 ) ;
#1947 = CARTESIAN_POINT ( 'NONE',  ( 25.90280624389988517, 170.6289784656927964, 5.857864376268995699 ) ) ;
#1948 = EDGE_LOOP ( 'NONE', ( #2503, #2097, #2521, #2854 ) ) ;
#1949 = VECTOR ( 'NONE', #344, 1000.000000000000000 ) ;
#1950 = EDGE_LOOP ( 'NONE', ( #2193, #329 ) ) ;
#1951 = FACE_OUTER_BOUND ( 'NONE', #2917, .T. ) ;
#1952 = ADVANCED_FACE ( 'NONE', ( #2927 ), #3158, .F. ) ;
#1953 = AXIS2_PLACEMENT_3D ( 'NONE', #2592, #2325, #2635 ) ;
#1954 = ORIENTED_EDGE ( 'NONE', *, *, #356, .F. ) ;
#1955 = VECTOR ( 'NONE', #382, 1000.000000000000000 ) ;
#1956 = CARTESIAN_POINT ( 'NONE',  ( 0.000000000000000000, 0.000000000000000000, 0.000000000000000000 ) ) ;
#1957 = FACE_OUTER_BOUND ( 'NONE', #3211, .T. ) ;
#1958 = CARTESIAN_POINT ( 'NONE',  ( 15.59999999999998721, -1.849373372577456376E-15, 11.00000000000000000 ) ) ;
#1959 = VECTOR ( 'NONE', #1017, 1000.000000000000000 ) ;
#1960 = ORIENTED_EDGE ( 'NONE', *, *, #49, .T. ) ;
#1961 = DIRECTION ( 'NONE',  ( -0.000000000000000000, -1.000000000000000000, -0.000000000000000000 ) ) ;
#1962 = CARTESIAN_POINT ( 'NONE',  ( -12.30000000000000604, 20.20000000000000284, 13.00000000000000178 ) ) ;
#1963 = DIRECTION ( 'NONE',  ( 0.000000000000000000, 0.000000000000000000, -1.000000000000000000 ) ) ;
#1964 = CARTESIAN_POINT ( 'NONE',  ( 97.01897502382128380, 85.56269345580602703, 12.92893218813445699 ) ) ;
#1965 = ORIENTED_EDGE ( 'NONE', *, *, #2686, .F. ) ;
#1966 = EDGE_LOOP ( 'NONE', ( #2644, #232, #1823, #2881, #1462, #447, #1979, #1819, #2638, #1304, #1415, #1181 ) ) ;
#1967 = DIRECTION ( 'NONE',  ( -0.000000000000000000, 0.000000000000000000, 1.000000000000000000 ) ) ;
#1968 = EDGE_LOOP ( 'NONE', ( #3136, #815, #982, #2807, #2714 ) ) ;
#1969 = EDGE_CURVE ( 'NONE', #1719, #1256, #2167, .T. ) ;
#1970 = CARTESIAN_POINT ( 'NONE',  ( 23.94783676885251822, 74.68988102337304724, 2.490323658206617274 ) ) ;
#1971 = CARTESIAN_POINT ( 'NONE',  ( -66.45751311064590539, 75.00000000000002842, 5.000000000000000888 ) ) ;
#1972 = ORIENTED_EDGE ( 'NONE', *, *, #2112, .T. ) ;
#1973 = CARTESIAN_POINT ( 'NONE',  ( 16.45751311064585920, 65.00000000000000000, -5.000000000000000000 ) ) ;
#1974 = CARTESIAN_POINT ( 'NONE',  ( -16.45751311064592315, 65.00000000000001421, 20.00000000000000000 ) ) ;
#1975 = PLANE ( 'NONE',  #2935 ) ;
#1976 = CARTESIAN_POINT ( 'NONE',  ( 20.00000000000000711, 168.7011190876420983, 0.000000000000000000 ) ) ;
#1977 = DIRECTION ( 'NONE',  ( -1.000000000000000000, 0.000000000000000000, 0.000000000000000000 ) ) ;
#1978 = EDGE_LOOP ( 'NONE', ( #2156, #2965, #2023, #2637 ) ) ;
#1979 = ORIENTED_EDGE ( 'NONE', *, *, #3168, .T. ) ;
#1980 = FACE_OUTER_BOUND ( 'NONE', #40, .T. ) ;
#1981 = VERTEX_POINT ( 'NONE', #166 ) ;
#1982 = LINE ( 'NONE', #971, #63 ) ;
#1983 = EDGE_CURVE ( 'NONE', #1676, #1556, #688, .T. ) ;
#1984 = EDGE_CURVE ( 'NONE', #2913, #8, #2421, .T. ) ;
#1985 = CARTESIAN_POINT ( 'NONE',  ( -15.60000000000001208, 1.849373372577459532E-15, 11.00000000000000000 ) ) ;
#1986 = ORIENTED_EDGE ( 'NONE', *, *, #2661, .F. ) ;
#1987 = DIRECTION ( 'NONE',  ( 1.040834085586084059E-15, -1.000000000000000000, 0.000000000000000000 ) ) ;
#1988 = LINE ( 'NONE', #2480, #1054 ) ;
#1989 = DIRECTION ( 'NONE',  ( -1.185495751652216669E-16, -1.000000000000000000, 0.000000000000000000 ) ) ;
#1990 = ADVANCED_FACE ( 'NONE', ( #952 ), #2896, .F. ) ;
#1991 = ORIENTED_EDGE ( 'NONE', *, *, #766, .T. ) ;
#1992 = AXIS2_PLACEMENT_3D ( 'NONE', #774, #2495, #2058 ) ;
#1993 = DIRECTION ( 'NONE',  ( 0.000000000000000000, 1.000000000000000000, -7.228014483236695816E-17 ) ) ;
#1994 =( BOUNDED_CURVE ( )  B_SPLINE_CURVE ( 3, ( #1351, #47, #1826, #2044 ),
 .UNSPECIFIED., .F., .F. ) 
 B_SPLINE_CURVE_WITH_KNOTS ( ( 4, 4 ),
 ( 4.709729295197631060, 4.712388980384689674 ),
 .UNSPECIFIED. ) 
 CURVE ( )  GEOMETRIC_REPRESENTATION_ITEM ( )  RATIONAL_B_SPLINE_CURVE ( ( 1.000000000000000000, 0.9999994105063123584, 0.9999994105063123584, 1.000000000000000000 ) ) 
 REPRESENTATION_ITEM ( '' )  );
#1995 = VECTOR ( 'NONE', #1539, 1000.000000000000000 ) ;
#1996 = CARTESIAN_POINT ( 'NONE',  ( 15.60000000000000142, 162.7011190876420983, 0.000000000000000000 ) ) ;
#1997 = ORIENTED_EDGE ( 'NONE', *, *, #3161, .F. ) ;
#1998 = CARTESIAN_POINT ( 'NONE',  ( -24.99575342526322785, 74.94583029734592117, 11.07222336289209075 ) ) ;
#1999 = VECTOR ( 'NONE', #2741, 1000.000000000000000 ) ;
#2000 = EDGE_LOOP ( 'NONE', ( #420, #2337, #2863, #3172 ) ) ;
#2001 = VECTOR ( 'NONE', #2014, 1000.000000000000000 ) ;
#2002 = LINE ( 'NONE', #2981, #1365 ) ;
#2003 = CARTESIAN_POINT ( 'NONE',  ( -66.45751311064590539, 75.00000000000002842, 10.00000000000000000 ) ) ;
#2004 = VECTOR ( 'NONE', #650, 1000.000000000000000 ) ;
#2005 = ORIENTED_EDGE ( 'NONE', *, *, #2605, .T. ) ;
#2006 = ADVANCED_FACE ( 'NONE', ( #1689 ), #1229, .F. ) ;
#2007 = CARTESIAN_POINT ( 'NONE',  ( -26.45751311064591249, 170.0000000000000000, 5.857864376269051654 ) ) ;
#2008 = CARTESIAN_POINT ( 'NONE',  ( -59.78434077513685452, 65.02659682051326229, 19.99996463039437700 ) ) ;
#2009 = AXIS2_PLACEMENT_3D ( 'NONE', #1644, #1396, #484 ) ;
#2010 = ORIENTED_EDGE ( 'NONE', *, *, #321, .F. ) ;
#2011 = DIRECTION ( 'NONE',  ( 1.000000000000000000, 0.000000000000000000, 0.000000000000000000 ) ) ;
#2012 = ADVANCED_FACE ( 'NONE', ( #1195 ), #2665, .F. ) ;
#2013 = ADVANCED_FACE ( 'NONE', ( #969 ), #1427, .F. ) ;
#2014 = DIRECTION ( 'NONE',  ( -0.000000000000000000, -1.000000000000000000, -0.000000000000000000 ) ) ;
#2015 = CARTESIAN_POINT ( 'NONE',  ( 99.21567416492216296, 87.50000000000005684, 4.999999999999980460 ) ) ;
#2016 = ORIENTED_EDGE ( 'NONE', *, *, #433, .F. ) ;
#2017 =( BOUNDED_CURVE ( )  B_SPLINE_CURVE ( 3, ( #1971, #2963, #1936, #1718 ),
 .UNSPECIFIED., .F., .F. ) 
 B_SPLINE_CURVE_WITH_KNOTS ( ( 4, 4 ),
 ( 3.141592653589793116, 4.709729295197631060 ),
 .UNSPECIFIED. ) 
 CURVE ( )  GEOMETRIC_REPRESENTATION_ITEM ( )  RATIONAL_B_SPLINE_CURVE ( ( 1.000000000000000000, 0.8053643309151361507, 0.8053643309151361507, 1.000000000000000000 ) ) 
 REPRESENTATION_ITEM ( '' )  );
#2018 = PLANE ( 'NONE',  #1586 ) ;
#2019 = VERTEX_POINT ( 'NONE', #2194 ) ;
#2020 = DIRECTION ( 'NONE',  ( -0.000000000000000000, -0.000000000000000000, -1.000000000000000000 ) ) ;
#2021 = CARTESIAN_POINT ( 'NONE',  ( -24.90000000000000568, 63.00000000000001421, 14.90000000000000036 ) ) ;
#2022 = CARTESIAN_POINT ( 'NONE',  ( -10.00000000000000711, 61.19999999999999574, 11.00000000000000000 ) ) ;
#2023 = ORIENTED_EDGE ( 'NONE', *, *, #1446, .T. ) ;
#2024 = DIRECTION ( 'NONE',  ( -2.062256389565989386E-48, 6.900324336112527408E-64, -1.000000000000000000 ) ) ;
#2025 = CARTESIAN_POINT ( 'NONE',  ( 20.00000000000002842, -19.99999999999999645, 15.00000000000000000 ) ) ;
#2026 = EDGE_LOOP ( 'NONE', ( #1228, #162, #2949, #1557, #2547, #618 ) ) ;
#2027 = EDGE_CURVE ( 'NONE', #2943, #2109, #2729, .T. ) ;
#2028 = FACE_BOUND ( 'NONE', #2166, .T. ) ;
#2029 = ADVANCED_FACE ( 'NONE', ( #1951 ), #1478, .F. ) ;
#2030 = EDGE_CURVE ( 'NONE', #154, #1614, #482, .T. ) ;
#2031 = CARTESIAN_POINT ( 'NONE',  ( -17.50000000000000000, 63.00000000000000000, -1.479114197289396697E-31 ) ) ;
#2032 = VERTEX_POINT ( 'NONE', #279 ) ;
#2033 = DIRECTION ( 'NONE',  ( 0.000000000000000000, 0.000000000000000000, 1.000000000000000000 ) ) ;
#2034 = ORIENTED_EDGE ( 'NONE', *, *, #2427, .T. ) ;
#2035 = LINE ( 'NONE', #2767, #1680 ) ;
#2036 = CARTESIAN_POINT ( 'NONE',  ( -59.78434077513685452, 65.02659682051326229, 20.00000000000000000 ) ) ;
#2037 = ORIENTED_EDGE ( 'NONE', *, *, #2422, .T. ) ;
#2038 = CARTESIAN_POINT ( 'NONE',  ( -15.59999999999998366, 121.2673150230899353, -2.400000000000003020 ) ) ;
#2039 = DIRECTION ( 'NONE',  ( -0.000000000000000000, -0.000000000000000000, -1.000000000000000000 ) ) ;
#2040 = LINE ( 'NONE', #2482, #577 ) ;
#2041 = LINE ( 'NONE', #1958, #625 ) ;
#2042 = PLANE ( 'NONE',  #2675 ) ;
#2043 = ORIENTED_EDGE ( 'NONE', *, *, #3072, .T. ) ;
#2044 = CARTESIAN_POINT ( 'NONE',  ( -59.73256969328387100, 65.00000000000001421, -5.000000000000000000 ) ) ;
#2045 = DIRECTION ( 'NONE',  ( -8.568780462757794051E-33, -7.228014483236695816E-17, -1.000000000000000000 ) ) ;
#2046 = PLANE ( 'NONE',  #3138 ) ;
#2047 = AXIS2_PLACEMENT_3D ( 'NONE', #788, #2476, #2546 ) ;
#2048 = ORIENTED_EDGE ( 'NONE', *, *, #1144, .F. ) ;
#2049 = EDGE_CURVE ( 'NONE', #281, #2943, #2543, .T. ) ;
#2050 = LINE ( 'NONE', #3060, #2411 ) ;
#2051 = LINE ( 'NONE', #3045, #120 ) ;
#2052 = AXIS2_PLACEMENT_3D ( 'NONE', #2021, #23, #2528 ) ;
#2053 = VECTOR ( 'NONE', #989, 1000.000000000000000 ) ;
#2054 = VERTEX_POINT ( 'NONE', #804 ) ;
#2055 = EDGE_CURVE ( 'NONE', #1030, #1256, #1563, .T. ) ;
#2056 = DIRECTION ( 'NONE',  ( 1.000000000000000000, 0.000000000000000000, 0.000000000000000000 ) ) ;
#2057 = VECTOR ( 'NONE', #1378, 1000.000000000000000 ) ;
#2058 = DIRECTION ( 'NONE',  ( 0.000000000000000000, 0.000000000000000000, 1.000000000000000000 ) ) ;
#2059 = ORIENTED_EDGE ( 'NONE', *, *, #1804, .T. ) ;
#2060 = VECTOR ( 'NONE', #340, 1000.000000000000000 ) ;
#2061 = CARTESIAN_POINT ( 'NONE',  ( 26.20877453999787932, 169.1622317797013295, 9.676994885402399049 ) ) ;
#2062 = CARTESIAN_POINT ( 'NONE',  ( -24.26081396954502623, 168.0626934558059986, 12.92893218813450318 ) ) ;
#2063 = AXIS2_PLACEMENT_3D ( 'NONE', #1962, #1386, #2380 ) ;
#2064 = ORIENTED_EDGE ( 'NONE', *, *, #375, .F. ) ;
#2065 = VECTOR ( 'NONE', #467, 1000.000000000000000 ) ;
#2066 = DIRECTION ( 'NONE',  ( -0.7071067811865496822, -7.747166736926547197E-17, 0.7071067811865454633 ) ) ;
#2067 = DIRECTION ( 'NONE',  ( -0.6614378277661477901, 0.7499999999999997780, 0.000000000000000000 ) ) ;
#2068 = ORIENTED_EDGE ( 'NONE', *, *, #2134, .F. ) ;
#2069 = DIRECTION ( 'NONE',  ( -1.000000000000000000, 0.000000000000000000, -0.000000000000000000 ) ) ;
#2070 = EDGE_LOOP ( 'NONE', ( #1769, #1617, #1160, #510, #1685, #2694 ) ) ;
#2071 = VERTEX_POINT ( 'NONE', #2556 ) ;
#2072 = DIRECTION ( 'NONE',  ( -1.752245935330108674E-16, 5.863027183034802441E-32, 1.000000000000000000 ) ) ;
#2073 = ADVANCED_FACE ( 'NONE', ( #2976 ), #3025, .F. ) ;
#2074 = ADVANCED_FACE ( 'NONE', ( #1980 ), #294, .T. ) ;
#2075 = ORIENTED_EDGE ( 'NONE', *, *, #477, .F. ) ;
#2076 = LINE ( 'NONE', #1052, #2942 ) ;
#2077 = CARTESIAN_POINT ( 'NONE',  ( 16.45751311064593736, 1.803109537846332333E-15, 9.142135623730975880 ) ) ;
#2078 = VERTEX_POINT ( 'NONE', #2504 ) ;
#2079 = DIRECTION ( 'NONE',  ( 0.000000000000000000, 0.000000000000000000, 1.000000000000000000 ) ) ;
#2080 = CARTESIAN_POINT ( 'NONE',  ( -24.90000000000000568, 63.00000000000001421, 14.90000000000000036 ) ) ;
#2081 = VERTEX_POINT ( 'NONE', #1305 ) ;
#2082 = CARTESIAN_POINT ( 'NONE',  ( 1.196777126472791775, 198.3388075306007750, 3.003641616684462612 ) ) ;
#2083 = ORIENTED_EDGE ( 'NONE', *, *, #515, .F. ) ;
#2084 = ORIENTED_EDGE ( 'NONE', *, *, #128, .F. ) ;
#2085 = PLANE ( 'NONE',  #2157 ) ;
#2086 = LINE ( 'NONE', #3081, #412 ) ;
#2087 = ORIENTED_EDGE ( 'NONE', *, *, #2827, .T. ) ;
#2088 = ADVANCED_FACE ( 'NONE', ( #1029 ), #2018, .T. ) ;
#2089 = DIRECTION ( 'NONE',  ( -0.000000000000000000, -1.000000000000000000, -0.000000000000000000 ) ) ;
#2090 = LINE ( 'NONE', #1602, #165 ) ;
#2091 = CARTESIAN_POINT ( 'NONE',  ( -15.59999999999999787, 162.7011190876420983, 0.000000000000000000 ) ) ;
#2092 = ORIENTED_EDGE ( 'NONE', *, *, #380, .T. ) ;
#2093 = CARTESIAN_POINT ( 'NONE',  ( 15.59999999999999076, 25.00506482483916670, 2.000000000000008882 ) ) ;
#2094 = ORIENTED_EDGE ( 'NONE', *, *, #2437, .F. ) ;
#2095 = CARTESIAN_POINT ( 'NONE',  ( -12.30000000000000604, 56.99999999999999289, 13.00000000000000178 ) ) ;
#2096 = VECTOR ( 'NONE', #2329, 1000.000000000000000 ) ;
#2097 = ORIENTED_EDGE ( 'NONE', *, *, #3006, .F. ) ;
#2098 = ORIENTED_EDGE ( 'NONE', *, *, #356, .T. ) ;
#2099 = VECTOR ( 'NONE', #55, 1000.000000000000000 ) ;
#2100 = LINE ( 'NONE', #2038, #1949 ) ;
#2101 = DIRECTION ( 'NONE',  ( -3.346007010100586627E-16, -1.000000000000000000, 0.000000000000000000 ) ) ;
#2102 = AXIS2_PLACEMENT_3D ( 'NONE', #490, #795, #300 ) ;
#2103 = ORIENTED_EDGE ( 'NONE', *, *, #1550, .T. ) ;
#2104 = VECTOR ( 'NONE', #2816, 1000.000000000000000 ) ;
#2105 = DIRECTION ( 'NONE',  ( 1.000000000000000000, -2.312964634635743450E-16, 0.000000000000000000 ) ) ;
#2106 = CARTESIAN_POINT ( 'NONE',  ( 11.89999999999999325, 56.99999999999999289, 11.00000000000000000 ) ) ;
#2107 = ADVANCED_FACE ( 'NONE', ( #258 ), #2261, .F. ) ;
#2108 = AXIS2_PLACEMENT_3D ( 'NONE', #2242, #2306, #784 ) ;
#2109 = VERTEX_POINT ( 'NONE', #2781 ) ;
#2110 = DIRECTION ( 'NONE',  ( -1.000000000000000000, 0.000000000000000000, -0.000000000000000000 ) ) ;
#2111 = VECTOR ( 'NONE', #2844, 1000.000000000000000 ) ;
#2112 = EDGE_CURVE ( 'NONE', #1571, #755, #735, .T. ) ;
#2113 = EDGE_CURVE ( 'NONE', #132, #2784, #2799, .T. ) ;
#2114 = VECTOR ( 'NONE', #1934, 1000.000000000000000 ) ;
#2115 = LINE ( 'NONE', #2604, #2060 ) ;
#2116 = VERTEX_POINT ( 'NONE', #1767 ) ;
#2117 = ORIENTED_EDGE ( 'NONE', *, *, #509, .T. ) ;
#2118 = DIRECTION ( 'NONE',  ( -1.000000000000000000, 1.185495751652216669E-16, 0.000000000000000000 ) ) ;
#2119 = ORIENTED_EDGE ( 'NONE', *, *, #2243, .F. ) ;
#2120 =( BOUNDED_CURVE ( )  B_SPLINE_CURVE ( 3, ( #626, #142, #2906, #2919 ),
 .UNSPECIFIED., .F., .F. ) 
 B_SPLINE_CURVE_WITH_KNOTS ( ( 4, 4 ),
 ( 1.570796326794896558, 1.573456011981952285 ),
 .UNSPECIFIED. ) 
 CURVE ( )  GEOMETRIC_REPRESENTATION_ITEM ( )  RATIONAL_B_SPLINE_CURVE ( ( 1.000000000000000000, 0.9999994105063123584, 0.9999994105063123584, 1.000000000000000000 ) ) 
 REPRESENTATION_ITEM ( '' )  );
#2121 = CARTESIAN_POINT ( 'NONE',  ( -12.30000000000000604, 56.99999999999999289, 13.00000000000000178 ) ) ;
#2122 = DIRECTION ( 'NONE',  ( 1.000000000000000000, 0.000000000000000000, 0.000000000000000000 ) ) ;
#2123 = DIRECTION ( 'NONE',  ( -1.000000000000000000, 0.000000000000000000, -1.734723475976801671E-16 ) ) ;
#2124 = VERTEX_POINT ( 'NONE', #2751 ) ;
#2125 = LINE ( 'NONE', #678, #368 ) ;
#2126 = CARTESIAN_POINT ( 'NONE',  ( -12.30000000000000604, 56.99999999999999289, 13.00000000000000178 ) ) ;
#2127 = EDGE_CURVE ( 'NONE', #2913, #2019, #1291, .T. ) ;
#2128 = CYLINDRICAL_SURFACE ( 'NONE', #800, 9.999999999999998224 ) ;
#2129 = EDGE_CURVE ( 'NONE', #2888, #821, #2868, .T. ) ;
#2130 = ADVANCED_FACE ( 'NONE', ( #52 ), #1509, .T. ) ;
#2131 = ORIENTED_EDGE ( 'NONE', *, *, #243, .F. ) ;
#2132 = ORIENTED_EDGE ( 'NONE', *, *, #2134, .T. ) ;
#2133 = CARTESIAN_POINT ( 'NONE',  ( -27.40000000000000568, 63.00000000000000000, -2.400000000000003020 ) ) ;
#2134 = EDGE_CURVE ( 'NONE', #1930, #1510, #2051, .T. ) ;
#2135 = CARTESIAN_POINT ( 'NONE',  ( -24.90000000000000568, 66.00000000000001421, 14.90000000000000036 ) ) ;
#2136 = ORIENTED_EDGE ( 'NONE', *, *, #1927, .T. ) ;
#2137 = CARTESIAN_POINT ( 'NONE',  ( 25.57351462126068853, 75.00000000000001421, 10.73566283914355601 ) ) ;
#2138 = LINE ( 'NONE', #1183, #2114 ) ;
#2139 = CARTESIAN_POINT ( 'NONE',  ( 15.00000000000000000, -14.99493517516083152, 0.000000000000000000 ) ) ;
#2140 = ORIENTED_EDGE ( 'NONE', *, *, #1984, .T. ) ;
#2141 = LINE ( 'NONE', #3130, #2357 ) ;
#2142 = CARTESIAN_POINT ( 'NONE',  ( 24.89999999999999147, 65.99999999999998579, 0.09999999999999592548 ) ) ;
#2143 = DIRECTION ( 'NONE',  ( -1.000000000000000000, 1.156482317317871478E-16, 0.000000000000000000 ) ) ;
#2144 = CARTESIAN_POINT ( 'NONE',  ( 9.999999999999992895, 61.20000000000000284, 11.00000000000000000 ) ) ;
#2145 = VERTEX_POINT ( 'NONE', #1077 ) ;
#2146 = EDGE_CURVE ( 'NONE', #414, #1459, #2583, .T. ) ;
#2147 = ORIENTED_EDGE ( 'NONE', *, *, #286, .F. ) ;
#2148 = DIRECTION ( 'NONE',  ( -3.346007010100586627E-16, -1.000000000000000000, 0.000000000000000000 ) ) ;
#2149 = CIRCLE ( 'NONE', #2511, 10.00000000000000000 ) ;
#2150 = VECTOR ( 'NONE', #2502, 1000.000000000000000 ) ;
#2151 = ORIENTED_EDGE ( 'NONE', *, *, #1467, .T. ) ;
#2152 = DIRECTION ( 'NONE',  ( -1.000000000000000000, 0.000000000000000000, 0.000000000000000000 ) ) ;
#2153 = DIRECTION ( 'NONE',  ( 0.000000000000000000, 1.000000000000000000, 0.000000000000000000 ) ) ;
#2154 = VECTOR ( 'NONE', #474, 1000.000000000000114 ) ;
#2155 = CARTESIAN_POINT ( 'NONE',  ( 11.89999999999999325, 20.20000000000000284, 13.00000000000000178 ) ) ;
#2156 = ORIENTED_EDGE ( 'NONE', *, *, #2689, .T. ) ;
#2157 = AXIS2_PLACEMENT_3D ( 'NONE', #838, #1836, #1293 ) ;
#2158 = CARTESIAN_POINT ( 'NONE',  ( -12.30000000000000604, 20.20000000000000284, 13.00000000000000178 ) ) ;
#2159 = CARTESIAN_POINT ( 'NONE',  ( 66.45751311064593381, 75.00000000000005684, 15.00000000000000000 ) ) ;
#2160 = AXIS2_PLACEMENT_3D ( 'NONE', #1622, #2118, #2622 ) ;
#2161 = VECTOR ( 'NONE', #716, 1000.000000000000000 ) ;
#2162 = LINE ( 'NONE', #1139, #2783 ) ;
#2163 = CARTESIAN_POINT ( 'NONE',  ( -15.60000000000001208, 1.849373372577459532E-15, 0.000000000000000000 ) ) ;
#2164 = VECTOR ( 'NONE', #2413, 1000.000000000000000 ) ;
#2165 = EDGE_LOOP ( 'NONE', ( #1997, #431, #1406, #1574 ) ) ;
#2166 = EDGE_LOOP ( 'NONE', ( #1340, #2934 ) ) ;
#2167 = LINE ( 'NONE', #720, #2415 ) ;
#2168 = ADVANCED_FACE ( 'NONE', ( #385 ), #3091, .F. ) ;
#2169 = VERTEX_POINT ( 'NONE', #1125 ) ;
#2170 = CARTESIAN_POINT ( 'NONE',  ( 24.35174463280531754, 169.3695068418699066, 3.003641616684545212 ) ) ;
#2171 = CARTESIAN_POINT ( 'NONE',  ( 18.00000000000002842, -19.99999999999999645, 2.000000000000000000 ) ) ;
#2172 = EDGE_CURVE ( 'NONE', #1915, #1576, #867, .T. ) ;
#2173 = ADVANCED_FACE ( 'NONE', ( #325 ), #835, .T. ) ;
#2174 = CARTESIAN_POINT ( 'NONE',  ( -59.73256969328389232, 65.00000000000002842, 20.00000000000000000 ) ) ;
#2175 = ORIENTED_EDGE ( 'NONE', *, *, #555, .F. ) ;
#2176 = CARTESIAN_POINT ( 'NONE',  ( 45.85968939178621895, 177.3333333333334281, 24.40217628114018567 ) ) ;
#2177 = CARTESIAN_POINT ( 'NONE',  ( -20.52790531377943495, 168.7011190876420983, 0.000000000000000000 ) ) ;
#2178 = FACE_OUTER_BOUND ( 'NONE', #551, .T. ) ;
#2179 = EDGE_LOOP ( 'NONE', ( #931, #1542 ) ) ;
#2180 = ORIENTED_EDGE ( 'NONE', *, *, #622, .F. ) ;
#2181 = DIRECTION ( 'NONE',  ( -1.000000000000000000, 0.000000000000000000, -0.000000000000000000 ) ) ;
#2182 = ORIENTED_EDGE ( 'NONE', *, *, #3065, .F. ) ;
#2183 = CARTESIAN_POINT ( 'NONE',  ( -20.00000000000000355, 71.70111908764205566, 3.000000000000000000 ) ) ;
#2184 = DIRECTION ( 'NONE',  ( -1.000000000000000000, 1.273953278986993364E-16, 0.000000000000000000 ) ) ;
#2185 = ORIENTED_EDGE ( 'NONE', *, *, #2609, .F. ) ;
#2186 = ADVANCED_FACE ( 'NONE', ( #853, #1815, #630, #83, #2370, #2351 ), #1111, .T. ) ;
#2187 = CARTESIAN_POINT ( 'NONE',  ( -13.94696193444276844, 27.14795580730834601, 15.00000000000000000 ) ) ;
#2188 = LINE ( 'NONE', #1650, #2004 ) ;
#2189 = EDGE_CURVE ( 'NONE', #2833, #281, #2732, .T. ) ;
#2190 = DIRECTION ( 'NONE',  ( 0.6614378277661476790, 0.7499999999999998890, -2.775557561562891351E-17 ) ) ;
#2191 = DIRECTION ( 'NONE',  ( -1.000000000000000000, 0.000000000000000000, 0.000000000000000000 ) ) ;
#2192 = EDGE_LOOP ( 'NONE', ( #357, #86, #534, #2895, #3028, #1209 ) ) ;
#2193 = ORIENTED_EDGE ( 'NONE', *, *, #1388, .T. ) ;
#2194 = CARTESIAN_POINT ( 'NONE',  ( -17.99999999999998579, 63.00000000000000000, 13.00000000000000000 ) ) ;
#2195 = DIRECTION ( 'NONE',  ( -0.000000000000000000, -0.000000000000000000, 1.000000000000000000 ) ) ;
#2196 = ORIENTED_EDGE ( 'NONE', *, *, #3006, .T. ) ;
#2197 = APPLICATION_PROTOCOL_DEFINITION ( 'draft international standard', 'automotive_design', 1998, #1888 ) ;
#2198 = CARTESIAN_POINT ( 'NONE',  ( -20.00000000000000355, 71.70111908764205566, 3.000000000000000000 ) ) ;
#2199 = VECTOR ( 'NONE', #146, 1000.000000000000000 ) ;
#2200 = VERTEX_POINT ( 'NONE', #1061 ) ;
#2201 = DIRECTION ( 'NONE',  ( -1.000000000000000000, 0.000000000000000000, -0.000000000000000000 ) ) ;
#2202 = CIRCLE ( 'NONE', #2102, 1.199999999999999734 ) ;
#2203 = DIRECTION ( 'NONE',  ( -0.5303300858899118175, -0.4677071733467438874, -0.7071067811865459074 ) ) ;
#2204 =( GEOMETRIC_REPRESENTATION_CONTEXT ( 3 ) GLOBAL_UNCERTAINTY_ASSIGNED_CONTEXT ( ( #1939 ) ) GLOBAL_UNIT_ASSIGNED_CONTEXT ( ( #1361, #2216, #2717 ) ) REPRESENTATION_CONTEXT ( 'NONE', 'WORKASPACE' ) );
#2205 = DIRECTION ( 'NONE',  ( -3.346007010100586134E-16, -1.000000000000000000, -0.000000000000000000 ) ) ;
#2206 = AXIS2_PLACEMENT_3D ( 'NONE', #2756, #237, #746 ) ;
#2207 = EDGE_CURVE ( 'NONE', #2654, #1327, #1389, .T. ) ;
#2208 = EDGE_CURVE ( 'NONE', #35, #965, #98, .T. ) ;
#2209 = DIRECTION ( 'NONE',  ( -0.000000000000000000, -0.000000000000000000, -1.000000000000000000 ) ) ;
#2210 = VERTEX_POINT ( 'NONE', #3061 ) ;
#2211 = AXIS2_PLACEMENT_3D ( 'NONE', #110, #817, #2110 ) ;
#2212 = VERTEX_POINT ( 'NONE', #2847 ) ;
#2213 = CARTESIAN_POINT ( 'NONE',  ( -19.99999999999997158, 60.00000000000005684, 13.00000000000000000 ) ) ;
#2214 = VECTOR ( 'NONE', #936, 1000.000000000000000 ) ;
#2215 = EDGE_LOOP ( 'NONE', ( #2117, #114, #803, #3216 ) ) ;
#2216 =( NAMED_UNIT ( * ) PLANE_ANGLE_UNIT ( ) SI_UNIT ( $, .RADIAN. ) );
#2217 = CARTESIAN_POINT ( 'NONE',  ( 59.73256969328396337, 65.00000000000004263, -5.000000000000000000 ) ) ;
#2218 = CARTESIAN_POINT ( 'NONE',  ( -17.99999999999997513, 63.00000000000000000, -1.479114197289396697E-31 ) ) ;
#2219 = ORIENTED_EDGE ( 'NONE', *, *, #2763, .F. ) ;
#2220 = DIRECTION ( 'NONE',  ( 1.000000000000000000, 0.000000000000000000, 0.000000000000000000 ) ) ;
#2221 = LINE ( 'NONE', #1035, #73 ) ;
#2222 = LINE ( 'NONE', #1544, #1481 ) ;
#2223 = CARTESIAN_POINT ( 'NONE',  ( 4.190699000851998867E-14, 121.2673150230899211, 17.39999999999999858 ) ) ;
#2224 = ORIENTED_EDGE ( 'NONE', *, *, #3009, .T. ) ;
#2225 = ORIENTED_EDGE ( 'NONE', *, *, #3027, .F. ) ;
#2226 = ADVANCED_FACE ( 'NONE', ( #2860 ), #567, .F. ) ;
#2227 = EDGE_CURVE ( 'NONE', #3188, #3067, #1637, .T. ) ;
#2228 = CARTESIAN_POINT ( 'NONE',  ( 20.00000000000002842, 60.00000000000005684, 13.00000000000000000 ) ) ;
#2229 = VERTEX_POINT ( 'NONE', #1830 ) ;
#2230 = EDGE_CURVE ( 'NONE', #2078, #2765, #2115, .T. ) ;
#2231 = LINE ( 'NONE', #2702, #228 ) ;
#2232 = DIRECTION ( 'NONE',  ( -0.000000000000000000, -0.000000000000000000, 1.000000000000000000 ) ) ;
#2233 = CARTESIAN_POINT ( 'NONE',  ( 26.09999999999999076, 62.99999999999998579, 0.09999999999999592548 ) ) ;
#2234 = ORIENTED_EDGE ( 'NONE', *, *, #498, .F. ) ;
#2235 = LINE ( 'NONE', #27, #1159 ) ;
#2236 = CARTESIAN_POINT ( 'NONE',  ( -11.10000000000000497, 20.20000000000000284, 13.00000000000000178 ) ) ;
#2237 = CARTESIAN_POINT ( 'NONE',  ( 15.60000000000001563, 121.2673150230899068, -2.400000000000003020 ) ) ;
#2238 = FACE_BOUND ( 'NONE', #2795, .T. ) ;
#2239 = PLANE ( 'NONE',  #1579 ) ;
#2240 = ORIENTED_EDGE ( 'NONE', *, *, #185, .T. ) ;
#2241 =( BOUNDED_CURVE ( )  B_SPLINE_CURVE ( 3, ( #1224, #274, #3231, #1239 ),
 .UNSPECIFIED., .F., .F. ) 
 B_SPLINE_CURVE_WITH_KNOTS ( ( 4, 4 ),
 ( 3.141592653589793116, 4.709729295197634613 ),
 .UNSPECIFIED. ) 
 CURVE ( )  GEOMETRIC_REPRESENTATION_ITEM ( )  RATIONAL_B_SPLINE_CURVE ( ( 1.000000000000000000, 0.8053643309151353735, 0.8053643309151353735, 1.000000000000000000 ) ) 
 REPRESENTATION_ITEM ( '' )  );
#2242 = CARTESIAN_POINT ( 'NONE',  ( -12.30000000000000604, 20.20000000000000284, 13.00000000000000178 ) ) ;
#2243 = EDGE_CURVE ( 'NONE', #965, #2116, #3220, .T. ) ;
#2244 = VERTEX_POINT ( 'NONE', #1593 ) ;
#2245 = LINE ( 'NONE', #2999, #3204 ) ;
#2246 = DIRECTION ( 'NONE',  ( 1.000000000000000000, -3.346007010100586627E-16, 0.000000000000000000 ) ) ;
#2247 = FACE_OUTER_BOUND ( 'NONE', #859, .T. ) ;
#2248 = ADVANCED_FACE ( 'NONE', ( #1850 ), #2128, .T. ) ;
#2249 = EDGE_CURVE ( 'NONE', #3197, #154, #681, .T. ) ;
#2250 = ORIENTED_EDGE ( 'NONE', *, *, #2647, .F. ) ;
#2251 = FACE_OUTER_BOUND ( 'NONE', #670, .T. ) ;
#2252 = CARTESIAN_POINT ( 'NONE',  ( 59.76708378345779948, 65.01773123196730353, 19.99998821012450634 ) ) ;
#2253 = CARTESIAN_POINT ( 'NONE',  ( 15.60000000000000142, 116.7011190876420699, 145.3413857930792688 ) ) ;
#2254 = CARTESIAN_POINT ( 'NONE',  ( 19.59747885941476397, 73.80779072209203662, 16.86003425123116273 ) ) ;
#2255 = VECTOR ( 'NONE', #668, 1000.000000000000000 ) ;
#2256 = LINE ( 'NONE', #240, #533 ) ;
#2257 = CIRCLE ( 'NONE', #1838, 1.199999999999999734 ) ;
#2258 = CARTESIAN_POINT ( 'NONE',  ( 14.99999999999999645, -1.910929918480489504E-15, 11.00000000000000000 ) ) ;
#2259 = VERTEX_POINT ( 'NONE', #1896 ) ;
#2260 = VECTOR ( 'NONE', #133, 1000.000000000000000 ) ;
#2261 = CYLINDRICAL_SURFACE ( 'NONE', #2108, 1.199999999999999734 ) ;
#2262 = AXIS2_PLACEMENT_3D ( 'NONE', #770, #496, #756 ) ;
#2263 = ORIENTED_EDGE ( 'NONE', *, *, #2605, .F. ) ;
#2264 = VECTOR ( 'NONE', #1491, 1000.000000000000000 ) ;
#2265 = CARTESIAN_POINT ( 'NONE',  ( -7.942803948862297394E-15, 198.4450477927503869, 11.02850421024334793 ) ) ;
#2266 = CARTESIAN_POINT ( 'NONE',  ( 23.52858092251137379, 168.8929676890319911, 2.071067811865470176 ) ) ;
#2267 = AXIS2_PLACEMENT_3D ( 'NONE', #1084, #2105, #573 ) ;
#2268 = ORIENTED_EDGE ( 'NONE', *, *, #31, .F. ) ;
#2269 = CARTESIAN_POINT ( 'NONE',  ( 24.90000000000001634, 65.99999999999998579, 14.90000000000000036 ) ) ;
#2270 = ADVANCED_FACE ( 'NONE', ( #944 ), #2447, .T. ) ;
#2271 = ADVANCED_FACE ( 'NONE', ( #1698 ), #143, .T. ) ;
#2272 = CYLINDRICAL_SURFACE ( 'NONE', #2474, 1.199999999999999734 ) ;
#2273 = ORIENTED_EDGE ( 'NONE', *, *, #1085, .T. ) ;
#2274 = FACE_BOUND ( 'NONE', #2433, .T. ) ;
#2275 = LINE ( 'NONE', #2589, #895 ) ;
#2276 = VERTEX_POINT ( 'NONE', #191 ) ;
#2277 = CARTESIAN_POINT ( 'NONE',  ( -25.55931032189044316, 75.00000000000000000, 10.00000000000000000 ) ) ;
#2278 = ORIENTED_EDGE ( 'NONE', *, *, #998, .T. ) ;
#2279 = DIRECTION ( 'NONE',  ( -1.000000000000000000, 0.000000000000000000, 0.000000000000000000 ) ) ;
#2280 = CARTESIAN_POINT ( 'NONE',  ( -59.78434077513685452, 65.02659682051326229, 19.99996463039437700 ) ) ;
#2281 = ORIENTED_EDGE ( 'NONE', *, *, #2049, .F. ) ;
#2282 = LINE ( 'NONE', #1537, #2467 ) ;
#2283 = CARTESIAN_POINT ( 'NONE',  ( -15.60000000000000497, 63.00000000000000000, -1.499999999999999556 ) ) ;
#2284 = CARTESIAN_POINT ( 'NONE',  ( -19.24082712017161256, -0.2031466975649998674, 11.00000000000000000 ) ) ;
#2285 = CARTESIAN_POINT ( 'NONE',  ( -19.99999999999997158, -19.99999999999999645, 13.00000000000000000 ) ) ;
#2286 = EDGE_CURVE ( 'NONE', #2525, #1713, #1913, .T. ) ;
#2287 = ORIENTED_EDGE ( 'NONE', *, *, #144, .F. ) ;
#2288 = DIRECTION ( 'NONE',  ( 1.000000000000000000, 0.000000000000000000, 0.000000000000000000 ) ) ;
#2289 = CARTESIAN_POINT ( 'NONE',  ( -25.55931032189044316, 75.00000000000000000, 10.00000000000000000 ) ) ;
#2290 = EDGE_CURVE ( 'NONE', #743, #1290, #2956, .T. ) ;
#2291 = ORIENTED_EDGE ( 'NONE', *, *, #2189, .T. ) ;
#2292 = CARTESIAN_POINT ( 'NONE',  ( 2.123068260032543196E-14, 63.00000000000000000, 13.00000000000000000 ) ) ;
#2293 = ORIENTED_EDGE ( 'NONE', *, *, #1847, .F. ) ;
#2294 = CARTESIAN_POINT ( 'NONE',  ( -25.42900890040251838, 169.6112619481876322, 11.02850421024338523 ) ) ;
#2295 = ORIENTED_EDGE ( 'NONE', *, *, #910, .T. ) ;
#2296 = LINE ( 'NONE', #1333, #331 ) ;
#2297 = DIRECTION ( 'NONE',  ( -1.185495751652216669E-16, -1.000000000000000000, 0.000000000000000000 ) ) ;
#2298 = CARTESIAN_POINT ( 'NONE',  ( -17.49999999999998934, 162.7011190876420983, 0.000000000000000000 ) ) ;
#2299 = EDGE_LOOP ( 'NONE', ( #1079, #2278, #1009, #3085 ) ) ;
#2300 = CARTESIAN_POINT ( 'NONE',  ( -27.40000000000000568, 60.00000000000000711, 0.000000000000000000 ) ) ;
#2301 = CARTESIAN_POINT ( 'NONE',  ( -16.45751311064586631, 65.00000000000000000, -5.000000000000000000 ) ) ;
#2302 = EDGE_CURVE ( 'NONE', #1695, #2116, #411, .T. ) ;
#2303 = CARTESIAN_POINT ( 'NONE',  ( -26.10000000000000497, 63.00000000000001421, 0.09999999999999736877 ) ) ;
#2304 = VECTOR ( 'NONE', #1756, 1000.000000000000000 ) ;
#2305 = ORIENTED_EDGE ( 'NONE', *, *, #2809, .T. ) ;
#2306 = DIRECTION ( 'NONE',  ( -0.000000000000000000, -0.000000000000000000, -1.000000000000000000 ) ) ;
#2307 = EDGE_CURVE ( 'NONE', #786, #1719, #2907, .T. ) ;
#2308 = AXIS2_PLACEMENT_3D ( 'NONE', #2332, #3070, #2820 ) ;
#2309 = ADVANCED_FACE ( 'NONE', ( #651 ), #1155, .T. ) ;
#2310 = ORIENTED_EDGE ( 'NONE', *, *, #2172, .F. ) ;
#2311 = AXIS2_PLACEMENT_3D ( 'NONE', #689, #2195, #706 ) ;
#2312 = ORIENTED_EDGE ( 'NONE', *, *, #497, .T. ) ;
#2313 = DIRECTION ( 'NONE',  ( 0.000000000000000000, 0.000000000000000000, -1.000000000000000000 ) ) ;
#2314 = CIRCLE ( 'NONE', #2206, 1.199999999999999734 ) ;
#2315 = LINE ( 'NONE', #1310, #1097 ) ;
#2316 = ORIENTED_EDGE ( 'NONE', *, *, #724, .T. ) ;
#2317 = PLANE ( 'NONE',  #1796 ) ;
#2318 = PLANE ( 'NONE',  #1048 ) ;
#2319 = DIRECTION ( 'NONE',  ( -1.095614826932720471E-16, 1.000000000000000000, -1.025650794761505805E-32 ) ) ;
#2320 = VECTOR ( 'NONE', #1662, 1000.000000000000000 ) ;
#2321 = ORIENTED_EDGE ( 'NONE', *, *, #1666, .T. ) ;
#2322 = DIRECTION ( 'NONE',  ( -1.095614826932720471E-16, 1.000000000000000000, 0.000000000000000000 ) ) ;
#2323 = CARTESIAN_POINT ( 'NONE',  ( 18.00000000000002842, 60.00000000000005684, 2.000000000000000000 ) ) ;
#2324 = ORIENTED_EDGE ( 'NONE', *, *, #1785, .F. ) ;
#2325 = DIRECTION ( 'NONE',  ( -3.346007010100586627E-16, -1.000000000000000000, 0.000000000000000000 ) ) ;
#2326 = VERTEX_POINT ( 'NONE', #1441 ) ;
#2327 = ADVANCED_FACE ( 'NONE', ( #1682 ), #2940, .T. ) ;
#2328 = VERTEX_POINT ( 'NONE', #2711 ) ;
#2329 = DIRECTION ( 'NONE',  ( 1.734723475976807094E-15, -0.000000000000000000, 1.000000000000000000 ) ) ;
#2330 = VERTEX_POINT ( 'NONE', #2682 ) ;
#2331 = CARTESIAN_POINT ( 'NONE',  ( 25.25165883456729787, 169.1190262111984737, 11.13275529053682611 ) ) ;
#2332 = CARTESIAN_POINT ( 'NONE',  ( 15.59999999999998543, -14.99493517516083152, 145.3413857930792688 ) ) ;
#2333 = DIRECTION ( 'NONE',  ( -1.000000000000000000, 0.000000000000000000, -0.000000000000000000 ) ) ;
#2334 = ORIENTED_EDGE ( 'NONE', *, *, #1808, .T. ) ;
#2335 = LINE ( 'NONE', #2825, #955 ) ;
#2336 = LINE ( 'NONE', #2031, #3039 ) ;
#2337 = ORIENTED_EDGE ( 'NONE', *, *, #3009, .F. ) ;
#2338 = DIRECTION ( 'NONE',  ( -1.000000000000000000, 0.000000000000000000, 0.000000000000000000 ) ) ;
#2339 = ORIENTED_EDGE ( 'NONE', *, *, #850, .T. ) ;
#2340 = ORIENTED_EDGE ( 'NONE', *, *, #1189, .T. ) ;
#2341 = LINE ( 'NONE', #1901, #900 ) ;
#2342 = DIRECTION ( 'NONE',  ( -1.000000000000000000, 0.000000000000000000, 0.000000000000000000 ) ) ;
#2343 = EDGE_CURVE ( 'NONE', #2640, #1444, #2162, .T. ) ;
#2344 = ORIENTED_EDGE ( 'NONE', *, *, #2822, .F. ) ;
#2345 =( BOUNDED_CURVE ( )  B_SPLINE_CURVE ( 3, ( #3169, #1760, #288, #220 ),
 .UNSPECIFIED., .F., .F. ) 
 B_SPLINE_CURVE_WITH_KNOTS ( ( 4, 4 ),
 ( 2.356194490192339064, 2.706290379719381356 ),
 .UNSPECIFIED. ) 
 CURVE ( )  GEOMETRIC_REPRESENTATION_ITEM ( )  RATIONAL_B_SPLINE_CURVE ( ( 1.000000000000000000, 0.9898121267997712636, 0.9898121267997712636, 1.000000000000000000 ) ) 
 REPRESENTATION_ITEM ( '' )  );
#2346 = CYLINDRICAL_SURFACE ( 'NONE', #2684, 9.999999999999994671 ) ;
#2347 = EDGE_CURVE ( 'NONE', #2358, #3173, #318, .T. ) ;
#2348 = DIRECTION ( 'NONE',  ( 0.000000000000000000, 0.000000000000000000, -1.000000000000000000 ) ) ;
#2349 = EDGE_LOOP ( 'NONE', ( #260, #2606, #1064, #18 ) ) ;
#2350 = CARTESIAN_POINT ( 'NONE',  ( -16.45751311064585920, 69.96359218028985083, -5.000000000000007105 ) ) ;
#2351 = FACE_BOUND ( 'NONE', #345, .T. ) ;
#2352 = AXIS2_PLACEMENT_3D ( 'NONE', #2409, #171, #1170 ) ;
#2353 = ORIENTED_EDGE ( 'NONE', *, *, #53, .F. ) ;
#2354 = ORIENTED_EDGE ( 'NONE', *, *, #909, .F. ) ;
#2355 = VECTOR ( 'NONE', #1321, 1000.000000000000000 ) ;
#2356 = CARTESIAN_POINT ( 'NONE',  ( 2.259285152079774271E-14, 63.00000000000000000, -1.500000000000006883 ) ) ;
#2357 = VECTOR ( 'NONE', #892, 1000.000000000000000 ) ;
#2358 = VERTEX_POINT ( 'NONE', #2892 ) ;
#2359 = LINE ( 'NONE', #136, #3141 ) ;
#2360 = AXIS2_PLACEMENT_3D ( 'NONE', #41, #2836, #1094 ) ;
#2361 = DIRECTION ( 'NONE',  ( 1.000000000000000000, -3.346007010100586627E-16, 0.000000000000000000 ) ) ;
#2362 = DIRECTION ( 'NONE',  ( -1.000000000000000000, 0.000000000000000000, 0.000000000000000000 ) ) ;
#2363 = VECTOR ( 'NONE', #1874, 1000.000000000000000 ) ;
#2364 = ORIENTED_EDGE ( 'NONE', *, *, #1609, .F. ) ;
#2365 = ADVANCED_FACE ( 'NONE', ( #1652 ), #1420, .T. ) ;
#2366 = EDGE_CURVE ( 'NONE', #1832, #147, #1457, .T. ) ;
#2367 = CYLINDRICAL_SURFACE ( 'NONE', #3094, 1.199999999999999734 ) ;
#2368 = LINE ( 'NONE', #3088, #2111 ) ;
#2369 = AXIS2_PLACEMENT_3D ( 'NONE', #1607, #2573, #2382 ) ;
#2370 = FACE_BOUND ( 'NONE', #481, .T. ) ;
#2371 = ORIENTED_EDGE ( 'NONE', *, *, #259, .T. ) ;
#2372 = ORIENTED_EDGE ( 'NONE', *, *, #2146, .F. ) ;
#2373 = LINE ( 'NONE', #1611, #635 ) ;
#2374 = VERTEX_POINT ( 'NONE', #177 ) ;
#2375 = DIRECTION ( 'NONE',  ( -3.346007010100586134E-16, -1.000000000000000000, -0.000000000000000000 ) ) ;
#2376 = LINE ( 'NONE', #359, #687 ) ;
#2377 = PLANE ( 'NONE',  #992 ) ;
#2378 = VERTEX_POINT ( 'NONE', #1402 ) ;
#2379 = PLANE ( 'NONE',  #1109 ) ;
#2380 = DIRECTION ( 'NONE',  ( -1.000000000000000000, 0.000000000000000000, 0.000000000000000000 ) ) ;
#2381 = ADVANCED_FACE ( 'NONE', ( #3154 ), #1663, .F. ) ;
#2382 = DIRECTION ( 'NONE',  ( 1.000000000000000000, 0.000000000000000000, -0.000000000000000000 ) ) ;
#2383 = EDGE_CURVE ( 'NONE', #164, #825, #1505, .T. ) ;
#2384 = DIRECTION ( 'NONE',  ( 1.000000000000000000, 0.000000000000000000, 0.000000000000000000 ) ) ;
#2385 = ORIENTED_EDGE ( 'NONE', *, *, #3119, .F. ) ;
#2386 = VERTEX_POINT ( 'NONE', #507 ) ;
#2387 = PLANE ( 'NONE',  #2626 ) ;
#2388 = EDGE_LOOP ( 'NONE', ( #307, #1426, #2716, #2930 ) ) ;
#2389 = CARTESIAN_POINT ( 'NONE',  ( 15.59999999999999254, 37.00506482483918091, 11.00000000000000000 ) ) ;
#2390 = DIRECTION ( 'NONE',  ( 0.000000000000000000, -1.000000000000000000, 0.000000000000000000 ) ) ;
#2391 = LINE ( 'NONE', #924, #1357 ) ;
#2392 = ORIENTED_EDGE ( 'NONE', *, *, #2804, .T. ) ;
#2393 = FACE_OUTER_BOUND ( 'NONE', #1766, .T. ) ;
#2394 = LINE ( 'NONE', #442, #2320 ) ;
#2395 = CARTESIAN_POINT ( 'NONE',  ( 2.123068260032543196E-14, 63.00000000000000000, 2.000000000000000000 ) ) ;
#2396 = CARTESIAN_POINT ( 'NONE',  ( -17.50000000000000000, 63.00000000000000000, -1.500000000000009104 ) ) ;
#2397 = ORIENTED_EDGE ( 'NONE', *, *, #2127, .F. ) ;
#2398 = ORIENTED_EDGE ( 'NONE', *, *, #1138, .F. ) ;
#2399 = EDGE_CURVE ( 'NONE', #1669, #1193, #1025, .T. ) ;
#2400 = EDGE_CURVE ( 'NONE', #374, #1519, #291, .T. ) ;
#2401 = PLANE ( 'NONE',  #1479 ) ;
#2402 = AXIS2_PLACEMENT_3D ( 'NONE', #2155, #3196, #153 ) ;
#2403 = ORIENTED_EDGE ( 'NONE', *, *, #1589, .F. ) ;
#2404 = CARTESIAN_POINT ( 'NONE',  ( -5.551115123125782702E-14, 184.8814210796309681, 20.00000000000000000 ) ) ;
#2405 = CARTESIAN_POINT ( 'NONE',  ( 2.123068260032543196E-14, 63.00000000000000000, 13.00000000000000000 ) ) ;
#2406 = DIRECTION ( 'NONE',  ( -9.637352644315590312E-17, -1.000000000000000000, 0.000000000000000000 ) ) ;
#2407 = CARTESIAN_POINT ( 'NONE',  ( 18.00000000000002842, 63.00000000000000000, -1.479114197289397573E-31 ) ) ;
#2408 = VECTOR ( 'NONE', #1645, 1000.000000000000000 ) ;
#2409 = CARTESIAN_POINT ( 'NONE',  ( 24.90000000000001634, 62.99999999999998579, 14.90000000000000036 ) ) ;
#2410 = ORIENTED_EDGE ( 'NONE', *, *, #2290, .T. ) ;
#2411 = VECTOR ( 'NONE', #1895, 1000.000000000000000 ) ;
#2412 = LINE ( 'NONE', #3180, #1264 ) ;
#2413 = DIRECTION ( 'NONE',  ( -0.000000000000000000, -0.000000000000000000, -1.000000000000000000 ) ) ;
#2414 = LINE ( 'NONE', #2284, #319 ) ;
#2415 = VECTOR ( 'NONE', #1212, 1000.000000000000000 ) ;
#2416 = DIRECTION ( 'NONE',  ( -0.7499999999999994449, 0.6614378277661482342, 0.000000000000000000 ) ) ;
#2417 = CARTESIAN_POINT ( 'NONE',  ( 18.00000000000002842, 60.00000000000005684, 2.000000000000000000 ) ) ;
#2418 = AXIS2_PLACEMENT_3D ( 'NONE', #2126, #127, #3118 ) ;
#2419 = VERTEX_POINT ( 'NONE', #765 ) ;
#2420 = EDGE_LOOP ( 'NONE', ( #193, #353, #3077, #2615 ) ) ;
#2421 = LINE ( 'NONE', #2213, #582 ) ;
#2422 = EDGE_CURVE ( 'NONE', #2701, #2888, #2222, .T. ) ;
#2423 = ORIENTED_EDGE ( 'NONE', *, *, #1865, .F. ) ;
#2424 = CARTESIAN_POINT ( 'NONE',  ( 15.59999999999999432, 63.00000000000000000, -1.500000000000005107 ) ) ;
#2425 = CARTESIAN_POINT ( 'NONE',  ( 15.59999999999999432, 71.70111908764206987, 3.000000000000002665 ) ) ;
#2426 = CARTESIAN_POINT ( 'NONE',  ( -59.74982674600052945, 65.00886561990333234, 20.00000000000000000 ) ) ;
#2427 = EDGE_CURVE ( 'NONE', #2713, #3053, #990, .T. ) ;
#2428 = EDGE_LOOP ( 'NONE', ( #2830, #2652, #1062, #2736 ) ) ;
#2429 = CARTESIAN_POINT ( 'NONE',  ( 2.602085213965208176E-16, 162.7011190876420983, -1.500000000000003109 ) ) ;
#2430 = CARTESIAN_POINT ( 'NONE',  ( 14.99999999999999645, -15.00000000000000000, 11.00000000000000000 ) ) ;
#2431 = CARTESIAN_POINT ( 'NONE',  ( 59.78434077513687583, 65.02659682051326229, -4.999964630394371667 ) ) ;
#2432 = LINE ( 'NONE', #1240, #109 ) ;
#2433 = EDGE_LOOP ( 'NONE', ( #2354, #1878 ) ) ;
#2434 = ORIENTED_EDGE ( 'NONE', *, *, #2366, .T. ) ;
#2435 = CARTESIAN_POINT ( 'NONE',  ( 59.78434077513687583, 65.02659682051326229, -5.000000000000000000 ) ) ;
#2436 = EDGE_LOOP ( 'NONE', ( #885, #2037, #349, #3010 ) ) ;
#2437 = EDGE_CURVE ( 'NONE', #2472, #830, #2241, .T. ) ;
#2438 = LINE ( 'NONE', #658, #2634 ) ;
#2439 = LINE ( 'NONE', #2407, #1154 ) ;
#2440 = CARTESIAN_POINT ( 'NONE',  ( 16.45751311064595157, 1.803109537846334305E-15, 20.00000000000000000 ) ) ;
#2441 = ORIENTED_EDGE ( 'NONE', *, *, #456, .F. ) ;
#2442 = DIRECTION ( 'NONE',  ( -0.000000000000000000, -1.000000000000000000, -0.000000000000000000 ) ) ;
#2443 = ADVANCED_FACE ( 'NONE', ( #1254 ), #1012, .F. ) ;
#2444 = EDGE_CURVE ( 'NONE', #1715, #2386, #2256, .T. ) ;
#2445 = LINE ( 'NONE', #203, #3153 ) ;
#2446 = DIRECTION ( 'NONE',  ( -1.095614826932720471E-16, 1.000000000000000000, 0.000000000000000000 ) ) ;
#2447 = PLANE ( 'NONE',  #2993 ) ;
#2448 = CARTESIAN_POINT ( 'NONE',  ( -15.60000000000000497, 71.70111908764206987, 3.000000000000002665 ) ) ;
#2449 = ORIENTED_EDGE ( 'NONE', *, *, #128, .T. ) ;
#2450 = ORIENTED_EDGE ( 'NONE', *, *, #2207, .T. ) ;
#2451 = CARTESIAN_POINT ( 'NONE',  ( 16.45751311064595157, 1.803109537846334305E-15, 20.00000000000000000 ) ) ;
#2452 = EDGE_LOOP ( 'NONE', ( #997, #2250, #569, #871 ) ) ;
#2453 = CLOSED_SHELL ( 'NONE', ( #266, #2107, #3086, #2862, #2381, #2745, #1768, #2029, #129, #1533, #2270, #1952, #2923, #1628, #2327, #2788, #1424, #2168, #2885, #282, #1403, #2088, #1570, #2964, #1490, #2073, #439, #2226, #2490, #360, #1269, #2596, #2130, #1788, #1820, #968, #665, #1107, #1922, #1027, #2012, #2013, #1006, #1301, #383, #730, #2443, #163, #287, #326, #2462, #595, #826, #2666, #1244, #1945, #866, #3223, #2595, #1302, #561, #2945, #3022, #169, #1105, #1651, #2248, #2271, #2365, #2074, #2829, #2529, #1126, #707, #361, #903, #66, #2884, #1345, #1824, #1648, #2903, #3148, #1124, #2979, #2722, #2173, #2987, #2186, #2309, #1990, #2632, #600, #1721, #1526, #45, #682, #1451, #3047, #616, #2006, #1204, #145 ) ) ;
#2454 = CARTESIAN_POINT ( 'NONE',  ( 0.000000000000000000, 200.0000000000000000, 5.857864376268992146 ) ) ;
#2455 = CARTESIAN_POINT ( 'NONE',  ( -27.40000000000000568, 63.00000000000000000, 17.39999999999999858 ) ) ;
#2456 = DIRECTION ( 'NONE',  ( 0.000000000000000000, 0.000000000000000000, 1.000000000000000000 ) ) ;
#2457 = AXIS2_PLACEMENT_3D ( 'NONE', #1921, #452, #2693 ) ;
#2458 = ORIENTED_EDGE ( 'NONE', *, *, #2307, .T. ) ;
#2459 = CARTESIAN_POINT ( 'NONE',  ( 20.00000000000001776, 37.00506482483916670, 2.000000000000007105 ) ) ;
#2460 = AXIS2_PLACEMENT_3D ( 'NONE', #1813, #292, #1289 ) ;
#2461 = PLANE ( 'NONE',  #2891 ) ;
#2462 = ADVANCED_FACE ( 'NONE', ( #2274, #2238, #2028, #1798, #3021 ), #479, .T. ) ;
#2463 = AXIS2_PLACEMENT_3D ( 'NONE', #2253, #1776, #794 ) ;
#2464 = EDGE_CURVE ( 'NONE', #686, #94, #3040, .T. ) ;
#2465 = FACE_OUTER_BOUND ( 'NONE', #394, .T. ) ;
#2466 = DIRECTION ( 'NONE',  ( 1.000000000000000000, 1.040834085586084059E-15, -0.000000000000000000 ) ) ;
#2467 = VECTOR ( 'NONE', #2597, 1000.000000000000000 ) ;
#2468 = CARTESIAN_POINT ( 'NONE',  ( 0.000000000000000000, 168.7011190876420983, 3.000000000000000000 ) ) ;
#2469 = EDGE_CURVE ( 'NONE', #2071, #1669, #1342, .T. ) ;
#2470 = ORIENTED_EDGE ( 'NONE', *, *, #1665, .T. ) ;
#2471 = AXIS2_PLACEMENT_3D ( 'NONE', #1944, #205, #159 ) ;
#2472 = VERTEX_POINT ( 'NONE', #799 ) ;
#2473 = DIRECTION ( 'NONE',  ( -3.346007010100586627E-16, -1.000000000000000000, 0.000000000000000000 ) ) ;
#2474 = AXIS2_PLACEMENT_3D ( 'NONE', #3018, #28, #1251 ) ;
#2475 = ORIENTED_EDGE ( 'NONE', *, *, #1553, .T. ) ;
#2476 = DIRECTION ( 'NONE',  ( -1.000000000000000000, 3.455753102189216147E-16, 0.000000000000000000 ) ) ;
#2477 = B_SPLINE_CURVE_WITH_KNOTS ( 'NONE', 3,
 ( #2170, #2655, #2914, #907, #2883, #183 ),
 .UNSPECIFIED., .F., .F.,
 ( 4, 2, 4 ),
 ( 0.000000000000000000, 0.001742028160934564352, 0.003484056321869128704 ),
 .UNSPECIFIED. ) ;
#2478 = ORIENTED_EDGE ( 'NONE', *, *, #2809, .F. ) ;
#2479 = CARTESIAN_POINT ( 'NONE',  ( -6.765421556309545144E-14, 64.99999999999998579, 10.00000000000000000 ) ) ;
#2480 = CARTESIAN_POINT ( 'NONE',  ( -0.000000000000000000, 162.7011190876420983, 3.000000000000000000 ) ) ;
#2481 = DIRECTION ( 'NONE',  ( -3.455753102189216147E-16, -1.000000000000000000, 0.000000000000000000 ) ) ;
#2482 = CARTESIAN_POINT ( 'NONE',  ( 24.46115472733051988, 170.0000000000000000, 11.99635838331536952 ) ) ;
#2483 = DIRECTION ( 'NONE',  ( 0.000000000000000000, -0.000000000000000000, 1.000000000000000000 ) ) ;
#2484 = CARTESIAN_POINT ( 'NONE',  ( 26.00677561912520375, 75.00000000000001421, 10.00000000000000000 ) ) ;
#2485 = DIRECTION ( 'NONE',  ( 0.6831300510639713996, 0.2581988897471610422, -0.6831300510639750634 ) ) ;
#2486 = EDGE_CURVE ( 'NONE', #1201, #2602, #2887, .T. ) ;
#2487 = LINE ( 'NONE', #2712, #1522 ) ;
#2488 = ORIENTED_EDGE ( 'NONE', *, *, #2049, .T. ) ;
#2489 = DIRECTION ( 'NONE',  ( -0.000000000000000000, -1.000000000000000000, -0.000000000000000000 ) ) ;
#2490 = ADVANCED_FACE ( 'NONE', ( #2776 ), #530, .F. ) ;
#2491 = EDGE_CURVE ( 'NONE', #1797, #786, #2796, .T. ) ;
#2492 = ORIENTED_EDGE ( 'NONE', *, *, #926, .F. ) ;
#2493 = APPLICATION_PROTOCOL_DEFINITION ( 'draft international standard', 'automotive_design', 1998, #870 ) ;
#2494 = PLANE ( 'NONE',  #519 ) ;
#2495 = DIRECTION ( 'NONE',  ( -1.000000000000000000, 0.000000000000000000, 0.000000000000000000 ) ) ;
#2496 = DIRECTION ( 'NONE',  ( 1.000000000000000000, 0.000000000000000000, 0.000000000000000000 ) ) ;
#2497 = ORIENTED_EDGE ( 'NONE', *, *, #1164, .F. ) ;
#2498 = CARTESIAN_POINT ( 'NONE',  ( 91.71567416492217717, 80.88562172233858405, 5.857864376268997475 ) ) ;
#2499 = CARTESIAN_POINT ( 'NONE',  ( -15.00000000000000355, 0.000000000000000000, -1.200000000000000030E-05 ) ) ;
#2500 = CARTESIAN_POINT ( 'NONE',  ( 9.999999999999994671, 79.20000000000000284, 11.00000000000000000 ) ) ;
#2501 = DIRECTION ( 'NONE',  ( 0.000000000000000000, 0.000000000000000000, 1.000000000000000000 ) ) ;
#2502 = DIRECTION ( 'NONE',  ( -0.000000000000000000, -1.000000000000000000, -0.000000000000000000 ) ) ;
#2503 = ORIENTED_EDGE ( 'NONE', *, *, #375, .T. ) ;
#2504 = CARTESIAN_POINT ( 'NONE',  ( -15.59999999999999787, 162.7011190876420983, -1.500000000000001332 ) ) ;
#2505 = EDGE_CURVE ( 'NONE', #1712, #2550, #492, .T. ) ;
#2506 = ORIENTED_EDGE ( 'NONE', *, *, #1492, .F. ) ;
#2507 = EDGE_CURVE ( 'NONE', #1453, #249, #1764, .T. ) ;
#2508 = DIRECTION ( 'NONE',  ( 0.000000000000000000, 0.000000000000000000, 1.000000000000000000 ) ) ;
#2509 = CARTESIAN_POINT ( 'NONE',  ( 24.99575342526324206, 74.94583029734593538, 3.927776637107901259 ) ) ;
#2510 = FACE_OUTER_BOUND ( 'NONE', #1178, .T. ) ;
#2511 = AXIS2_PLACEMENT_3D ( 'NONE', #2564, #2989, #3037 ) ;
#2512 = EDGE_LOOP ( 'NONE', ( #593, #1877, #188, #3227 ) ) ;
#2513 = CARTESIAN_POINT ( 'NONE',  ( -17.49999999999998224, 152.0564581469694758, -1.500000000000000000 ) ) ;
#2514 = DIRECTION ( 'NONE',  ( -3.346007010100586134E-16, -1.000000000000000000, -0.000000000000000000 ) ) ;
#2515 = CIRCLE ( 'NONE', #943, 1.199999999999999734 ) ;
#2516 = ORIENTED_EDGE ( 'NONE', *, *, #984, .T. ) ;
#2517 = AXIS2_PLACEMENT_3D ( 'NONE', #1435, #2390, #2915 ) ;
#2518 = CARTESIAN_POINT ( 'NONE',  ( -6.765421556309545144E-14, 64.99999999999998579, -5.000000000000000000 ) ) ;
#2519 = VECTOR ( 'NONE', #29, 1000.000000000000000 ) ;
#2520 = FACE_OUTER_BOUND ( 'NONE', #586, .T. ) ;
#2521 = ORIENTED_EDGE ( 'NONE', *, *, #1554, .F. ) ;
#2522 = CIRCLE ( 'NONE', #215, 1.199999999999999734 ) ;
#2523 = DIRECTION ( 'NONE',  ( -2.312964634635743450E-16, -1.000000000000000000, -0.000000000000000000 ) ) ;
#2524 = CIRCLE ( 'NONE', #1790, 1.199999999999999734 ) ;
#2525 = VERTEX_POINT ( 'NONE', #1726 ) ;
#2526 = ORIENTED_EDGE ( 'NONE', *, *, #1280, .F. ) ;
#2527 = VECTOR ( 'NONE', #1273, 1000.000000000000114 ) ;
#2528 = DIRECTION ( 'NONE',  ( 1.000000000000000000, 0.000000000000000000, 0.000000000000000000 ) ) ;
#2529 = ADVANCED_FACE ( 'NONE', ( #1606 ), #1123, .F. ) ;
#2530 = CARTESIAN_POINT ( 'NONE',  ( 18.00000000000002842, -19.99999999999999645, 2.000000000000000000 ) ) ;
#2531 = VECTOR ( 'NONE', #2646, 1000.000000000000000 ) ;
#2532 = ORIENTED_EDGE ( 'NONE', *, *, #1554, .T. ) ;
#2533 = LINE ( 'NONE', #355, #1110 ) ;
#2534 = DIRECTION ( 'NONE',  ( 1.040834085586084059E-15, -1.000000000000000000, -0.000000000000000000 ) ) ;
#2535 = CARTESIAN_POINT ( 'NONE',  ( 15.59999999999998721, -1.849373372577456376E-15, 3.000000000000000000 ) ) ;
#2536 = EDGE_CURVE ( 'NONE', #1380, #2145, #608, .T. ) ;
#2537 = EDGE_LOOP ( 'NONE', ( #1960, #2219, #1986, #2098 ) ) ;
#2538 = DIRECTION ( 'NONE',  ( -3.346007010100586627E-16, -1.000000000000000000, 0.000000000000000000 ) ) ;
#2539 = ORIENTED_EDGE ( 'NONE', *, *, #1882, .F. ) ;
#2540 = CARTESIAN_POINT ( 'NONE',  ( 15.60000000000000142, 162.7011190876420983, 0.000000000000000000 ) ) ;
#2541 = CARTESIAN_POINT ( 'NONE',  ( 18.00000000000002842, -19.99999999999999645, -2.449293598294700991E-16 ) ) ;
#2542 = EDGE_LOOP ( 'NONE', ( #1055, #1500 ) ) ;
#2543 = LINE ( 'NONE', #1257, #852 ) ;
#2544 = EDGE_LOOP ( 'NONE', ( #1318, #3126, #2721, #60 ) ) ;
#2545 = DIRECTION ( 'NONE',  ( 0.000000000000000000, -0.000000000000000000, -1.000000000000000000 ) ) ;
#2546 = DIRECTION ( 'NONE',  ( -3.455753102189216147E-16, -1.000000000000000000, 0.000000000000000000 ) ) ;
#2547 = ORIENTED_EDGE ( 'NONE', *, *, #3140, .F. ) ;
#2548 = CARTESIAN_POINT ( 'NONE',  ( 99.21567416492216296, 87.50000000000005684, 5.857864376268997475 ) ) ;
#2549 = ORIENTED_EDGE ( 'NONE', *, *, #3108, .T. ) ;
#2550 = VERTEX_POINT ( 'NONE', #3075 ) ;
#2551 = EDGE_CURVE ( 'NONE', #757, #1407, #1215, .T. ) ;
#2552 = EDGE_CURVE ( 'NONE', #154, #686, #2368, .T. ) ;
#2553 = DIRECTION ( 'NONE',  ( -1.000000000000000000, 3.346007010100586627E-16, 0.000000000000000000 ) ) ;
#2554 = CARTESIAN_POINT ( 'NONE',  ( -20.52790531377943495, 168.7011190876420983, 11.00000000000000000 ) ) ;
#2555 = EDGE_LOOP ( 'NONE', ( #1907, #1146, #2034, #25, #2083, #30 ) ) ;
#2556 = CARTESIAN_POINT ( 'NONE',  ( 23.52858092251139155, 74.56145157584924732, 2.071067811865484831 ) ) ;
#2557 = ORIENTED_EDGE ( 'NONE', *, *, #617, .T. ) ;
#2558 = ORIENTED_EDGE ( 'NONE', *, *, #3167, .T. ) ;
#2559 = DIRECTION ( 'NONE',  ( 1.000000000000000000, -3.346007010100586627E-16, -5.577681830192081865E-48 ) ) ;
#2560 = CARTESIAN_POINT ( 'NONE',  ( -15.60000000000000497, 63.00000000000000000, 3.217119967722946165E-47 ) ) ;
#2561 = VERTEX_POINT ( 'NONE', #1319 ) ;
#2562 = DIRECTION ( 'NONE',  ( 1.095614826932720595E-16, -1.000000000000000000, 1.540743955509789367E-33 ) ) ;
#2563 = LINE ( 'NONE', #1071, #1311 ) ;
#2564 = CARTESIAN_POINT ( 'NONE',  ( 16.45751311064593025, 75.00000000000000000, 9.142135623730975880 ) ) ;
#2565 = ORIENTED_EDGE ( 'NONE', *, *, #1534, .F. ) ;
#2566 = AXIS2_PLACEMENT_3D ( 'NONE', #1120, #2348, #2333 ) ;
#2567 = CARTESIAN_POINT ( 'NONE',  ( 13.09999999999999432, 20.20000000000000284, 11.00000000000000000 ) ) ;
#2568 = EDGE_CURVE ( 'NONE', #696, #985, #695, .T. ) ;
#2569 = EDGE_CURVE ( 'NONE', #3122, #2145, #2335, .T. ) ;
#2570 = DIRECTION ( 'NONE',  ( -1.000000000000000000, 0.000000000000000000, 0.000000000000000000 ) ) ;
#2571 = AXIS2_PLACEMENT_3D ( 'NONE', #1177, #413, #1405 ) ;
#2572 = VERTEX_POINT ( 'NONE', #95 ) ;
#2573 = DIRECTION ( 'NONE',  ( 0.000000000000000000, 0.000000000000000000, 1.000000000000000000 ) ) ;
#2574 = VECTOR ( 'NONE', #605, 1000.000000000000000 ) ;
#2575 = EDGE_CURVE ( 'NONE', #1641, #449, #2810, .T. ) ;
#2576 = EDGE_LOOP ( 'NONE', ( #2136, #834, #2911, #639 ) ) ;
#2577 = CIRCLE ( 'NONE', #1156, 1.199999999999999734 ) ;
#2578 = VERTEX_POINT ( 'NONE', #832 ) ;
#2579 = CARTESIAN_POINT ( 'NONE',  ( -1.734723475976806897E-15, -14.99999999999999822, -1.200000000000000030E-05 ) ) ;
#2580 = LINE ( 'NONE', #1613, #322 ) ;
#2581 = DIRECTION ( 'NONE',  ( -1.000000000000000000, 0.000000000000000000, 0.000000000000000000 ) ) ;
#2582 = ORIENTED_EDGE ( 'NONE', *, *, #105, .T. ) ;
#2583 = CIRCLE ( 'NONE', #3149, 1.199999999999999734 ) ;
#2584 = FACE_OUTER_BOUND ( 'NONE', #973, .T. ) ;
#2585 = PLANE ( 'NONE',  #2308 ) ;
#2586 = CARTESIAN_POINT ( 'NONE',  ( -66.45751311064590539, 75.00000000000002842, 10.00000000000000000 ) ) ;
#2587 = ORIENTED_EDGE ( 'NONE', *, *, #397, .T. ) ;
#2588 = LINE ( 'NONE', #2093, #1894 ) ;
#2589 = CARTESIAN_POINT ( 'NONE',  ( -66.45751311064590539, 75.00000000000002842, 15.00000000000000000 ) ) ;
#2590 = VERTEX_POINT ( 'NONE', #1559 ) ;
#2591 = EDGE_CURVE ( 'NONE', #1173, #1037, #1827, .T. ) ;
#2592 = CARTESIAN_POINT ( 'NONE',  ( 24.90000000000001634, 65.99999999999998579, 14.90000000000000036 ) ) ;
#2593 = ORIENTED_EDGE ( 'NONE', *, *, #1143, .T. ) ;
#2594 = EDGE_LOOP ( 'NONE', ( #568, #310, #2846, #2410 ) ) ;
#2595 = ADVANCED_FACE ( 'NONE', ( #1572 ), #304, .T. ) ;
#2596 = ADVANCED_FACE ( 'NONE', ( #1588 ), #1370, .T. ) ;
#2597 = DIRECTION ( 'NONE',  ( -0.000000000000000000, -0.000000000000000000, -1.000000000000000000 ) ) ;
#2598 = VERTEX_POINT ( 'NONE', #2567 ) ;
#2599 = CARTESIAN_POINT ( 'NONE',  ( -10.00000000000000533, 79.20000000000000284, 13.00000000000000000 ) ) ;
#2600 = CARTESIAN_POINT ( 'NONE',  ( 26.09999999999999076, 65.99999999999998579, 0.09999999999999592548 ) ) ;
#2601 = DIRECTION ( 'NONE',  ( -0.000000000000000000, -0.000000000000000000, 1.000000000000000000 ) ) ;
#2602 = VERTEX_POINT ( 'NONE', #320 ) ;
#2603 = DIRECTION ( 'NONE',  ( -0.000000000000000000, -0.000000000000000000, 1.000000000000000000 ) ) ;
#2604 = CARTESIAN_POINT ( 'NONE',  ( -15.59999999999999787, 162.7011190876420983, 0.000000000000000000 ) ) ;
#2605 = EDGE_CURVE ( 'NONE', #164, #1676, #80, .T. ) ;
#2606 = ORIENTED_EDGE ( 'NONE', *, *, #1609, .T. ) ;
#2607 = ORIENTED_EDGE ( 'NONE', *, *, #810, .F. ) ;
#2608 = CYLINDRICAL_SURFACE ( 'NONE', #1634, 1.199999999999999734 ) ;
#2609 = EDGE_CURVE ( 'NONE', #3067, #938, #2616, .T. ) ;
#2610 = EDGE_CURVE ( 'NONE', #647, #3188, #2588, .T. ) ;
#2611 = ORIENTED_EDGE ( 'NONE', *, *, #1081, .T. ) ;
#2612 = DIRECTION ( 'NONE',  ( 3.469446951953616161E-16, 1.000000000000000000, 0.000000000000000000 ) ) ;
#2613 = LINE ( 'NONE', #1348, #1627 ) ;
#2614 = DIRECTION ( 'NONE',  ( 0.000000000000000000, -1.000000000000000000, 0.000000000000000000 ) ) ;
#2615 = ORIENTED_EDGE ( 'NONE', *, *, #3027, .T. ) ;
#2616 = LINE ( 'NONE', #1089, #69 ) ;
#2617 = CARTESIAN_POINT ( 'NONE',  ( 15.59999999999998721, -1.849373372577456376E-15, 11.00000000000000000 ) ) ;
#2618 = AXIS2_PLACEMENT_3D ( 'NONE', #2223, #3215, #3203 ) ;
#2619 = ORIENTED_EDGE ( 'NONE', *, *, #709, .F. ) ;
#2620 = ORIENTED_EDGE ( 'NONE', *, *, #751, .F. ) ;
#2621 = VECTOR ( 'NONE', #3076, 1000.000000000000000 ) ;
#2622 = DIRECTION ( 'NONE',  ( -1.185495751652216669E-16, -1.000000000000000000, 0.000000000000000000 ) ) ;
#2623 = STYLED_ITEM ( 'NONE', ( #3101 ), #1296 ) ;
#2624 = ORIENTED_EDGE ( 'NONE', *, *, #1023, .T. ) ;
#2625 = EDGE_CURVE ( 'NONE', #3205, #2578, #1374, .T. ) ;
#2626 = AXIS2_PLACEMENT_3D ( 'NONE', #389, #1129, #1282 ) ;
#2627 = CARTESIAN_POINT ( 'NONE',  ( -7.806255641895628138E-14, 74.99999999999998579, 5.000000000000000888 ) ) ;
#2628 = CARTESIAN_POINT ( 'NONE',  ( -17.50000000000000000, 63.00000000000000000, 0.000000000000000000 ) ) ;
#2629 = AXIS2_PLACEMENT_3D ( 'NONE', #1206, #3184, #3170 ) ;
#2630 = ORIENTED_EDGE ( 'NONE', *, *, #2366, .F. ) ;
#2631 = DIRECTION ( 'NONE',  ( -1.095614826932720471E-16, 1.000000000000000000, 0.000000000000000000 ) ) ;
#2632 = ADVANCED_FACE ( 'NONE', ( #1860 ), #365, .T. ) ;
#2633 = DIRECTION ( 'NONE',  ( -3.346007010100586627E-16, -1.000000000000000000, 0.000000000000000000 ) ) ;
#2634 = VECTOR ( 'NONE', #2152, 1000.000000000000000 ) ;
#2635 = DIRECTION ( 'NONE',  ( 1.000000000000000000, 0.000000000000000000, 0.000000000000000000 ) ) ;
#2636 = DIRECTION ( 'NONE',  ( -1.000000000000000000, -3.469446951953614189E-16, 0.000000000000000000 ) ) ;
#2637 = ORIENTED_EDGE ( 'NONE', *, *, #849, .F. ) ;
#2638 = ORIENTED_EDGE ( 'NONE', *, *, #1595, .T. ) ;
#2639 = DIRECTION ( 'NONE',  ( -0.000000000000000000, -0.000000000000000000, -1.000000000000000000 ) ) ;
#2640 = VERTEX_POINT ( 'NONE', #2430 ) ;
#2641 = LINE ( 'NONE', #1381, #1583 ) ;
#2642 = CARTESIAN_POINT ( 'NONE',  ( -26.10000000000000497, 66.00000000000001421, 0.09999999999999736877 ) ) ;
#2643 = CARTESIAN_POINT ( 'NONE',  ( 0.000000000000000000, 168.7011190876420983, 0.000000000000000000 ) ) ;
#2644 = ORIENTED_EDGE ( 'NONE', *, *, #1666, .F. ) ;
#2645 = FACE_OUTER_BOUND ( 'NONE', #1332, .T. ) ;
#2646 = DIRECTION ( 'NONE',  ( -0.000000000000000000, -0.000000000000000000, -1.000000000000000000 ) ) ;
#2647 = EDGE_CURVE ( 'NONE', #2019, #598, #1456, .T. ) ;
#2648 = EDGE_CURVE ( 'NONE', #1037, #1360, #679, .T. ) ;
#2649 = DIRECTION ( 'NONE',  ( -1.000000000000000000, 3.346007010100586627E-16, 5.577681830192081865E-48 ) ) ;
#2650 = LINE ( 'NONE', #917, #160 ) ;
#2651 = EDGE_LOOP ( 'NONE', ( #771, #1093 ) ) ;
#2652 = ORIENTED_EDGE ( 'NONE', *, *, #2243, .T. ) ;
#2653 = CARTESIAN_POINT ( 'NONE',  ( 9.999999999999994671, 79.20000000000000284, 13.00000000000000000 ) ) ;
#2654 = VERTEX_POINT ( 'NONE', #3181 ) ;
#2655 = CARTESIAN_POINT ( 'NONE',  ( 24.67584060691782355, 169.6321501395211726, 3.420435809544713823 ) ) ;
#2656 = CARTESIAN_POINT ( 'NONE',  ( -49.99999999999997158, 60.00000000000001421, -5.000000000000000000 ) ) ;
#2657 = ORIENTED_EDGE ( 'NONE', *, *, #2536, .F. ) ;
#2658 = DIRECTION ( 'NONE',  ( -1.000000000000000000, 0.000000000000000000, -1.734723475976807834E-16 ) ) ;
#2659 = CARTESIAN_POINT ( 'NONE',  ( -24.90000000000000568, 66.00000000000001421, 0.09999999999999722999 ) ) ;
#2660 = CARTESIAN_POINT ( 'NONE',  ( -24.90000000000000568, 66.00000000000001421, 0.09999999999999722999 ) ) ;
#2661 = EDGE_CURVE ( 'NONE', #2212, #1346, #2445, .T. ) ;
#2662 = DIRECTION ( 'NONE',  ( -1.000000000000000000, 0.000000000000000000, -2.168404344971010594E-16 ) ) ;
#2663 = ORIENTED_EDGE ( 'NONE', *, *, #783, .F. ) ;
#2664 = VERTEX_POINT ( 'NONE', #1203 ) ;
#2665 = PLANE ( 'NONE',  #1003 ) ;
#2666 = ADVANCED_FACE ( 'NONE', ( #940 ), #928, .F. ) ;
#2667 = CARTESIAN_POINT ( 'NONE',  ( 10.69999999999999396, 56.99999999999999289, 13.00000000000000178 ) ) ;
#2668 = VECTOR ( 'NONE', #7, 1000.000000000000000 ) ;
#2669 = ORIENTED_EDGE ( 'NONE', *, *, #1626, .F. ) ;
#2670 = CARTESIAN_POINT ( 'NONE',  ( -10.00000000000000711, 61.19999999999999574, 13.00000000000000000 ) ) ;
#2671 = LINE ( 'NONE', #923, #1259 ) ;
#2672 = VECTOR ( 'NONE', #2738, 1000.000000000000000 ) ;
#2673 = CARTESIAN_POINT ( 'NONE',  ( -15.00000000000000355, -14.99999999999999645, -1.200000000000000030E-05 ) ) ;
#2674 = ORIENTED_EDGE ( 'NONE', *, *, #1430, .T. ) ;
#2675 = AXIS2_PLACEMENT_3D ( 'NONE', #2970, #476, #2483 ) ;
#2676 = DIRECTION ( 'NONE',  ( -1.000000000000000000, 3.346007010100586627E-16, -2.168404344971010594E-16 ) ) ;
#2677 = CARTESIAN_POINT ( 'NONE',  ( -18.00000000000001066, 63.00000000000000000, 3.122502256758257819E-14 ) ) ;
#2678 = PLANE ( 'NONE',  #1581 ) ;
#2679 = VECTOR ( 'NONE', #1393, 1000.000000000000000 ) ;
#2680 = DIRECTION ( 'NONE',  ( 0.000000000000000000, 1.000000000000000000, 0.000000000000000000 ) ) ;
#2681 = VECTOR ( 'NONE', #2466, 1000.000000000000000 ) ;
#2682 = CARTESIAN_POINT ( 'NONE',  ( -15.59999999999998366, 63.00000000000000000, -2.400000000000003020 ) ) ;
#2683 = DIRECTION ( 'NONE',  ( 3.469446951953614189E-16, -1.000000000000000000, 0.000000000000000000 ) ) ;
#2684 = AXIS2_PLACEMENT_3D ( 'NONE', #1841, #3102, #2612 ) ;
#2685 = ORIENTED_EDGE ( 'NONE', *, *, #661, .F. ) ;
#2686 = EDGE_CURVE ( 'NONE', #2897, #1915, #2785, .T. ) ;
#2687 = ORIENTED_EDGE ( 'NONE', *, *, #3140, .T. ) ;
#2688 = CARTESIAN_POINT ( 'NONE',  ( 23.52858092251142352, 168.8929676890319911, 12.92893218813445522 ) ) ;
#2689 = EDGE_CURVE ( 'NONE', #1853, #1037, #2188, .T. ) ;
#2690 = ORIENTED_EDGE ( 'NONE', *, *, #831, .T. ) ;
#2691 = EDGE_CURVE ( 'NONE', #2472, #3173, #1137, .T. ) ;
#2692 = CARTESIAN_POINT ( 'NONE',  ( 2.073451861313529235E-14, 60.00000000000000000, 17.39999999999999858 ) ) ;
#2693 = DIRECTION ( 'NONE',  ( -1.000000000000000000, 0.000000000000000000, 0.000000000000000000 ) ) ;
#2694 = ORIENTED_EDGE ( 'NONE', *, *, #945, .T. ) ;
#2695 = PLANE ( 'NONE',  #2777 ) ;
#2696 = CARTESIAN_POINT ( 'NONE',  ( 9.999999999999992895, 61.20000000000000284, 13.00000000000000000 ) ) ;
#2697 = CARTESIAN_POINT ( 'NONE',  ( 11.89999999999999325, 20.20000000000000284, 13.00000000000000178 ) ) ;
#2698 = EDGE_LOOP ( 'NONE', ( #1991, #2752 ) ) ;
#2699 = ORIENTED_EDGE ( 'NONE', *, *, #1085, .F. ) ;
#2700 = DIRECTION ( 'NONE',  ( -1.000000000000000000, 0.000000000000000000, -0.000000000000000000 ) ) ;
#2701 = VERTEX_POINT ( 'NONE', #894 ) ;
#2702 = CARTESIAN_POINT ( 'NONE',  ( 2.602085213965206697E-16, 162.7011190876420983, -1.499999999999996891 ) ) ;
#2703 = PLANE ( 'NONE',  #2517 ) ;
#2704 = EDGE_CURVE ( 'NONE', #3093, #2374, #396, .T. ) ;
#2705 = EDGE_CURVE ( 'NONE', #1193, #2358, #2120, .T. ) ;
#2706 = FACE_OUTER_BOUND ( 'NONE', #1868, .T. ) ;
#2707 = ORIENTED_EDGE ( 'NONE', *, *, #1467, .F. ) ;
#2708 = CARTESIAN_POINT ( 'NONE',  ( 14.99999999999999467, -15.00000000000000000, -3.308722450212110699E-21 ) ) ;
#2709 = LINE ( 'NONE', #987, #858 ) ;
#2710 = EDGE_CURVE ( 'NONE', #3197, #235, #2394, .T. ) ;
#2711 = CARTESIAN_POINT ( 'NONE',  ( -10.00000000000000711, 61.19999999999999574, 13.00000000000000000 ) ) ;
#2712 = CARTESIAN_POINT ( 'NONE',  ( -15.60000000000000497, 71.70111908764206987, 0.000000000000000000 ) ) ;
#2713 = VERTEX_POINT ( 'NONE', #1925 ) ;
#2714 = ORIENTED_EDGE ( 'NONE', *, *, #2575, .F. ) ;
#2715 = DIRECTION ( 'NONE',  ( 0.000000000000000000, 0.000000000000000000, -1.000000000000000000 ) ) ;
#2716 = ORIENTED_EDGE ( 'NONE', *, *, #1681, .T. ) ;
#2717 =( NAMED_UNIT ( * ) SI_UNIT ( $, .STERADIAN. ) SOLID_ANGLE_UNIT ( ) );
#2718 = CARTESIAN_POINT ( 'NONE',  ( 27.40000000000001279, 62.99999999999998579, 17.39999999999999858 ) ) ;
#2719 = CARTESIAN_POINT ( 'NONE',  ( 17.50000000000000711, 63.00000000000000000, -1.500000000000004885 ) ) ;
#2720 = AXIS2_PLACEMENT_3D ( 'NONE', #429, #2683, #1494 ) ;
#2721 = ORIENTED_EDGE ( 'NONE', *, *, #610, .F. ) ;
#2722 = ADVANCED_FACE ( 'NONE', ( #3131 ), #1633, .T. ) ;
#2723 = CYLINDRICAL_SURFACE ( 'NONE', #273, 10.00000000000000178 ) ;
#2724 = DIRECTION ( 'NONE',  ( -0.000000000000000000, -0.000000000000000000, -1.000000000000000000 ) ) ;
#2725 = VECTOR ( 'NONE', #508, 1000.000000000000000 ) ;
#2726 = PLANE ( 'NONE',  #753 ) ;
#2727 = VECTOR ( 'NONE', #1924, 1000.000000000000000 ) ;
#2728 = CARTESIAN_POINT ( 'NONE',  ( 14.99999999999999467, -14.99493517516083152, -1.200000000000000030E-05 ) ) ;
#2729 = CIRCLE ( 'NONE', #1946, 1.199999999999999734 ) ;
#2730 = PLANE ( 'NONE',  #2720 ) ;
#2731 = EDGE_LOOP ( 'NONE', ( #2364, #1022, #3222, #415 ) ) ;
#2732 = CIRCLE ( 'NONE', #1953, 1.199999999999999734 ) ;
#2733 = ORIENTED_EDGE ( 'NONE', *, *, #2343, .F. ) ;
#2734 = DIRECTION ( 'NONE',  ( 1.000000000000000000, 0.000000000000000000, 0.000000000000000000 ) ) ;
#2735 = VECTOR ( 'NONE', #2806, 1000.000000000000114 ) ;
#2736 = ORIENTED_EDGE ( 'NONE', *, *, #3072, .F. ) ;
#2737 =( NAMED_UNIT ( * ) PLANE_ANGLE_UNIT ( ) SI_UNIT ( $, .RADIAN. ) );
#2738 = DIRECTION ( 'NONE',  ( -0.000000000000000000, -1.000000000000000000, -0.000000000000000000 ) ) ;
#2739 = DIRECTION ( 'NONE',  ( 1.000000000000000000, 0.000000000000000000, 0.000000000000000000 ) ) ;
#2740 = VERTEX_POINT ( 'NONE', #156 ) ;
#2741 = DIRECTION ( 'NONE',  ( 1.000000000000000000, 0.000000000000000000, 0.000000000000000000 ) ) ;
#2742 = CYLINDRICAL_SURFACE ( 'NONE', #1898, 9.999999999999998224 ) ;
#2743 = DIRECTION ( 'NONE',  ( -1.000000000000000000, 0.000000000000000000, -0.000000000000000000 ) ) ;
#2744 = CARTESIAN_POINT ( 'NONE',  ( -24.46115472733043106, 169.3185489662074872, 3.003641616684509241 ) ) ;
#2745 = ADVANCED_FACE ( 'NONE', ( #1153 ), #1190, .F. ) ;
#2746 = DIRECTION ( 'NONE',  ( 1.000000000000000000, 1.301042606982605321E-16, -0.000000000000000000 ) ) ;
#2747 = EDGE_CURVE ( 'NONE', #374, #2081, #409, .T. ) ;
#2748 = EDGE_CURVE ( 'NONE', #1346, #2328, #1912, .T. ) ;
#2749 = LINE ( 'NONE', #754, #627 ) ;
#2750 = EDGE_LOOP ( 'NONE', ( #1704, #278, #1548, #2119 ) ) ;
#2751 = CARTESIAN_POINT ( 'NONE',  ( -59.73256969328387100, 65.00000000000001421, -5.000000000000000000 ) ) ;
#2752 = ORIENTED_EDGE ( 'NONE', *, *, #72, .T. ) ;
#2753 = CARTESIAN_POINT ( 'NONE',  ( 25.29467238386869354, 74.98844803805266679, 4.452177916967940519 ) ) ;
#2754 = DIRECTION ( 'NONE',  ( -3.455753102189215654E-16, -1.000000000000000000, 0.000000000000000000 ) ) ;
#2755 = EDGE_LOOP ( 'NONE', ( #461, #1231, #131, #343 ) ) ;
#2756 = CARTESIAN_POINT ( 'NONE',  ( -24.90000000000000568, 66.00000000000001421, 0.09999999999999722999 ) ) ;
#2757 = DIRECTION ( 'NONE',  ( -1.000000000000000000, 1.185495751652216669E-16, 0.000000000000000000 ) ) ;
#2758 = LINE ( 'NONE', #748, #2519 ) ;
#2759 = EDGE_LOOP ( 'NONE', ( #466, #1423, #2478, #685 ) ) ;
#2760 = CARTESIAN_POINT ( 'NONE',  ( 50.00000000000000000, 60.00000000000001421, 20.00000000000000000 ) ) ;
#2761 = CARTESIAN_POINT ( 'NONE',  ( 2.073451861313529235E-14, 60.00000000000000000, -2.400000000000003020 ) ) ;
#2762 = VERTEX_POINT ( 'NONE', #1697 ) ;
#2763 = EDGE_CURVE ( 'NONE', #1346, #2561, #1418, .T. ) ;
#2764 = CARTESIAN_POINT ( 'NONE',  ( -20.00000000000000355, 71.70111908764205566, 3.000000000000000000 ) ) ;
#2765 = VERTEX_POINT ( 'NONE', #175 ) ;
#2766 = CARTESIAN_POINT ( 'NONE',  ( 17.50000000000002132, 162.7011190876420983, -1.500000000000000000 ) ) ;
#2767 = CARTESIAN_POINT ( 'NONE',  ( 2.241070555582017796E-14, 63.00000000000000000, -2.400000000000003020 ) ) ;
#2768 = LINE ( 'NONE', #1737, #683 ) ;
#2769 = ORIENTED_EDGE ( 'NONE', *, *, #649, .F. ) ;
#2770 = FACE_OUTER_BOUND ( 'NONE', #1707, .T. ) ;
#2771 = DIRECTION ( 'NONE',  ( -0.000000000000000000, -0.000000000000000000, 1.000000000000000000 ) ) ;
#2772 = CARTESIAN_POINT ( 'NONE',  ( -16.45751311064590183, 75.00000000000000000, 5.857864376269030338 ) ) ;
#2773 = VECTOR ( 'NONE', #2456, 1000.000000000000000 ) ;
#2774 = CARTESIAN_POINT ( 'NONE',  ( 91.71567416492212033, 80.88562172233854142, -5.000000000000000000 ) ) ;
#2775 = VECTOR ( 'NONE', #957, 1000.000000000000000 ) ;
#2776 = FACE_OUTER_BOUND ( 'NONE', #1460, .T. ) ;
#2777 = AXIS2_PLACEMENT_3D ( 'NONE', #2187, #1649, #174 ) ;
#2778 = CARTESIAN_POINT ( 'NONE',  ( 20.00000000000001776, 168.7011190876420983, 11.00000000000000000 ) ) ;
#2779 = ORIENTED_EDGE ( 'NONE', *, *, #1825, .F. ) ;
#2780 = VECTOR ( 'NONE', #2947, 1000.000000000000114 ) ;
#2781 = CARTESIAN_POINT ( 'NONE',  ( 26.10000000000001563, 62.99999999999998579, 14.90000000000000036 ) ) ;
#2782 = EDGE_CURVE ( 'NONE', #35, #1695, #2345, .T. ) ;
#2783 = VECTOR ( 'NONE', #2143, 1000.000000000000000 ) ;
#2784 = VERTEX_POINT ( 'NONE', #1175 ) ;
#2785 = CIRCLE ( 'NONE', #2063, 1.199999999999999734 ) ;
#2786 = CARTESIAN_POINT ( 'NONE',  ( -12.30000000000000604, 20.20000000000000284, 11.00000000000000000 ) ) ;
#2787 = DIRECTION ( 'NONE',  ( 1.185495751652216669E-16, 1.000000000000000000, 0.000000000000000000 ) ) ;
#2788 = ADVANCED_FACE ( 'NONE', ( #3004 ), #2726, .F. ) ;
#2789 = AXIS2_PLACEMENT_3D ( 'NONE', #2670, #1147, #2406 ) ;
#2790 = ORIENTED_EDGE ( 'NONE', *, *, #1910, .T. ) ;
#2791 = CARTESIAN_POINT ( 'NONE',  ( -24.90000000000000568, 66.00000000000001421, 0.09999999999999722999 ) ) ;
#2792 = CARTESIAN_POINT ( 'NONE',  ( -25.57351462126064945, 75.00000000000001421, 4.264337160856396025 ) ) ;
#2793 = AXIS2_PLACEMENT_3D ( 'NONE', #261, #3193, #5 ) ;
#2794 = ORIENTED_EDGE ( 'NONE', *, *, #1703, .F. ) ;
#2795 = EDGE_LOOP ( 'NONE', ( #1395, #2843 ) ) ;
#2796 = LINE ( 'NONE', #1976, #3100 ) ;
#2797 = LINE ( 'NONE', #1521, #2725 ) ;
#2798 = VERTEX_POINT ( 'NONE', #1221 ) ;
#2799 = LINE ( 'NONE', #1783, #1541 ) ;
#2800 = ORIENTED_EDGE ( 'NONE', *, *, #1043, .F. ) ;
#2801 = CARTESIAN_POINT ( 'NONE',  ( -23.52858092251139865, 74.56145157584924732, 12.92893218813448541 ) ) ;
#2802 = DIRECTION ( 'NONE',  ( -0.000000000000000000, -0.000000000000000000, -1.000000000000000000 ) ) ;
#2803 = VERTEX_POINT ( 'NONE', #2008 ) ;
#2804 = EDGE_CURVE ( 'NONE', #2326, #806, #1692, .T. ) ;
#2805 = EDGE_CURVE ( 'NONE', #12, #3079, #2842, .T. ) ;
#2806 = DIRECTION ( 'NONE',  ( 0.6614378277661477901, -0.7499999999999997780, 2.775557561562891967E-17 ) ) ;
#2807 = ORIENTED_EDGE ( 'NONE', *, *, #225, .F. ) ;
#2808 = VERTEX_POINT ( 'NONE', #2283 ) ;
#2809 = EDGE_CURVE ( 'NONE', #1173, #3122, #2988, .T. ) ;
#2810 = LINE ( 'NONE', #2871, #1793 ) ;
#2811 = LINE ( 'NONE', #565, #2621 ) ;
#2812 = ORIENTED_EDGE ( 'NONE', *, *, #1508, .T. ) ;
#2813 = CARTESIAN_POINT ( 'NONE',  ( 0.000000000000000000, 0.000000000000000000, 11.00000000000000000 ) ) ;
#2814 = EDGE_LOOP ( 'NONE', ( #872, #1323, #718, #1078 ) ) ;
#2815 = VERTEX_POINT ( 'NONE', #1974 ) ;
#2816 = DIRECTION ( 'NONE',  ( -1.445602896647339163E-16, -1.000000000000000000, 7.228014483236695816E-17 ) ) ;
#2817 = DIRECTION ( 'NONE',  ( 0.6614378277661476790, 0.7499999999999998890, 0.000000000000000000 ) ) ;
#2818 = ORIENTED_EDGE ( 'NONE', *, *, #2422, .F. ) ;
#2819 = FACE_OUTER_BOUND ( 'NONE', #1587, .T. ) ;
#2820 = DIRECTION ( 'NONE',  ( 0.000000000000000000, -0.000000000000000000, -1.000000000000000000 ) ) ;
#2821 = DIRECTION ( 'NONE',  ( 1.000000000000000000, 1.095614826932720471E-16, 0.000000000000000000 ) ) ;
#2822 = EDGE_CURVE ( 'NONE', #1355, #1407, #2221, .T. ) ;
#2823 = ORIENTED_EDGE ( 'NONE', *, *, #509, .F. ) ;
#2824 = AXIS2_PLACEMENT_3D ( 'NONE', #2643, #2614, #377 ) ;
#2825 = CARTESIAN_POINT ( 'NONE',  ( 27.39999999999999503, 59.99999999999999289, 4.801153862804492442E-15 ) ) ;
#2826 = LINE ( 'NONE', #1573, #2878 ) ;
#2827 = EDGE_CURVE ( 'NONE', #2815, #673, #2955, .T. ) ;
#2828 = AXIS2_PLACEMENT_3D ( 'NONE', #1413, #2900, #660 ) ;
#2829 = ADVANCED_FACE ( 'NONE', ( #3213 ), #2742, .T. ) ;
#2830 = ORIENTED_EDGE ( 'NONE', *, *, #1038, .F. ) ;
#2831 = CARTESIAN_POINT ( 'NONE',  ( 3.277587836424283229E-14, 199.2521897644363946, 4.794268070985928887 ) ) ;
#2832 = AXIS2_PLACEMENT_3D ( 'NONE', #908, #675, #2951 ) ;
#2833 = VERTEX_POINT ( 'NONE', #762 ) ;
#2834 = AXIS2_PLACEMENT_3D ( 'NONE', #1096, #2101, #2056 ) ;
#2835 = ORIENTED_EDGE ( 'NONE', *, *, #321, .T. ) ;
#2836 = DIRECTION ( 'NONE',  ( 0.000000000000000000, 0.000000000000000000, -1.000000000000000000 ) ) ;
#2837 = AXIS2_PLACEMENT_3D ( 'NONE', #705, #1967, #209 ) ;
#2838 = ORIENTED_EDGE ( 'NONE', *, *, #617, .F. ) ;
#2839 = AXIS2_PLACEMENT_3D ( 'NONE', #1325, #1353, #820 ) ;
#2840 = PLANE ( 'NONE',  #1011 ) ;
#2841 = CARTESIAN_POINT ( 'NONE',  ( 24.09689285622721755, 169.1629781702440027, 2.675896908319324030 ) ) ;
#2842 = CIRCLE ( 'NONE', #3200, 10.00000000000000000 ) ;
#2843 = ORIENTED_EDGE ( 'NONE', *, *, #539, .F. ) ;
#2844 = DIRECTION ( 'NONE',  ( -1.000000000000000000, 0.000000000000000000, 0.000000000000000000 ) ) ;
#2845 = CARTESIAN_POINT ( 'NONE',  ( -16.45751311064592315, 65.00000000000001421, 20.00000000000000000 ) ) ;
#2846 = ORIENTED_EDGE ( 'NONE', *, *, #1287, .T. ) ;
#2847 = CARTESIAN_POINT ( 'NONE',  ( 9.999999999999994671, 79.20000000000000284, 13.00000000000000000 ) ) ;
#2848 = EDGE_CURVE ( 'NONE', #2784, #2259, #1237, .T. ) ;
#2849 = EDGE_CURVE ( 'NONE', #12, #1485, #2709, .T. ) ;
#2850 = ORIENTED_EDGE ( 'NONE', *, *, #868, .T. ) ;
#2851 = ORIENTED_EDGE ( 'NONE', *, *, #2747, .F. ) ;
#2852 = DIRECTION ( 'NONE',  ( -0.000000000000000000, -1.000000000000000000, -0.000000000000000000 ) ) ;
#2853 = CARTESIAN_POINT ( 'NONE',  ( 0.000000000000000000, 0.000000000000000000, 13.00000000000000000 ) ) ;
#2854 = ORIENTED_EDGE ( 'NONE', *, *, #752, .T. ) ;
#2855 = CARTESIAN_POINT ( 'NONE',  ( 24.87794892019068271, 169.0974218047026056, 11.57956419045520846 ) ) ;
#2856 = CARTESIAN_POINT ( 'NONE',  ( 18.00000000000002842, 25.00506482483916670, 2.000000000000008882 ) ) ;
#2857 = FACE_OUTER_BOUND ( 'NONE', #764, .T. ) ;
#2858 = EDGE_LOOP ( 'NONE', ( #2974, #1076, #978, #2587 ) ) ;
#2859 = DIRECTION ( 'NONE',  ( 1.752245935330108428E-16, -6.055329326815466478E-32, -1.000000000000000000 ) ) ;
#2860 = FACE_OUTER_BOUND ( 'NONE', #2192, .T. ) ;
#2861 = ORIENTED_EDGE ( 'NONE', *, *, #2055, .T. ) ;
#2862 = ADVANCED_FACE ( 'NONE', ( #1502 ), #2272, .F. ) ;
#2863 = ORIENTED_EDGE ( 'NONE', *, *, #2290, .F. ) ;
#2864 = DIRECTION ( 'NONE',  ( -3.346007010100586134E-16, -1.000000000000000000, -0.000000000000000000 ) ) ;
#2865 = ORIENTED_EDGE ( 'NONE', *, *, #1825, .T. ) ;
#2866 = CARTESIAN_POINT ( 'NONE',  ( 27.39999999999999147, 59.99999999999999289, 17.39999999999999858 ) ) ;
#2867 = PLANE ( 'NONE',  #2824 ) ;
#2868 = B_SPLINE_CURVE_WITH_KNOTS ( 'NONE', 3,
 ( #1276, #245, #2, #994, #1998, #2995, #1547, #2277 ),
 .UNSPECIFIED., .F., .F.,
 ( 4, 2, 2, 4 ),
 ( 1.734723475976806902E-18, 0.001797102358907051939, 0.002695653538360580186, 0.003594204717814108649 ),
 .UNSPECIFIED. ) ;
#2869 = ORIENTED_EDGE ( 'NONE', *, *, #225, .T. ) ;
#2870 = CARTESIAN_POINT ( 'NONE',  ( -26.45751311064591249, 168.6420450251705461, 5.857864376269030338 ) ) ;
#2871 = CARTESIAN_POINT ( 'NONE',  ( 34.42220510185597959, 37.00506482483916670, 2.000000000000007994 ) ) ;
#2872 = CARTESIAN_POINT ( 'NONE',  ( -6.765421556309545144E-14, 64.99999999999998579, 20.00000000000000000 ) ) ;
#2873 = CARTESIAN_POINT ( 'NONE',  ( 13.94696193444277199, 27.14795580730835667, 15.00000000000000000 ) ) ;
#2874 = VECTOR ( 'NONE', #2802, 1000.000000000000000 ) ;
#2875 = CARTESIAN_POINT ( 'NONE',  ( -17.49999999999998934, 162.7011190876420983, 0.000000000000000000 ) ) ;
#2876 = EDGE_LOOP ( 'NONE', ( #2458, #453, #1497, #388, #1196, #3063, #874, #836, #1872, #512, #2865, #2558, #207, #1729, #2850, #1088, #1529 ) ) ;
#2877 = ORIENTED_EDGE ( 'NONE', *, *, #2112, .F. ) ;
#2878 = VECTOR ( 'NONE', #2570, 1000.000000000000000 ) ;
#2879 = CARTESIAN_POINT ( 'NONE',  ( 20.00000000000000711, 168.7011190876420983, 3.000000000000000000 ) ) ;
#2880 = EDGE_CURVE ( 'NONE', #830, #1519, #2997, .T. ) ;
#2881 = ORIENTED_EDGE ( 'NONE', *, *, #493, .T. ) ;
#2882 = VECTOR ( 'NONE', #117, 1000.000000000000000 ) ;
#2883 = CARTESIAN_POINT ( 'NONE',  ( 25.71682759085399184, 170.4638010653729623, 5.323005114597565424 ) ) ;
#2884 = ADVANCED_FACE ( 'NONE', ( #251 ), #2461, .T. ) ;
#2885 = ADVANCED_FACE ( 'NONE', ( #489 ), #777, .T. ) ;
#2886 = DIRECTION ( 'NONE',  ( 0.6831300510639709556, -0.2581988897471621525, 0.6831300510639750634 ) ) ;
#2887 = CIRCLE ( 'NONE', #531, 10.00000000000000000 ) ;
#2888 = VERTEX_POINT ( 'NONE', #1723 ) ;
#2889 = DIRECTION ( 'NONE',  ( 9.637352644315590312E-17, 1.000000000000000000, 0.000000000000000000 ) ) ;
#2890 = CARTESIAN_POINT ( 'NONE',  ( -27.39999999999998437, 121.2673150230899353, 17.39999999999999858 ) ) ;
#2891 = AXIS2_PLACEMENT_3D ( 'NONE', #975, #2968, #2481 ) ;
#2892 = CARTESIAN_POINT ( 'NONE',  ( 59.78434077513687583, 65.02659682051326229, -4.999964630394371667 ) ) ;
#2893 = LINE ( 'NONE', #1914, #2199 ) ;
#2894 = ORIENTED_EDGE ( 'NONE', *, *, #831, .F. ) ;
#2895 = ORIENTED_EDGE ( 'NONE', *, *, #1369, .T. ) ;
#2896 = CYLINDRICAL_SURFACE ( 'NONE', #118, 1.199999999999999734 ) ;
#2897 = VERTEX_POINT ( 'NONE', #2236 ) ;
#2898 = PRODUCT_DEFINITION ( '鏈', '', #646, #1908 ) ;
#2899 = CARTESIAN_POINT ( 'NONE',  ( -17.99999999999998224, 60.00000000000005684, 15.00000000000000000 ) ) ;
#2900 = DIRECTION ( 'NONE',  ( 1.185495751652216669E-16, 1.000000000000000000, -8.673617379884034486E-16 ) ) ;
#2901 = ORIENTED_EDGE ( 'NONE', *, *, #221, .T. ) ;
#2902 = EDGE_CURVE ( 'NONE', #2169, #116, #11, .T. ) ;
#2903 = ADVANCED_FACE ( 'NONE', ( #793 ), #2317, .T. ) ;
#2904 = DIRECTION ( 'NONE',  ( -0.000000000000000000, -0.000000000000000000, -1.000000000000000000 ) ) ;
#2905 = B_SPLINE_CURVE_WITH_KNOTS ( 'NONE', 3,
 ( #1615, #2061, #3054, #2331, #2855, #542 ),
 .UNSPECIFIED., .F., .F.,
 ( 4, 2, 4 ),
 ( 0.000000000000000000, 0.001742028160934527056, 0.003484056321869054111 ),
 .UNSPECIFIED. ) ;
#2906 = CARTESIAN_POINT ( 'NONE',  ( 59.76708378345779238, 65.01773123196730353, -4.999988210124508115 ) ) ;
#2907 = LINE ( 'NONE', #458, #750 ) ;
#2908 = DIRECTION ( 'NONE',  ( -2.312964634635743450E-16, -1.000000000000000000, -0.000000000000000000 ) ) ;
#2909 = LINE ( 'NONE', #3135, #680 ) ;
#2910 = EDGE_LOOP ( 'NONE', ( #1604, #2423, #1002, #2048 ) ) ;
#2911 = ORIENTED_EDGE ( 'NONE', *, *, #1188, .F. ) ;
#2912 = CARTESIAN_POINT ( 'NONE',  ( -15.00000000000000355, -14.99493517516083152, -1.200000000000000030E-05 ) ) ;
#2913 = VERTEX_POINT ( 'NONE', #76 ) ;
#2914 = CARTESIAN_POINT ( 'NONE',  ( 24.97041301440313177, 169.8631327086292515, 3.867244709463102392 ) ) ;
#2915 = DIRECTION ( 'NONE',  ( 0.000000000000000000, -0.000000000000000000, -1.000000000000000000 ) ) ;
#2916 = DIRECTION ( 'NONE',  ( 0.8894855250124434898, -0.4569633473193858153, -0.000000000000000000 ) ) ;
#2917 = EDGE_LOOP ( 'NONE', ( #656, #1060, #2593, #2958 ) ) ;
#2918 = LINE ( 'NONE', #2870, #1051 ) ;
#2919 = CARTESIAN_POINT ( 'NONE',  ( 59.78434077513687583, 65.02659682051326229, -4.999964630394371667 ) ) ;
#2920 = EDGE_CURVE ( 'NONE', #2116, #502, #1794, .T. ) ;
#2921 = CARTESIAN_POINT ( 'NONE',  ( 17.50000000000002132, 162.7011190876420983, 0.000000000000000000 ) ) ;
#2922 = EDGE_CURVE ( 'NONE', #2229, #2032, #2076, .T. ) ;
#2923 = ADVANCED_FACE ( 'NONE', ( #591 ), #1314, .F. ) ;
#2924 = LINE ( 'NONE', #2468, #516 ) ;
#2925 = ORIENTED_EDGE ( 'NONE', *, *, #3182, .F. ) ;
#2926 = ORIENTED_EDGE ( 'NONE', *, *, #88, .F. ) ;
#2927 = FACE_OUTER_BOUND ( 'NONE', #182, .T. ) ;
#2928 = VECTOR ( 'NONE', #241, 1000.000000000000227 ) ;
#2929 = AXIS2_PLACEMENT_3D ( 'NONE', #138, #557, #1568 ) ;
#2930 = ORIENTED_EDGE ( 'NONE', *, *, #844, .T. ) ;
#2931 = CARTESIAN_POINT ( 'NONE',  ( 20.00000000000002842, -19.99999999999999645, 13.00000000000000000 ) ) ;
#2932 = AXIS2_PLACEMENT_3D ( 'NONE', #395, #939, #2658 ) ;
#2933 = DIRECTION ( 'NONE',  ( -1.273953278986993364E-16, -1.000000000000000000, 0.000000000000000000 ) ) ;
#2934 = ORIENTED_EDGE ( 'NONE', *, *, #2027, .F. ) ;
#2935 = AXIS2_PLACEMENT_3D ( 'NONE', #2971, #2966, #1487 ) ;
#2936 = CARTESIAN_POINT ( 'NONE',  ( -7.806255641895628138E-14, 74.99999999999998579, 15.00000000000000000 ) ) ;
#2937 = CARTESIAN_POINT ( 'NONE',  ( 9.999999999999992895, 61.20000000000000284, 13.00000000000000000 ) ) ;
#2938 = CIRCLE ( 'NONE', #2360, 1.199999999999999734 ) ;
#2939 = AXIS2_PLACEMENT_3D ( 'NONE', #337, #1108, #1352 ) ;
#2940 = PLANE ( 'NONE',  #1010 ) ;
#2941 = DIRECTION ( 'NONE',  ( 1.185495751652216669E-16, 1.000000000000000000, 0.000000000000000000 ) ) ;
#2942 = VECTOR ( 'NONE', #299, 1000.000000000000000 ) ;
#2943 = VERTEX_POINT ( 'NONE', #1821 ) ;
#2944 = ORIENTED_EDGE ( 'NONE', *, *, #2400, .T. ) ;
#2945 = ADVANCED_FACE ( 'NONE', ( #3069 ), #827, .T. ) ;
#2946 = EDGE_CURVE ( 'NONE', #339, #2071, #1101, .T. ) ;
#2947 = DIRECTION ( 'NONE',  ( 0.8894855250124432677, 0.4569633473193863149, -0.000000000000000000 ) ) ;
#2948 = VECTOR ( 'NONE', #213, 1000.000000000000000 ) ;
#2949 = ORIENTED_EDGE ( 'NONE', *, *, #2469, .F. ) ;
#2950 = DIRECTION ( 'NONE',  ( 1.000000000000000000, 0.000000000000000000, 0.000000000000000000 ) ) ;
#2951 = DIRECTION ( 'NONE',  ( 1.000000000000000000, 1.095614826932720471E-16, 0.000000000000000000 ) ) ;
#2952 = DIRECTION ( 'NONE',  ( -0.000000000000000000, -1.000000000000000000, -0.000000000000000000 ) ) ;
#2953 = ORIENTED_EDGE ( 'NONE', *, *, #926, .T. ) ;
#2954 = FACE_OUTER_BOUND ( 'NONE', #2975, .T. ) ;
#2955 = LINE ( 'NONE', #715, #699 ) ;
#2956 = LINE ( 'NONE', #2177, #1846 ) ;
#2957 = DIRECTION ( 'NONE',  ( 0.000000000000000000, 0.000000000000000000, 1.000000000000000000 ) ) ;
#2958 = ORIENTED_EDGE ( 'NONE', *, *, #1681, .F. ) ;
#2959 = ORIENTED_EDGE ( 'NONE', *, *, #599, .F. ) ;
#2960 = DIRECTION ( 'NONE',  ( -1.000000000000000000, 0.000000000000000000, 0.000000000000000000 ) ) ;
#2961 = EDGE_CURVE ( 'NONE', #1485, #2419, #2905, .T. ) ;
#2962 = VERTEX_POINT ( 'NONE', #1363 ) ;
#2963 = CARTESIAN_POINT ( 'NONE',  ( -66.45751311064591960, 75.00000000000002842, -0.8455185095588707567 ) ) ;
#2964 = ADVANCED_FACE ( 'NONE', ( #2819 ), #2840, .T. ) ;
#2965 = ORIENTED_EDGE ( 'NONE', *, *, #2648, .T. ) ;
#2966 = DIRECTION ( 'NONE',  ( 1.000000000000000000, 0.000000000000000000, 0.000000000000000000 ) ) ;
#2967 = CARTESIAN_POINT ( 'NONE',  ( 24.89999999999999147, 62.99999999999998579, 0.09999999999999592548 ) ) ;
#2968 = DIRECTION ( 'NONE',  ( -1.000000000000000000, 3.455753102189216147E-16, -1.752245935330108674E-16 ) ) ;
#2969 = FACE_OUTER_BOUND ( 'NONE', #2555, .T. ) ;
#2970 = CARTESIAN_POINT ( 'NONE',  ( 0.000000000000000000, -19.99999999999999645, 15.00000000000000000 ) ) ;
#2971 = CARTESIAN_POINT ( 'NONE',  ( -17.99999999999997513, 60.00000000000005684, 0.000000000000000000 ) ) ;
#2972 = DIRECTION ( 'NONE',  ( -0.000000000000000000, 0.000000000000000000, 1.000000000000000000 ) ) ;
#2973 = CARTESIAN_POINT ( 'NONE',  ( 26.28140416096750798, 170.1996887790722326, 6.946680748883312440 ) ) ;
#2974 = ORIENTED_EDGE ( 'NONE', *, *, #724, .F. ) ;
#2975 = EDGE_LOOP ( 'NONE', ( #2497, #2488, #3159, #3179 ) ) ;
#2976 = FACE_OUTER_BOUND ( 'NONE', #1923, .T. ) ;
#2977 = ORIENTED_EDGE ( 'NONE', *, *, #2848, .F. ) ;
#2978 = AXIS2_PLACEMENT_3D ( 'NONE', #1383, #1072, #362 ) ;
#2979 = ADVANCED_FACE ( 'NONE', ( #106 ), #1601, .F. ) ;
#2980 = PRODUCT_CONTEXT ( 'NONE', #1888, 'mechanical' ) ;
#2981 = CARTESIAN_POINT ( 'NONE',  ( 23.69999999999999218, 65.99999999999998579, 0.09999999999999607814 ) ) ;
#2982 = LINE ( 'NONE', #2022, #2099 ) ;
#2983 = VECTOR ( 'NONE', #1199, 1000.000000000000000 ) ;
#2984 = ORIENTED_EDGE ( 'NONE', *, *, #2805, .T. ) ;
#2985 = CARTESIAN_POINT ( 'NONE',  ( 0.000000000000000000, -14.99493517516083152, 0.000000000000000000 ) ) ;
#2986 = CIRCLE ( 'NONE', #270, 1.199999999999999734 ) ;
#2987 = ADVANCED_FACE ( 'NONE', ( #2584 ), #121, .T. ) ;
#2988 = LINE ( 'NONE', #42, #1848 ) ;
#2989 = DIRECTION ( 'NONE',  ( 1.040834085586084059E-15, -1.000000000000000000, -0.000000000000000000 ) ) ;
#2990 = MECHANICAL_DESIGN_GEOMETRIC_PRESENTATION_REPRESENTATION (  '', ( #2623 ), #2204 ) ;
#2991 = DIRECTION ( 'NONE',  ( 1.000000000000000000, -3.346007010100586627E-16, 0.000000000000000000 ) ) ;
#2992 = DIRECTION ( 'NONE',  ( -0.6614378277661476790, 0.7499999999999998890, 2.656504963745464907E-17 ) ) ;
#2993 = AXIS2_PLACEMENT_3D ( 'NONE', #667, #1191, #1176 ) ;
#2994 = ORIENTED_EDGE ( 'NONE', *, *, #2444, .F. ) ;
#2995 = CARTESIAN_POINT ( 'NONE',  ( -25.29467238386868644, 74.98844803805266679, 10.54782208303205593 ) ) ;
#2996 = VECTOR ( 'NONE', #3162, 1000.000000000000000 ) ;
#2997 =( BOUNDED_CURVE ( )  B_SPLINE_CURVE ( 3, ( #1489, #2252, #457, #1469 ),
 .UNSPECIFIED., .F., .F. ) 
 B_SPLINE_CURVE_WITH_KNOTS ( ( 4, 4 ),
 ( 4.709729295197633725, 4.712388980384689674 ),
 .UNSPECIFIED. ) 
 CURVE ( )  GEOMETRIC_REPRESENTATION_ITEM ( )  RATIONAL_B_SPLINE_CURVE ( ( 1.000000000000000000, 0.9999994105063123584, 0.9999994105063123584, 1.000000000000000000 ) ) 
 REPRESENTATION_ITEM ( '' )  );
#2998 = VERTEX_POINT ( 'NONE', #1347 ) ;
#2999 = CARTESIAN_POINT ( 'NONE',  ( 0.000000000000000000, 162.7011190876420983, -5.000000000000000000 ) ) ;
#3000 = CARTESIAN_POINT ( 'NONE',  ( 9.999999999999994671, 79.20000000000000284, 13.00000000000000000 ) ) ;
#3001 = ORIENTED_EDGE ( 'NONE', *, *, #1200, .F. ) ;
#3002 = CARTESIAN_POINT ( 'NONE',  ( 11.89999999999999325, 56.99999999999999289, 13.00000000000000178 ) ) ;
#3003 = PLANE ( 'NONE',  #3044 ) ;
#3004 = FACE_OUTER_BOUND ( 'NONE', #612, .T. ) ;
#3005 = ORIENTED_EDGE ( 'NONE', *, *, #1362, .T. ) ;
#3006 = EDGE_CURVE ( 'NONE', #526, #119, #334, .T. ) ;
#3007 = CARTESIAN_POINT ( 'NONE',  ( -17.39008691546496266, 75.00000000000000000, 10.07470942855000295 ) ) ;
#3008 = DIRECTION ( 'NONE',  ( 1.000000000000000000, 0.000000000000000000, 0.000000000000000000 ) ) ;
#3009 = EDGE_CURVE ( 'NONE', #1290, #254, #2296, .T. ) ;
#3010 = ORIENTED_EDGE ( 'NONE', *, *, #1881, .F. ) ;
#3011 = CARTESIAN_POINT ( 'NONE',  ( 2.602085213965210642E-14, 75.00000000000000000, 15.00000000000000000 ) ) ;
#3012 = ORIENTED_EDGE ( 'NONE', *, *, #2486, .F. ) ;
#3013 = DIRECTION ( 'NONE',  ( 1.156482317317871725E-16, 1.000000000000000000, -0.000000000000000000 ) ) ;
#3014 = CARTESIAN_POINT ( 'NONE',  ( -19.99999999999997158, 60.00000000000005684, 1.999999999999999556 ) ) ;
#3015 = PLANE ( 'NONE',  #1992 ) ;
#3016 = ORIENTED_EDGE ( 'NONE', *, *, #342, .T. ) ;
#3017 = DIRECTION ( 'NONE',  ( -3.346007010100586134E-16, -1.000000000000000000, -0.000000000000000000 ) ) ;
#3018 = CARTESIAN_POINT ( 'NONE',  ( 11.89999999999999325, 56.99999999999999289, 13.00000000000000178 ) ) ;
#3019 = CARTESIAN_POINT ( 'NONE',  ( -24.46115472733038843, 169.2454474557126218, 3.003641616684461724 ) ) ;
#3020 = CARTESIAN_POINT ( 'NONE',  ( 4.386934713946172956E-15, 37.00506482483918091, 11.00000000000000000 ) ) ;
#3021 = FACE_OUTER_BOUND ( 'NONE', #1277, .T. ) ;
#3022 = ADVANCED_FACE ( 'NONE', ( #346 ), #2346, .T. ) ;
#3023 = CARTESIAN_POINT ( 'NONE',  ( 16.45751311064594447, 65.00000000000000000, 20.00000000000000000 ) ) ;
#3024 = ORIENTED_EDGE ( 'NONE', *, *, #185, .F. ) ;
#3025 = PLANE ( 'NONE',  #745 ) ;
#3026 = EDGE_CURVE ( 'NONE', #8, #2998, #861, .T. ) ;
#3027 = EDGE_CURVE ( 'NONE', #1647, #2784, #358, .T. ) ;
#3028 = ORIENTED_EDGE ( 'NONE', *, *, #302, .T. ) ;
#3029 = DIRECTION ( 'NONE',  ( -1.000000000000000000, 0.000000000000000000, 0.000000000000000000 ) ) ;
#3030 = PLANE ( 'NONE',  #1046 ) ;
#3031 = AXIS2_PLACEMENT_3D ( 'NONE', #2077, #829, #2821 ) ;
#3032 = VERTEX_POINT ( 'NONE', #674 ) ;
#3033 = CARTESIAN_POINT ( 'NONE',  ( -10.00000000000000533, 79.20000000000000284, 11.00000000000000000 ) ) ;
#3034 = DIRECTION ( 'NONE',  ( -3.346007010100586627E-16, -1.000000000000000000, 0.000000000000000000 ) ) ;
#3035 = CARTESIAN_POINT ( 'NONE',  ( -26.00677561912519309, 75.00000000000001421, 5.000000000000000888 ) ) ;
#3036 = VECTOR ( 'NONE', #2992, 1000.000000000000000 ) ;
#3037 = DIRECTION ( 'NONE',  ( -1.000000000000000000, -1.387778780781445676E-15, 3.469446951953614189E-15 ) ) ;
#3038 = ORIENTED_EDGE ( 'NONE', *, *, #1882, .T. ) ;
#3039 = VECTOR ( 'NONE', #1274, 1000.000000000000000 ) ;
#3040 = LINE ( 'NONE', #2540, #172 ) ;
#3041 = AXIS2_PLACEMENT_3D ( 'NONE', #1377, #2680, #700 ) ;
#3042 = DIRECTION ( 'NONE',  ( -3.346007010100586627E-16, -1.000000000000000000, 0.000000000000000000 ) ) ;
#3043 = ORIENTED_EDGE ( 'NONE', *, *, #2689, .F. ) ;
#3044 = AXIS2_PLACEMENT_3D ( 'NONE', #2513, #454, #1250 ) ;
#3045 = CARTESIAN_POINT ( 'NONE',  ( 7.500000000000004441, 193.3856217223384988, -5.000000000000000000 ) ) ;
#3046 = VECTOR ( 'NONE', #1845, 1000.000000000000000 ) ;
#3047 = ADVANCED_FACE ( 'NONE', ( #3145 ), #137, .F. ) ;
#3048 = ORIENTED_EDGE ( 'NONE', *, *, #2609, .T. ) ;
#3049 = EDGE_CURVE ( 'NONE', #1380, #2713, #1919, .T. ) ;
#3050 = VECTOR ( 'NONE', #1118, 1000.000000000000000 ) ;
#3051 = CARTESIAN_POINT ( 'NONE',  ( 15.59999999999999609, 71.70111908764206987, 11.00000000000000000 ) ) ;
#3052 = CARTESIAN_POINT ( 'NONE',  ( -23.52858092251139155, 168.8929676890319911, 12.92893218813450673 ) ) ;
#3053 = VERTEX_POINT ( 'NONE', #2424 ) ;
#3054 = CARTESIAN_POINT ( 'NONE',  ( 25.91707493477442270, 169.1512759966000488, 10.18146851711349576 ) ) ;
#3055 = DIRECTION ( 'NONE',  ( -0.6614378277661476790, -0.7499999999999998890, 1.387778780781476182E-17 ) ) ;
#3056 = EDGE_LOOP ( 'NONE', ( #1376, #856, #529, #371 ) ) ;
#3057 = CARTESIAN_POINT ( 'NONE',  ( 24.89999999999999147, 65.99999999999998579, 0.09999999999999592548 ) ) ;
#3058 = CARTESIAN_POINT ( 'NONE',  ( -15.60000000000001208, 1.849373372577459532E-15, 3.000000000000000000 ) ) ;
#3059 = VERTEX_POINT ( 'NONE', #1133 ) ;
#3060 = CARTESIAN_POINT ( 'NONE',  ( 34.42220510185597959, 25.00506482483916315, 2.000000000000008882 ) ) ;
#3061 = CARTESIAN_POINT ( 'NONE',  ( -26.10000000000000497, 63.00000000000001421, 14.90000000000000036 ) ) ;
#3062 = ORIENTED_EDGE ( 'NONE', *, *, #89, .F. ) ;
#3063 = ORIENTED_EDGE ( 'NONE', *, *, #3123, .T. ) ;
#3064 = CARTESIAN_POINT ( 'NONE',  ( 15.59999999999999254, 37.00506482483916670, 2.000000000000007994 ) ) ;
#3065 = EDGE_CURVE ( 'NONE', #796, #254, #922, .T. ) ;
#3066 = PLANE ( 'NONE',  #1359 ) ;
#3067 = VERTEX_POINT ( 'NONE', #693 ) ;
#3068 = PRODUCT ( '\X2\5b9d5251ff0865e05fc3738768c06d4b6a215757ff09\X0\', '\X2\5b9d5251ff0865e05fc3738768c06d4b6a215757ff09\X0\', '', ( #2980 ) ) ;
#3069 = FACE_OUTER_BOUND ( 'NONE', #2070, .T. ) ;
#3070 = DIRECTION ( 'NONE',  ( 0.000000000000000000, -1.000000000000000000, 0.000000000000000000 ) ) ;
#3071 = EDGE_CURVE ( 'NONE', #75, #1, #2438, .T. ) ;
#3072 = EDGE_CURVE ( 'NONE', #1338, #502, #2477, .T. ) ;
#3073 = CARTESIAN_POINT ( 'NONE',  ( 15.60000000000000142, 162.7011190876420983, 3.000000000000000000 ) ) ;
#3074 = ORIENTED_EDGE ( 'NONE', *, *, #2704, .F. ) ;
#3075 = CARTESIAN_POINT ( 'NONE',  ( -17.99999999999997513, -19.99999999999999645, 2.000000000000000000 ) ) ;
#3076 = DIRECTION ( 'NONE',  ( 1.185495751652216669E-16, 1.000000000000000000, 0.000000000000000000 ) ) ;
#3077 = ORIENTED_EDGE ( 'NONE', *, *, #243, .T. ) ;
#3078 = DIRECTION ( 'NONE',  ( 0.6614378277661476790, 0.7499999999999998890, -0.000000000000000000 ) ) ;
#3079 = VERTEX_POINT ( 'NONE', #1905 ) ;
#3080 = ORIENTED_EDGE ( 'NONE', *, *, #1969, .F. ) ;
#3081 = CARTESIAN_POINT ( 'NONE',  ( 0.000000000000000000, 71.70111908764206987, 3.000000000000000000 ) ) ;
#3082 = ORIENTED_EDGE ( 'NONE', *, *, #1927, .F. ) ;
#3083 = DIRECTION ( 'NONE',  ( 1.000000000000000000, -0.000000000000000000, -0.000000000000000000 ) ) ;
#3084 = PLANE ( 'NONE',  #2566 ) ;
#3085 = ORIENTED_EDGE ( 'NONE', *, *, #787, .T. ) ;
#3086 = ADVANCED_FACE ( 'NONE', ( #1693 ), #151, .F. ) ;
#3087 = EDGE_CURVE ( 'NONE', #1354, #2578, #2138, .T. ) ;
#3088 = CARTESIAN_POINT ( 'NONE',  ( 0.000000000000000000, 162.7011190876420983, 0.000000000000000000 ) ) ;
#3089 = CIRCLE ( 'NONE', #2352, 1.199999999999999734 ) ;
#3090 = ORIENTED_EDGE ( 'NONE', *, *, #1324, .T. ) ;
#3091 = PLANE ( 'NONE',  #2369 ) ;
#3092 = VECTOR ( 'NONE', #532, 1000.000000000000000 ) ;
#3093 = VERTEX_POINT ( 'NONE', #391 ) ;
#3094 = AXIS2_PLACEMENT_3D ( 'NONE', #2158, #697, #1385 ) ;
#3095 = ORIENTED_EDGE ( 'NONE', *, *, #226, .T. ) ;
#3096 = CARTESIAN_POINT ( 'NONE',  ( 24.90000000000001634, 65.99999999999998579, 14.90000000000000036 ) ) ;
#3097 = CARTESIAN_POINT ( 'NONE',  ( 13.09999999999999432, 20.20000000000000284, 13.00000000000000178 ) ) ;
#3098 = VECTOR ( 'NONE', #1961, 1000.000000000000000 ) ;
#3099 = EDGE_LOOP ( 'NONE', ( #1036, #2180, #1307, #2005 ) ) ;
#3100 = VECTOR ( 'NONE', #2972, 1000.000000000000000 ) ;
#3101 = PRESENTATION_STYLE_ASSIGNMENT (( #1100 ) ) ;
#3102 = DIRECTION ( 'NONE',  ( 1.000000000000000000, -3.469446951953614189E-16, 0.000000000000000000 ) ) ;
#3103 = CARTESIAN_POINT ( 'NONE',  ( -24.90000000000000568, 66.00000000000001421, 14.90000000000000036 ) ) ;
#3104 = VECTOR ( 'NONE', #1673, 1000.000000000000000 ) ;
#3105 = VERTEX_POINT ( 'NONE', #1434 ) ;
#3106 = CARTESIAN_POINT ( 'NONE',  ( 14.99999999999999645, -1.910929918480489504E-15, 0.000000000000000000 ) ) ;
#3107 = EDGE_CURVE ( 'NONE', #598, #719, #1658, .T. ) ;
#3108 = EDGE_CURVE ( 'NONE', #1360, #3122, #1869, .T. ) ;
#3109 = ORIENTED_EDGE ( 'NONE', *, *, #478, .T. ) ;
#3110 = ORIENTED_EDGE ( 'NONE', *, *, #418, .T. ) ;
#3111 = LINE ( 'NONE', #2435, #2780 ) ;
#3112 = EDGE_LOOP ( 'NONE', ( #407, #470, #2800, #148 ) ) ;
#3113 = FILL_AREA_STYLE ('',( #1167 ) ) ;
#3114 = DIRECTION ( 'NONE',  ( -3.346007010100586134E-16, -1.000000000000000000, -0.000000000000000000 ) ) ;
#3115 = CARTESIAN_POINT ( 'NONE',  ( 20.00000000000002842, 63.00000000000000000, 13.00000000000000000 ) ) ;
#3116 = ORIENTED_EDGE ( 'NONE', *, *, #3049, .T. ) ;
#3117 = CARTESIAN_POINT ( 'NONE',  ( -16.45751311064587696, 154.8814210796308828, -5.000000000000000000 ) ) ;
#3118 = DIRECTION ( 'NONE',  ( -1.000000000000000000, 0.000000000000000000, -0.000000000000000000 ) ) ;
#3119 = EDGE_CURVE ( 'NONE', #3032, #757, #437, .T. ) ;
#3120 = CARTESIAN_POINT ( 'NONE',  ( 92.41510451853648078, 81.50246131402974470, 10.07470942855004736 ) ) ;
#3121 = VERTEX_POINT ( 'NONE', #2389 ) ;
#3122 = VERTEX_POINT ( 'NONE', #2866 ) ;
#3123 = EDGE_CURVE ( 'NONE', #2374, #3188, #404, .T. ) ;
#3124 = EDGE_CURVE ( 'NONE', #2081, #2654, #1168, .T. ) ;
#3125 = CARTESIAN_POINT ( 'NONE',  ( -15.59999999999999787, 162.7011190876420983, 3.000000000000000000 ) ) ;
#3126 = ORIENTED_EDGE ( 'NONE', *, *, #31, .T. ) ;
#3127 = LINE ( 'NONE', #1382, #805 ) ;
#3128 = LINE ( 'NONE', #889, #1414 ) ;
#3129 = ORIENTED_EDGE ( 'NONE', *, *, #1246, .F. ) ;
#3130 = CARTESIAN_POINT ( 'NONE',  ( -11.10000000000000497, 20.20000000000000284, 13.00000000000000178 ) ) ;
#3131 = FACE_OUTER_BOUND ( 'NONE', #2179, .T. ) ;
#3132 = AXIS2_PLACEMENT_3D ( 'NONE', #3103, #645, #1585 ) ;
#3133 = CARTESIAN_POINT ( 'NONE',  ( 63.69554477766123313, 70.87209465470370162, -4.984417409733840287 ) ) ;
#3134 = VECTOR ( 'NONE', #1082, 1000.000000000000000 ) ;
#3135 = CARTESIAN_POINT ( 'NONE',  ( 16.45751311064586631, 1.803109537846324839E-15, -5.000000000000000000 ) ) ;
#3136 = ORIENTED_EDGE ( 'NONE', *, *, #967, .F. ) ;
#3137 = ORIENTED_EDGE ( 'NONE', *, *, #32, .T. ) ;
#3138 = AXIS2_PLACEMENT_3D ( 'NONE', #2323, #781, #96 ) ;
#3139 = CARTESIAN_POINT ( 'NONE',  ( 20.00000000000002842, 63.00000000000000000, 2.000000000000000000 ) ) ;
#3140 = EDGE_CURVE ( 'NONE', #3173, #790, #1625, .T. ) ;
#3141 = VECTOR ( 'NONE', #1132, 1000.000000000000000 ) ;
#3142 = EDGE_CURVE ( 'NONE', #2833, #2109, #3127, .T. ) ;
#3143 = ORIENTED_EDGE ( 'NONE', *, *, #967, .T. ) ;
#3144 = VECTOR ( 'NONE', #1854, 1000.000000000000000 ) ;
#3145 = FACE_OUTER_BOUND ( 'NONE', #1948, .T. ) ;
#3146 = CYLINDRICAL_SURFACE ( 'NONE', #2832, 10.00000000000000178 ) ;
#3147 = FACE_OUTER_BOUND ( 'NONE', #3099, .T. ) ;
#3148 = ADVANCED_FACE ( 'NONE', ( #887 ), #643, .F. ) ;
#3149 = AXIS2_PLACEMENT_3D ( 'NONE', #2095, #130, #2338 ) ;
#3150 = ORIENTED_EDGE ( 'NONE', *, *, #869, .F. ) ;
#3151 = DIRECTION ( 'NONE',  ( -1.000000000000000000, 0.000000000000000000, 0.000000000000000000 ) ) ;
#3152 = DIRECTION ( 'NONE',  ( 1.000000000000000000, 0.000000000000000000, 0.000000000000000000 ) ) ;
#3153 = VECTOR ( 'NONE', #190, 1000.000000000000000 ) ;
#3154 = FACE_OUTER_BOUND ( 'NONE', #295, .T. ) ;
#3155 = LINE ( 'NONE', #311, #2096 ) ;
#3156 = VERTEX_POINT ( 'NONE', #450 ) ;
#3157 = ORIENTED_EDGE ( 'NONE', *, *, #1225, .T. ) ;
#3158 = PLANE ( 'NONE',  #2837 ) ;
#3159 = ORIENTED_EDGE ( 'NONE', *, *, #2027, .T. ) ;
#3160 = SURFACE_STYLE_FILL_AREA ( #3113 ) ;
#3161 = EDGE_CURVE ( 'NONE', #1253, #2598, #1232, .T. ) ;
#3162 = DIRECTION ( 'NONE',  ( -1.000000000000000000, 3.346007010100586627E-16, 0.000000000000000000 ) ) ;
#3163 = LINE ( 'NONE', #1397, #946 ) ;
#3164 = CARTESIAN_POINT ( 'NONE',  ( 14.99999999999999645, -1.910929918480489504E-15, -1.200000000000000030E-05 ) ) ;
#3165 = ORIENTED_EDGE ( 'NONE', *, *, #1847, .T. ) ;
#3166 = CARTESIAN_POINT ( 'NONE',  ( 24.46115472733053409, 74.79870160814007818, 11.99635838331536597 ) ) ;
#3167 = EDGE_CURVE ( 'NONE', #2378, #587, #233, .T. ) ;
#3168 = EDGE_CURVE ( 'NONE', #2765, #3156, #2245, .T. ) ;
#3169 = CARTESIAN_POINT ( 'NONE',  ( -24.46115472733038843, 169.2454474557126218, 3.003641616684461724 ) ) ;
#3170 = DIRECTION ( 'NONE',  ( 0.7499999999999994449, -0.6614378277661482342, 0.000000000000000000 ) ) ;
#3171 = PLANE ( 'NONE',  #1725 ) ;
#3172 = ORIENTED_EDGE ( 'NONE', *, *, #1086, .F. ) ;
#3173 = VERTEX_POINT ( 'NONE', #1261 ) ;
#3174 = LINE ( 'NONE', #1408, #275 ) ;
#3175 = ORIENTED_EDGE ( 'NONE', *, *, #1005, .T. ) ;
#3176 = CARTESIAN_POINT ( 'NONE',  ( -49.99999999999997158, 60.00000000000001421, 15.00000000000000000 ) ) ;
#3177 = FACE_OUTER_BOUND ( 'NONE', #1950, .T. ) ;
#3178 = LINE ( 'NONE', #2673, #2773 ) ;
#3179 = ORIENTED_EDGE ( 'NONE', *, *, #3142, .F. ) ;
#3180 = CARTESIAN_POINT ( 'NONE',  ( 0.000000000000000000, 112.5365171789060099, 67.85165608604643239 ) ) ;
#3181 = CARTESIAN_POINT ( 'NONE',  ( -49.99999999999997158, 60.00000000000001421, -5.000000000000000000 ) ) ;
#3182 = EDGE_CURVE ( 'NONE', #2116, #669, #564, .T. ) ;
#3183 = EDGE_CURVE ( 'NONE', #3156, #1713, #710, .T. ) ;
#3184 = DIRECTION ( 'NONE',  ( -0.6614378277661476790, -0.7500000000000000000, 2.775557561562891967E-17 ) ) ;
#3185 = CARTESIAN_POINT ( 'NONE',  ( 23.69999999999999218, 65.99999999999998579, 0.09999999999999607814 ) ) ;
#3186 = AXIS2_PLACEMENT_3D ( 'NONE', #606, #1134, #348 ) ;
#3187 = ORIENTED_EDGE ( 'NONE', *, *, #1785, .T. ) ;
#3188 = VERTEX_POINT ( 'NONE', #1754 ) ;
#3189 = CARTESIAN_POINT ( 'NONE',  ( 24.90000000000001634, 62.99999999999998579, 14.90000000000000036 ) ) ;
#3190 = VECTOR ( 'NONE', #1805, 1000.000000000000114 ) ;
#3191 = VECTOR ( 'NONE', #2122, 1000.000000000000000 ) ;
#3192 = EDGE_LOOP ( 'NONE', ( #3095, #2733, #559, #713 ) ) ;
#3193 = DIRECTION ( 'NONE',  ( -0.7071067811865456854, -7.747166736926502823E-17, -0.7071067811865493491 ) ) ;
#3194 = LINE ( 'NONE', #1169, #2775 ) ;
#3195 = VECTOR ( 'NONE', #189, 1000.000000000000000 ) ;
#3196 = DIRECTION ( 'NONE',  ( -0.000000000000000000, -0.000000000000000000, -1.000000000000000000 ) ) ;
#3197 = VERTEX_POINT ( 'NONE', #2766 ) ;
#3198 = LINE ( 'NONE', #2985, #1999 ) ;
#3199 = AXIS2_PLACEMENT_3D ( 'NONE', #48, #2746, #33 ) ;
#3200 = AXIS2_PLACEMENT_3D ( 'NONE', #747, #2534, #1283 ) ;
#3201 = DIRECTION ( 'NONE',  ( 1.000000000000000000, 0.000000000000000000, 0.000000000000000000 ) ) ;
#3202 = EDGE_CURVE ( 'NONE', #1117, #2078, #2231, .T. ) ;
#3203 = DIRECTION ( 'NONE',  ( -1.000000000000000000, 0.000000000000000000, -0.000000000000000000 ) ) ;
#3204 = VECTOR ( 'NONE', #500, 1000.000000000000000 ) ;
#3205 = VERTEX_POINT ( 'NONE', #3224 ) ;
#3206 = ORIENTED_EDGE ( 'NONE', *, *, #32, .F. ) ;
#3207 = CARTESIAN_POINT ( 'NONE',  ( 11.89999999999999325, 56.99999999999999289, 13.00000000000000178 ) ) ;
#3208 = ORIENTED_EDGE ( 'NONE', *, *, #1983, .F. ) ;
#3209 = DIRECTION ( 'NONE',  ( 0.000000000000000000, -1.000000000000000000, 0.000000000000000000 ) ) ;
#3210 = LINE ( 'NONE', #2440, #2983 ) ;
#3211 = EDGE_LOOP ( 'NONE', ( #1800, #293, #1903, #2707, #1073 ) ) ;
#3212 = CARTESIAN_POINT ( 'NONE',  ( 19.99999999999999645, 71.70111908764206987, 11.00000000000000000 ) ) ;
#3213 = FACE_OUTER_BOUND ( 'NONE', #506, .T. ) ;
#3214 = CARTESIAN_POINT ( 'NONE',  ( 2.123068260032543196E-14, 63.00000000000000000, -1.479114197289397135E-31 ) ) ;
#3215 = DIRECTION ( 'NONE',  ( 0.000000000000000000, 0.000000000000000000, -1.000000000000000000 ) ) ;
#3216 = ORIENTED_EDGE ( 'NONE', *, *, #2763, .T. ) ;
#3217 = EDGE_CURVE ( 'NONE', #254, #819, #956, .T. ) ;
#3218 = ORIENTED_EDGE ( 'NONE', *, *, #642, .T. ) ;
#3219 = DIRECTION ( 'NONE',  ( -3.346007010100586134E-16, -1.000000000000000000, -0.000000000000000000 ) ) ;
#3220 =( BOUNDED_CURVE ( )  B_SPLINE_CURVE ( 3, ( #1373, #1339, #2831, #583 ),
 .UNSPECIFIED., .F., .F. ) 
 B_SPLINE_CURVE_WITH_KNOTS ( ( 4, 4 ),
 ( 5.497787143782142394, 5.847883033309167367 ),
 .UNSPECIFIED. ) 
 CURVE ( )  GEOMETRIC_REPRESENTATION_ITEM ( )  RATIONAL_B_SPLINE_CURVE ( ( 1.000000000000000000, 0.9898121267997723738, 0.9898121267997723738, 1.000000000000000000 ) ) 
 REPRESENTATION_ITEM ( '' )  );
#3221 = EDGE_CURVE ( 'NONE', #2803, #495, #722, .T. ) ;
#3222 = ORIENTED_EDGE ( 'NONE', *, *, #3087, .T. ) ;
#3223 = ADVANCED_FACE ( 'NONE', ( #739 ), #983, .T. ) ;
#3224 = CARTESIAN_POINT ( 'NONE',  ( 13.09999999999999432, 56.99999999999999289, 11.00000000000000000 ) ) ;
#3225 = FACE_OUTER_BOUND ( 'NONE', #1966, .T. ) ;
#3226 = CARTESIAN_POINT ( 'NONE',  ( -66.45751311064591960, 75.00000000000001421, 15.84551850955886643 ) ) ;
#3227 = ORIENTED_EDGE ( 'NONE', *, *, #2249, .F. ) ;
#3228 = LINE ( 'NONE', #1267, #115 ) ;
#3229 = CARTESIAN_POINT ( 'NONE',  ( 0.000000000000000000, 71.70111908764206987, 11.00000000000000000 ) ) ;
#3230 = DIRECTION ( 'NONE',  ( -3.469446951953614189E-16, -1.000000000000000000, 0.000000000000000000 ) ) ;
#3231 = CARTESIAN_POINT ( 'NONE',  ( 63.69554477766125444, 70.87209465470370162, 19.98441740973384029 ) ) ;
#3232 = DIRECTION ( 'NONE',  ( 1.000000000000000000, -1.185495751652216669E-16, 0.000000000000000000 ) ) ;
ENDSEC;
END-ISO-10303-21;
