ISO-10303-21;
HEADER;
FILE_DESCRIPTION (( 'STEP AP214' ),
    '1' );
FILE_NAME ('±¦½£½£±ú.STEP',
    '2026-08-16T01:15:04',
    ( '' ),
    ( '' ),
    'SwSTEP 2.0',
    'SolidWorks 2025',
    '' );
FILE_SCHEMA (( 'AUTOMOTIVE_DESIGN' ));
ENDSEC;

DATA;
#1 = VERTEX_POINT ( 'NONE', #1378 ) ;
#2 = AXIS2_PLACEMENT_3D ( 'NONE', #1783, #492, #227 ) ;
#3 = DIRECTION ( 'NONE',  ( 0.000000000000000000, -0.000000000000000000, -1.000000000000000000 ) ) ;
#4 = CARTESIAN_POINT ( 'NONE',  ( 28.40000000000000924, -9.399999999999995026, 83.00000000000000000 ) ) ;
#5 = AXIS2_PLACEMENT_3D ( 'NONE', #1365, #705, #1291 ) ;
#6 = AXIS2_PLACEMENT_3D ( 'NONE', #1007, #998, #678 ) ;
#7 = ORIENTED_EDGE ( 'NONE', *, *, #549, .F. ) ;
#8 = FACE_OUTER_BOUND ( 'NONE', #1363, .T. ) ;
#9 = PRESENTATION_LAYER_ASSIGNMENT (  '', '', ( #1281 ) ) ;
#10 = FACE_OUTER_BOUND ( 'NONE', #1620, .T. ) ;
#11 = ORIENTED_EDGE ( 'NONE', *, *, #1456, .T. ) ;
#12 = ADVANCED_FACE ( 'NONE', ( #239, #810, #648, #1515, #1663, #1208 ), #247, .T. ) ;
#13 = DIRECTION ( 'NONE',  ( 0.000000000000000000, -1.000000000000000000, 0.000000000000000000 ) ) ;
#14 = DIRECTION ( 'NONE',  ( -1.000000000000000000, 0.000000000000000000, 0.000000000000000000 ) ) ;
#15 = FACE_OUTER_BOUND ( 'NONE', #74, .T. ) ;
#16 = ADVANCED_FACE ( 'NONE', ( #673, #804, #117 ), #681, .F. ) ;
#17 = ORIENTED_EDGE ( 'NONE', *, *, #1446, .T. ) ;
#18 = PLANE ( 'NONE',  #1451 ) ;
#19 = DIRECTION ( 'NONE',  ( 0.000000000000000000, -1.000000000000000000, 0.000000000000000000 ) ) ;
#20 = ORIENTED_EDGE ( 'NONE', *, *, #1193, .F. ) ;
#21 = LINE ( 'NONE', #968, #1270 ) ;
#22 = LINE ( 'NONE', #731, #68 ) ;
#23 = APPLICATION_CONTEXT ( 'automotive_design' ) ;
#24 = CARTESIAN_POINT ( 'NONE',  ( 33.40000000000000568, 4.999999999999998224, 83.00000000000000000 ) ) ;
#25 = EDGE_CURVE ( 'NONE', #1447, #1579, #864, .T. ) ;
#26 = ORIENTED_EDGE ( 'NONE', *, *, #1711, .F. ) ;
#27 = FACE_OUTER_BOUND ( 'NONE', #1174, .T. ) ;
#28 = CARTESIAN_POINT ( 'NONE',  ( -5.999999999999999112, 9.999999999999998224, 83.00000000000000000 ) ) ;
#29 = ORIENTED_EDGE ( 'NONE', *, *, #286, .T. ) ;
#30 = FACE_OUTER_BOUND ( 'NONE', #62, .T. ) ;
#31 = FACE_OUTER_BOUND ( 'NONE', #1736, .T. ) ;
#32 = CARTESIAN_POINT ( 'NONE',  ( -16.00000000000000000, 9.999999999999998224, 86.00000000000000000 ) ) ;
#33 = EDGE_CURVE ( 'NONE', #1609, #1607, #1541, .T. ) ;
#34 = VECTOR ( 'NONE', #1061, 1000.000000000000000 ) ;
#35 = AXIS2_PLACEMENT_3D ( 'NONE', #409, #976, #1243 ) ;
#36 = VERTEX_POINT ( 'NONE', #1220 ) ;
#37 = DIRECTION ( 'NONE',  ( 0.000000000000000000, 1.000000000000000000, 0.000000000000000000 ) ) ;
#38 = VECTOR ( 'NONE', #1295, 1000.000000000000000 ) ;
#39 = VECTOR ( 'NONE', #1697, 1000.000000000000000 ) ;
#40 = ORIENTED_EDGE ( 'NONE', *, *, #1278, .F. ) ;
#41 = VECTOR ( 'NONE', #1568, 1000.000000000000000 ) ;
#42 = AXIS2_PLACEMENT_3D ( 'NONE', #791, #951, #1647 ) ;
#43 = DIRECTION ( 'NONE',  ( -0.000000000000000000, 0.000000000000000000, 1.000000000000000000 ) ) ;
#44 = ORIENTED_EDGE ( 'NONE', *, *, #1758, .F. ) ;
#45 = CARTESIAN_POINT ( 'NONE',  ( -5.999999999999999112, 9.999999999999998224, 2.000000000000001776 ) ) ;
#46 = CARTESIAN_POINT ( 'NONE',  ( -12.40000000000000213, 7.599999999999998757, 83.00000000000000000 ) ) ;
#47 = ORIENTED_EDGE ( 'NONE', *, *, #279, .T. ) ;
#48 = DIRECTION ( 'NONE',  ( -0.000000000000000000, -0.000000000000000000, -1.000000000000000000 ) ) ;
#49 = EDGE_CURVE ( 'NONE', #1053, #391, #1533, .T. ) ;
#50 = EDGE_LOOP ( 'NONE', ( #479, #1390, #1674, #631, #171, #208 ) ) ;
#51 = CARTESIAN_POINT ( 'NONE',  ( -7.200000000000001066, 8.000000000000000000, 3.000000000000000000 ) ) ;
#52 = ADVANCED_FACE ( 'NONE', ( #1785 ), #229, .T. ) ;
#53 = ORIENTED_EDGE ( 'NONE', *, *, #430, .T. ) ;
#54 = CARTESIAN_POINT ( 'NONE',  ( -10.99999999999999645, -9.399999999999993250, 83.00000000000000000 ) ) ;
#55 = ORIENTED_EDGE ( 'NONE', *, *, #1698, .T. ) ;
#56 = CARTESIAN_POINT ( 'NONE',  ( 28.40000000000000924, -9.399999999999995026, 2.000000000000001776 ) ) ;
#57 = ORIENTED_EDGE ( 'NONE', *, *, #319, .F. ) ;
#58 = EDGE_CURVE ( 'NONE', #603, #1117, #830, .T. ) ;
#59 = VERTEX_POINT ( 'NONE', #992 ) ;
#60 = CARTESIAN_POINT ( 'NONE',  ( -15.99999999999999645, -9.399999999999993250, 83.00000000000000000 ) ) ;
#61 = CARTESIAN_POINT ( 'NONE',  ( 29.60000000000000142, 8.000000000000003553, 3.000000000000000000 ) ) ;
#62 = EDGE_LOOP ( 'NONE', ( #88, #1237, #1030 ) ) ;
#63 = CIRCLE ( 'NONE', #1090, 1.199999999999999734 ) ;
#64 = ORIENTED_EDGE ( 'NONE', *, *, #1574, .F. ) ;
#65 = CARTESIAN_POINT ( 'NONE',  ( 0.000000000000000000, -5.599999999999988987, 86.00000000000000000 ) ) ;
#66 = VECTOR ( 'NONE', #906, 1000.000000000000000 ) ;
#67 = AXIS2_PLACEMENT_3D ( 'NONE', #1713, #1006, #1448 ) ;
#68 = VECTOR ( 'NONE', #1717, 1000.000000000000000 ) ;
#69 = EDGE_CURVE ( 'NONE', #908, #1806, #1476, .T. ) ;
#70 = ORIENTED_EDGE ( 'NONE', *, *, #710, .F. ) ;
#71 = CARTESIAN_POINT ( 'NONE',  ( 31.40000000000000568, 4.999999999999999112, 0.000000000000000000 ) ) ;
#72 = EDGE_CURVE ( 'NONE', #762, #550, #1368, .T. ) ;
#73 = CARTESIAN_POINT ( 'NONE',  ( -12.40000000000000036, -6.999999999999995559, 86.00000000000000000 ) ) ;
#74 = EDGE_LOOP ( 'NONE', ( #456, #616, #793 ) ) ;
#75 = CARTESIAN_POINT ( 'NONE',  ( 29.60000000000000142, 8.000000000000003553, 3.000000000000000000 ) ) ;
#76 = ORIENTED_EDGE ( 'NONE', *, *, #922, .T. ) ;
#77 = VERTEX_POINT ( 'NONE', #723 ) ;
#78 =( LENGTH_UNIT ( ) NAMED_UNIT ( * ) SI_UNIT ( .MILLI., .METRE. ) );
#79 = LINE ( 'NONE', #1192, #91 ) ;
#80 = EDGE_CURVE ( 'NONE', #232, #1712, #947, .T. ) ;
#81 = EDGE_LOOP ( 'NONE', ( #254, #718, #1586, #162 ) ) ;
#82 = CARTESIAN_POINT ( 'NONE',  ( 29.60000000000000142, 8.000000000000003553, 0.000000000000000000 ) ) ;
#83 = ORIENTED_EDGE ( 'NONE', *, *, #1761, .F. ) ;
#84 = DIRECTION ( 'NONE',  ( -0.000000000000000000, -0.000000000000000000, 1.000000000000000000 ) ) ;
#85 = DIRECTION ( 'NONE',  ( 1.000000000000000000, 0.000000000000000000, 0.000000000000000000 ) ) ;
#86 = EDGE_CURVE ( 'NONE', #603, #1551, #1557, .T. ) ;
#87 = ORIENTED_EDGE ( 'NONE', *, *, #1659, .F. ) ;
#88 = ORIENTED_EDGE ( 'NONE', *, *, #838, .F. ) ;
#89 = FACE_OUTER_BOUND ( 'NONE', #1450, .T. ) ;
#90 = PLANE ( 'NONE',  #746 ) ;
#91 = VECTOR ( 'NONE', #1433, 1000.000000000000000 ) ;
#92 = PRODUCT_DEFINITION ( 'æœ', '', #1042, #223 ) ;
#93 = AXIS2_PLACEMENT_3D ( 'NONE', #814, #127, #995 ) ;
#94 = ORIENTED_EDGE ( 'NONE', *, *, #327, .T. ) ;
#95 = AXIS2_PLACEMENT_3D ( 'NONE', #51, #1460, #756 ) ;
#96 = AXIS2_PLACEMENT_3D ( 'NONE', #1708, #415, #981 ) ;
#97 = CARTESIAN_POINT ( 'NONE',  ( -11.00000000000000178, 9.999999999999998224, 83.00000000000000000 ) ) ;
#98 = DIRECTION ( 'NONE',  ( -0.000000000000000000, -0.000000000000000000, -1.000000000000000000 ) ) ;
#99 = ORIENTED_EDGE ( 'NONE', *, *, #244, .T. ) ;
#100 = ORIENTED_EDGE ( 'NONE', *, *, #128, .T. ) ;
#101 = DIRECTION ( 'NONE',  ( -1.000000000000000000, 0.000000000000000000, -0.000000000000000000 ) ) ;
#102 = DIRECTION ( 'NONE',  ( -1.000000000000000000, 0.000000000000000000, 0.000000000000000000 ) ) ;
#103 = ADVANCED_FACE ( 'NONE', ( #861 ), #427, .T. ) ;
#104 = DIRECTION ( 'NONE',  ( -0.000000000000000000, 0.000000000000000000, 1.000000000000000000 ) ) ;
#105 = PLANE ( 'NONE',  #124 ) ;
#106 = CARTESIAN_POINT ( 'NONE',  ( 29.60000000000000142, 7.749545416973502299, 0.000000000000000000 ) ) ;
#107 = LINE ( 'NONE', #781, #266 ) ;
#108 = EDGE_LOOP ( 'NONE', ( #1823, #1050, #1258 ) ) ;
#109 = LINE ( 'NONE', #1375, #859 ) ;
#110 = ADVANCED_FACE ( 'NONE', ( #289 ), #594, .F. ) ;
#111 = VERTEX_POINT ( 'NONE', #1428 ) ;
#112 = CARTESIAN_POINT ( 'NONE',  ( -9.000000000000000000, -4.800218499624935298, 1.734723475976806897E-15 ) ) ;
#113 = FACE_OUTER_BOUND ( 'NONE', #1789, .T. ) ;
#114 = EDGE_LOOP ( 'NONE', ( #1691, #194, #234, #1642 ) ) ;
#115 = CARTESIAN_POINT ( 'NONE',  ( 33.40000000000000568, 9.999999999999998224, 83.00000000000000000 ) ) ;
#116 = VECTOR ( 'NONE', #1672, 1000.000000000000000 ) ;
#117 = FACE_OUTER_BOUND ( 'NONE', #50, .T. ) ;
#118 = EDGE_CURVE ( 'NONE', #1110, #893, #979, .T. ) ;
#119 = AXIS2_PLACEMENT_3D ( 'NONE', #1475, #1651, #365 ) ;
#120 = FACE_OUTER_BOUND ( 'NONE', #294, .T. ) ;
#121 = VECTOR ( 'NONE', #37, 1000.000000000000000 ) ;
#122 = FACE_OUTER_BOUND ( 'NONE', #424, .T. ) ;
#123 = ADVANCED_FACE ( 'NONE', ( #31 ), #871, .T. ) ;
#124 = AXIS2_PLACEMENT_3D ( 'NONE', #350, #777, #1344 ) ;
#125 = VECTOR ( 'NONE', #1254, 1000.000000000000000 ) ;
#126 = VERTEX_POINT ( 'NONE', #554 ) ;
#127 = DIRECTION ( 'NONE',  ( -1.000000000000000000, 0.000000000000000000, 0.000000000000000000 ) ) ;
#128 = EDGE_CURVE ( 'NONE', #516, #318, #22, .T. ) ;
#129 = ORIENTED_EDGE ( 'NONE', *, *, #563, .T. ) ;
#130 = CARTESIAN_POINT ( 'NONE',  ( -9.000000000000000000, 5.800625761899017796, -0.003857773907303293798 ) ) ;
#131 = DIRECTION ( 'NONE',  ( -0.000000000000000000, 0.000000000000000000, 1.000000000000000000 ) ) ;
#132 = CARTESIAN_POINT ( 'NONE',  ( 29.60000000000000142, -7.149545416973500878, 0.000000000000000000 ) ) ;
#133 = CARTESIAN_POINT ( 'NONE',  ( -5.999999999999997335, -9.399999999999993250, 2.000000000000001776 ) ) ;
#134 = DIRECTION ( 'NONE',  ( -0.000000000000000000, 0.000000000000000000, 1.000000000000000000 ) ) ;
#135 = CARTESIAN_POINT ( 'NONE',  ( -7.200000000000001066, 6.200000000000001066, 83.00000000000000000 ) ) ;
#136 = CARTESIAN_POINT ( 'NONE',  ( -12.40000000000000036, -6.999999999999995559, 86.00000000000000000 ) ) ;
#137 = ORIENTED_EDGE ( 'NONE', *, *, #33, .T. ) ;
#138 = EDGE_CURVE ( 'NONE', #893, #1110, #360, .T. ) ;
#139 = CARTESIAN_POINT ( 'NONE',  ( 37.19999999999999574, 7.599999999999998757, 83.00000000000000000 ) ) ;
#140 = EDGE_LOOP ( 'NONE', ( #99, #886, #1606, #1346 ) ) ;
#141 = CARTESIAN_POINT ( 'NONE',  ( 29.60000000000000142, 8.000000000000003553, 3.000000000000000000 ) ) ;
#142 = CARTESIAN_POINT ( 'NONE',  ( 31.40000000000000568, -5.599999999999988987, 83.00000000000000000 ) ) ;
#143 = EDGE_LOOP ( 'NONE', ( #197, #786, #1226, #1019 ) ) ;
#144 = DIRECTION ( 'NONE',  ( -0.000000000000000000, -0.000000000000000000, -1.000000000000000000 ) ) ;
#145 = CARTESIAN_POINT ( 'NONE',  ( -7.200000000000001066, -5.599999999999988098, 83.00000000000000000 ) ) ;
#146 = LINE ( 'NONE', #972, #1337 ) ;
#147 = ORIENTED_EDGE ( 'NONE', *, *, #204, .T. ) ;
#148 = CARTESIAN_POINT ( 'NONE',  ( 31.31621724601528456, 6.200000000000003730, 0.004347296403615180833 ) ) ;
#149 = EDGE_CURVE ( 'NONE', #111, #1459, #1156, .T. ) ;
#150 = ORIENTED_EDGE ( 'NONE', *, *, #954, .F. ) ;
#151 = LINE ( 'NONE', #574, #1746 ) ;
#152 = CARTESIAN_POINT ( 'NONE',  ( 31.40000000000000568, 6.200000000000003730, 3.000000000000000000 ) ) ;
#153 = EDGE_LOOP ( 'NONE', ( #895, #547, #855, #1770 ) ) ;
#154 = CARTESIAN_POINT ( 'NONE',  ( -7.200000000000001066, 8.000000000000000000, 0.000000000000000000 ) ) ;
#155 = DIRECTION ( 'NONE',  ( -0.000000000000000000, 0.000000000000000000, 1.000000000000000000 ) ) ;
#156 = AXIS2_PLACEMENT_3D ( 'NONE', #1108, #1664, #1081 ) ;
#157 = CARTESIAN_POINT ( 'NONE',  ( 31.40000000000000568, -5.599999999999988987, 0.01339654040263815737 ) ) ;
#158 = TOROIDAL_SURFACE ( 'NONE', #2, 3.000000000000000000, 2.000000000000000000 ) ;
#159 = CARTESIAN_POINT ( 'NONE',  ( 29.60000000000000142, -5.599999999999988987, 3.000000000000000000 ) ) ;
#160 = CIRCLE ( 'NONE', #1544, 5.000000000000000888 ) ;
#161 = AXIS2_PLACEMENT_3D ( 'NONE', #1821, #442, #575 ) ;
#162 = ORIENTED_EDGE ( 'NONE', *, *, #641, .F. ) ;
#163 = CARTESIAN_POINT ( 'NONE',  ( -9.000000000000000000, -4.399999999999994138, 0.000000000000000000 ) ) ;
#164 = CARTESIAN_POINT ( 'NONE',  ( 31.40000000000000568, 6.200000000000003730, 3.000000000000000000 ) ) ;
#165 = EDGE_CURVE ( 'NONE', #1820, #761, #1010, .T. ) ;
#166 = PLANE ( 'NONE',  #651 ) ;
#167 = PLANE ( 'NONE',  #332 ) ;
#168 = CARTESIAN_POINT ( 'NONE',  ( 29.60000000000000142, 6.200000000000003730, 83.00000000000000000 ) ) ;
#169 = CARTESIAN_POINT ( 'NONE',  ( 28.40000000000000213, 9.999999999999998224, 2.000000000000001776 ) ) ;
#170 = LINE ( 'NONE', #1719, #1094 ) ;
#171 = ORIENTED_EDGE ( 'NONE', *, *, #667, .T. ) ;
#172 = DIRECTION ( 'NONE',  ( 1.000000000000000000, 0.000000000000000000, 0.000000000000000000 ) ) ;
#173 = DIRECTION ( 'NONE',  ( 0.000000000000000000, 0.000000000000000000, 1.000000000000000000 ) ) ;
#174 = CARTESIAN_POINT ( 'NONE',  ( 28.40000000000000213, 9.999999999999998224, 83.00000000000000000 ) ) ;
#175 = DIRECTION ( 'NONE',  ( -1.000000000000000000, 0.000000000000000000, 0.000000000000000000 ) ) ;
#176 = ADVANCED_FACE ( 'NONE', ( #1280 ), #167, .T. ) ;
#177 = FACE_OUTER_BOUND ( 'NONE', #1266, .T. ) ;
#178 = ORIENTED_EDGE ( 'NONE', *, *, #754, .T. ) ;
#179 = CARTESIAN_POINT ( 'NONE',  ( 33.40000000000000568, -4.399999999999995914, 2.000000000000001776 ) ) ;
#180 = EDGE_LOOP ( 'NONE', ( #1792, #1780, #1469, #601 ) ) ;
#181 = CARTESIAN_POINT ( 'NONE',  ( -7.200000000000001066, -7.399999999999987921, 3.000000000000000000 ) ) ;
#182 = EDGE_LOOP ( 'NONE', ( #314, #1104, #1816, #835, #1084, #1324 ) ) ;
#183 = DIRECTION ( 'NONE',  ( 0.000000000000000000, -1.000000000000000000, 0.000000000000000000 ) ) ;
#184 = CARTESIAN_POINT ( 'NONE',  ( 31.40000000000000568, 0.000000000000000000, 86.00000000000000000 ) ) ;
#185 = CIRCLE ( 'NONE', #263, 5.000000000000000888 ) ;
#186 = VECTOR ( 'NONE', #243, 1000.000000000000000 ) ;
#187 = ORIENTED_EDGE ( 'NONE', *, *, #1193, .T. ) ;
#188 = CARTESIAN_POINT ( 'NONE',  ( -9.000000000000000000, -5.599999999999988098, 0.000000000000000000 ) ) ;
#189 = EDGE_CURVE ( 'NONE', #1551, #1, #843, .T. ) ;
#190 = ORIENTED_EDGE ( 'NONE', *, *, #49, .T. ) ;
#191 = VECTOR ( 'NONE', #1437, 1000.000000000000000 ) ;
#192 = VECTOR ( 'NONE', #1555, 1000.000000000000000 ) ;
#193 = VERTEX_POINT ( 'NONE', #437 ) ;
#194 = ORIENTED_EDGE ( 'NONE', *, *, #910, .T. ) ;
#195 = CARTESIAN_POINT ( 'NONE',  ( 29.60000000000000142, 6.200000000000003730, 83.00000000000000000 ) ) ;
#196 = EDGE_CURVE ( 'NONE', #1775, #126, #1002, .T. ) ;
#197 = ORIENTED_EDGE ( 'NONE', *, *, #1260, .T. ) ;
#198 = PLANE ( 'NONE',  #1183 ) ;
#199 = ORIENTED_EDGE ( 'NONE', *, *, #1682, .T. ) ;
#200 = ORIENTED_EDGE ( 'NONE', *, *, #1058, .T. ) ;
#201 = LINE ( 'NONE', #313, #1693 ) ;
#202 = LINE ( 'NONE', #73, #1628 ) ;
#203 = ORIENTED_EDGE ( 'NONE', *, *, #86, .F. ) ;
#204 = EDGE_CURVE ( 'NONE', #962, #690, #1442, .T. ) ;
#205 = ORIENTED_EDGE ( 'NONE', *, *, #891, .T. ) ;
#206 = CARTESIAN_POINT ( 'NONE',  ( -5.999999999999999112, 4.999999999999998224, 83.00000000000000000 ) ) ;
#207 = CARTESIAN_POINT ( 'NONE',  ( 29.60000000000000142, -7.399999999999987921, 0.000000000000000000 ) ) ;
#208 = ORIENTED_EDGE ( 'NONE', *, *, #1029, .T. ) ;
#209 = CARTESIAN_POINT ( 'NONE',  ( 29.60000000000000142, 8.000000000000003553, 83.00000000000000000 ) ) ;
#210 = VECTOR ( 'NONE', #837, 1000.000000000000000 ) ;
#211 = ORIENTED_EDGE ( 'NONE', *, *, #941, .T. ) ;
#212 = DIRECTION ( 'NONE',  ( -1.000000000000000000, 0.000000000000000000, -0.000000000000000000 ) ) ;
#213 = VECTOR ( 'NONE', #1464, 1000.000000000000000 ) ;
#214 = ADVANCED_FACE ( 'NONE', ( #317 ), #251, .F. ) ;
#215 = ORIENTED_EDGE ( 'NONE', *, *, #710, .T. ) ;
#216 = DIRECTION ( 'NONE',  ( -1.000000000000000000, 0.000000000000000000, -3.851408775235066597E-09 ) ) ;
#217 = LINE ( 'NONE', #942, #1062 ) ;
#218 = ORIENTED_EDGE ( 'NONE', *, *, #1627, .F. ) ;
#219 = CARTESIAN_POINT ( 'NONE',  ( 0.000000000000000000, -5.599999999999988098, 86.00000000000000000 ) ) ;
#220 = DIRECTION ( 'NONE',  ( 0.000000000000000000, -1.000000000000000000, 0.000000000000000000 ) ) ;
#221 = EDGE_CURVE ( 'NONE', #908, #1809, #425, .T. ) ;
#222 = CARTESIAN_POINT ( 'NONE',  ( 29.60000000000000142, -7.399999999999987921, 3.000000000000000000 ) ) ;
#223 = PRODUCT_DEFINITION_CONTEXT ( 'detailed design', #23, 'design' ) ;
#224 = CARTESIAN_POINT ( 'NONE',  ( -13.59999999999999964, -6.999999999999995559, 86.00000000000000000 ) ) ;
#225 = PRODUCT_RELATED_PRODUCT_CATEGORY ( 'part', '', ( #918 ) ) ;
#226 = VERTEX_POINT ( 'NONE', #966 ) ;
#227 = DIRECTION ( 'NONE',  ( 1.000000000000000000, 0.000000000000000000, 0.000000000000000000 ) ) ;
#228 = DIRECTION ( 'NONE',  ( 0.000000000000000000, 0.000000000000000000, 1.000000000000000000 ) ) ;
#229 = CYLINDRICAL_SURFACE ( 'NONE', #1277, 5.000000000000000888 ) ;
#230 = CARTESIAN_POINT ( 'NONE',  ( 0.000000000000000000, 0.000000000000000000, 0.000000000000000000 ) ) ;
#231 = CARTESIAN_POINT ( 'NONE',  ( -5.999999999999997335, -4.399999999999993250, 2.000000000000001776 ) ) ;
#232 = VERTEX_POINT ( 'NONE', #1126 ) ;
#233 = CARTESIAN_POINT ( 'NONE',  ( -7.200000000000001066, 7.749545416973501410, 0.000000000000000000 ) ) ;
#234 = ORIENTED_EDGE ( 'NONE', *, *, #1589, .T. ) ;
#235 = CARTESIAN_POINT ( 'NONE',  ( -9.000000000000000000, -5.599999999999988098, 3.000000000000000000 ) ) ;
#236 = DIRECTION ( 'NONE',  ( 0.000000000000000000, -1.000000000000000000, 0.000000000000000000 ) ) ;
#237 = TOROIDAL_SURFACE ( 'NONE', #1449, 3.000000000000000000, 2.000000000000000000 ) ;
#238 = AXIS2_PLACEMENT_3D ( 'NONE', #1615, #926, #1492 ) ;
#239 = FACE_OUTER_BOUND ( 'NONE', #1616, .T. ) ;
#240 = AXIS2_PLACEMENT_3D ( 'NONE', #438, #1149, #257 ) ;
#241 = VECTOR ( 'NONE', #1554, 1000.000000000000000 ) ;
#242 = CARTESIAN_POINT ( 'NONE',  ( 33.40000000000000568, 4.999999999999998224, 2.000000000000001776 ) ) ;
#243 = DIRECTION ( 'NONE',  ( 1.788374717501863286E-16, -1.000000000000000000, 0.000000000000000000 ) ) ;
#244 = EDGE_CURVE ( 'NONE', #1668, #1820, #1370, .T. ) ;
#245 = ORIENTED_EDGE ( 'NONE', *, *, #196, .T. ) ;
#246 = LINE ( 'NONE', #1231, #416 ) ;
#247 = PLANE ( 'NONE',  #1747 ) ;
#248 = LINE ( 'NONE', #660, #1179 ) ;
#249 = CARTESIAN_POINT ( 'NONE',  ( 36.00000000000000000, 7.599999999999998757, 83.00000000000000000 ) ) ;
#250 = ORIENTED_EDGE ( 'NONE', *, *, #128, .F. ) ;
#251 = PLANE ( 'NONE',  #1631 ) ;
#252 = EDGE_CURVE ( 'NONE', #727, #789, #1138, .T. ) ;
#253 = ADVANCED_FACE ( 'NONE', ( #1115 ), #1677, .F. ) ;
#254 = ORIENTED_EDGE ( 'NONE', *, *, #1356, .F. ) ;
#255 = ADVANCED_FACE ( 'NONE', ( #410 ), #709, .F. ) ;
#256 = DIRECTION ( 'NONE',  ( -0.000000000000000000, -0.000000000000000000, -1.000000000000000000 ) ) ;
#257 = DIRECTION ( 'NONE',  ( 0.000000000000000000, 0.000000000000000000, 1.000000000000000000 ) ) ;
#258 = ORIENTED_EDGE ( 'NONE', *, *, #1624, .F. ) ;
#259 = PLANE ( 'NONE',  #93 ) ;
#260 = ORIENTED_EDGE ( 'NONE', *, *, #792, .T. ) ;
#261 = CARTESIAN_POINT ( 'NONE',  ( 31.40000000000000568, -5.599999999999988987, 0.000000000000000000 ) ) ;
#262 = CARTESIAN_POINT ( 'NONE',  ( -9.000000000000000000, -5.599999999999988098, 83.00000000000000000 ) ) ;
#263 = AXIS2_PLACEMENT_3D ( 'NONE', #308, #1040, #1779 ) ;
#264 = CARTESIAN_POINT ( 'NONE',  ( -5.999999999999997335, -4.399999999999993250, 83.00000000000000000 ) ) ;
#265 = ORIENTED_EDGE ( 'NONE', *, *, #1080, .T. ) ;
#266 = VECTOR ( 'NONE', #1762, 1000.000000000000000 ) ;
#267 = EDGE_CURVE ( 'NONE', #1648, #521, #1714, .T. ) ;
#268 = CARTESIAN_POINT ( 'NONE',  ( -9.000000000000000000, -4.399999999999994138, 0.000000000000000000 ) ) ;
#269 = TOROIDAL_SURFACE ( 'NONE', #1393, 3.000000000000000000, 2.000000000000000000 ) ;
#270 = VECTOR ( 'NONE', #1304, 1000.000000000000000 ) ;
#271 = DIRECTION ( 'NONE',  ( -0.000000000000000000, -0.000000000000000000, -1.000000000000000000 ) ) ;
#272 = AXIS2_PLACEMENT_3D ( 'NONE', #593, #1288, #1427 ) ;
#273 = DIRECTION ( 'NONE',  ( 1.000000000000000000, -3.188829919075013730E-17, 0.000000000000000000 ) ) ;
#274 = ORIENTED_EDGE ( 'NONE', *, *, #474, .T. ) ;
#275 = DIRECTION ( 'NONE',  ( 1.000000000000000000, 0.000000000000000000, 0.000000000000000000 ) ) ;
#276 = CARTESIAN_POINT ( 'NONE',  ( 36.00000000000000000, -6.999999999999995559, 83.00000000000000000 ) ) ;
#277 = LINE ( 'NONE', #1707, #1123 ) ;
#278 = CARTESIAN_POINT ( 'NONE',  ( -9.000000000000000000, -5.599999999999988098, 3.000000000000000000 ) ) ;
#279 = EDGE_CURVE ( 'NONE', #494, #1645, #716, .T. ) ;
#280 = CARTESIAN_POINT ( 'NONE',  ( -8.832740067838745546, -5.599999999999988098, 1.726651038116617439E-15 ) ) ;
#281 = ORIENTED_EDGE ( 'NONE', *, *, #1016, .F. ) ;
#282 = FACE_OUTER_BOUND ( 'NONE', #333, .T. ) ;
#283 = EDGE_LOOP ( 'NONE', ( #1653, #378, #1738, #20 ) ) ;
#284 = CARTESIAN_POINT ( 'NONE',  ( -9.000000000000000000, 5.400218499624942936, 1.734723475976807094E-15 ) ) ;
#285 = CARTESIAN_POINT ( 'NONE',  ( -7.200000000000001066, -7.399999999999987921, 0.000000000000000000 ) ) ;
#286 = EDGE_CURVE ( 'NONE', #126, #1565, #857, .T. ) ;
#287 = ORIENTED_EDGE ( 'NONE', *, *, #1803, .F. ) ;
#288 = DIRECTION ( 'NONE',  ( -1.000000000000000000, 0.000000000000000000, 0.000000000000000000 ) ) ;
#289 = FACE_OUTER_BOUND ( 'NONE', #770, .T. ) ;
#290 = DIRECTION ( 'NONE',  ( 0.000000000000000000, 0.000000000000000000, 1.000000000000000000 ) ) ;
#291 = CARTESIAN_POINT ( 'NONE',  ( -15.99999999999999645, -9.399999999999993250, 86.00000000000000000 ) ) ;
#292 = DIRECTION ( 'NONE',  ( 0.000000000000000000, -1.000000000000000000, 0.000000000000000000 ) ) ;
#293 = EDGE_CURVE ( 'NONE', #1053, #432, #1658, .T. ) ;
#294 = EDGE_LOOP ( 'NONE', ( #94, #57, #1723, #695 ) ) ;
#295 = B_SPLINE_CURVE_WITH_KNOTS ( 'NONE', 3,
 ( #528, #284, #130, #392 ),
 .UNSPECIFIED., .F., .F.,
 ( 4, 4 ),
 ( 4.143337396464789858E-21, 0.001199220776008317908 ),
 .UNSPECIFIED. ) ;
#296 = DIRECTION ( 'NONE',  ( 0.000000000000000000, 0.000000000000000000, 1.000000000000000000 ) ) ;
#297 = ORIENTED_EDGE ( 'NONE', *, *, #196, .F. ) ;
#298 = DIRECTION ( 'NONE',  ( 1.000000000000000000, 0.000000000000000000, -0.000000000000000000 ) ) ;
#299 = CARTESIAN_POINT ( 'NONE',  ( 31.40000000000000568, 5.400218499624943824, 1.734723475976806897E-15 ) ) ;
#300 = CIRCLE ( 'NONE', #1092, 2.000000000000000000 ) ;
#301 = DIRECTION ( 'NONE',  ( 0.000000000000000000, 1.000000000000000000, 0.000000000000000000 ) ) ;
#302 = VECTOR ( 'NONE', #353, 1000.000000000000000 ) ;
#303 = AXIS2_PLACEMENT_3D ( 'NONE', #986, #726, #3 ) ;
#304 = AXIS2_PLACEMENT_3D ( 'NONE', #543, #1671, #969 ) ;
#305 = ORIENTED_EDGE ( 'NONE', *, *, #1240, .F. ) ;
#306 = PLANE ( 'NONE',  #1306 ) ;
#307 = VECTOR ( 'NONE', #1735, 1000.000000000000000 ) ;
#308 = CARTESIAN_POINT ( 'NONE',  ( 28.40000000000000568, -4.399999999999995914, 2.000000000000001776 ) ) ;
#309 = ADVANCED_FACE ( 'NONE', ( #10 ), #1422, .F. ) ;
#310 = LINE ( 'NONE', #876, #38 ) ;
#311 = CARTESIAN_POINT ( 'NONE',  ( 0.000000000000000000, 0.000000000000000000, 83.00000000000000000 ) ) ;
#312 = CARTESIAN_POINT ( 'NONE',  ( 29.60000000000000142, 7.832740067838746434, 1.832782428872506086E-15 ) ) ;
#313 = CARTESIAN_POINT ( 'NONE',  ( -9.000000000000000000, -5.599999999999988098, 0.000000000000000000 ) ) ;
#314 = ORIENTED_EDGE ( 'NONE', *, *, #1488, .T. ) ;
#315 = DIRECTION ( 'NONE',  ( 0.000000000000000000, 1.000000000000000000, 0.000000000000000000 ) ) ;
#316 = ORIENTED_EDGE ( 'NONE', *, *, #733, .T. ) ;
#317 = FACE_OUTER_BOUND ( 'NONE', #924, .T. ) ;
#318 = VERTEX_POINT ( 'NONE', #164 ) ;
#319 = EDGE_CURVE ( 'NONE', #1443, #1797, #1396, .T. ) ;
#320 = DIRECTION ( 'NONE',  ( -1.000000000000000000, 0.000000000000000000, 0.000000000000000000 ) ) ;
#321 = ORIENTED_EDGE ( 'NONE', *, *, #1236, .T. ) ;
#322 = ORIENTED_EDGE ( 'NONE', *, *, #507, .T. ) ;
#323 = CARTESIAN_POINT ( 'NONE',  ( -7.199999999999998401, 8.000000000000000000, 86.00000000000000000 ) ) ;
#324 = ORIENTED_EDGE ( 'NONE', *, *, #1300, .F. ) ;
#325 = CARTESIAN_POINT ( 'NONE',  ( 29.60000000000000142, 8.000000000000003553, 0.01339654040263815737 ) ) ;
#326 = DIRECTION ( 'NONE',  ( 0.000000000000000000, 1.000000000000000000, 0.000000000000000000 ) ) ;
#327 = EDGE_CURVE ( 'NONE', #59, #1797, #1415, .T. ) ;
#328 = AXIS2_PLACEMENT_3D ( 'NONE', #1372, #1649, #771 ) ;
#329 = ORIENTED_EDGE ( 'NONE', *, *, #588, .F. ) ;
#330 = DIRECTION ( 'NONE',  ( 1.000000000000000000, 0.000000000000000000, 0.000000000000000000 ) ) ;
#331 = AXIS2_PLACEMENT_3D ( 'NONE', #224, #43, #1027 ) ;
#332 = AXIS2_PLACEMENT_3D ( 'NONE', #454, #1018, #565 ) ;
#333 = EDGE_LOOP ( 'NONE', ( #1787, #1176, #1093 ) ) ;
#334 = VECTOR ( 'NONE', #522, 1000.000000000000000 ) ;
#335 = ORIENTED_EDGE ( 'NONE', *, *, #899, .T. ) ;
#336 = LINE ( 'NONE', #623, #191 ) ;
#337 = EDGE_CURVE ( 'NONE', #550, #1421, #1508, .T. ) ;
#338 = FACE_OUTER_BOUND ( 'NONE', #949, .T. ) ;
#339 = EDGE_LOOP ( 'NONE', ( #480, #1043, #491, #1079 ) ) ;
#340 = ORIENTED_EDGE ( 'NONE', *, *, #80, .T. ) ;
#341 = EDGE_CURVE ( 'NONE', #1023, #468, #1184, .T. ) ;
#342 = PLANE ( 'NONE',  #772 ) ;
#343 = DIRECTION ( 'NONE',  ( 0.000000000000000000, 0.000000000000000000, -1.000000000000000000 ) ) ;
#344 = VERTEX_POINT ( 'NONE', #1105 ) ;
#345 = EDGE_CURVE ( 'NONE', #690, #432, #1670, .T. ) ;
#346 = B_SPLINE_CURVE_WITH_KNOTS ( 'NONE', 3,
 ( #157, #984, #1549, #1267 ),
 .UNSPECIFIED., .F., .F.,
 ( 4, 4 ),
 ( 1.694065894508600678E-21, 0.0002490585454507738216 ),
 .UNSPECIFIED. ) ;
#347 = ORIENTED_EDGE ( 'NONE', *, *, #983, .T. ) ;
#348 = DIRECTION ( 'NONE',  ( -0.000000000000000000, 0.000000000000000000, 1.000000000000000000 ) ) ;
#349 = EDGE_LOOP ( 'NONE', ( #1745, #129, #463 ) ) ;
#350 = CARTESIAN_POINT ( 'NONE',  ( 38.39999999999999858, 0.000000000000000000, 86.00000000000000000 ) ) ;
#351 = CARTESIAN_POINT ( 'NONE',  ( -11.00000000000000178, 9.999999999999998224, 83.00000000000000000 ) ) ;
#352 = AXIS2_PLACEMENT_3D ( 'NONE', #1228, #256, #821 ) ;
#353 = DIRECTION ( 'NONE',  ( 0.000000000000000000, -1.000000000000000000, 0.000000000000000000 ) ) ;
#354 = AXIS2_PLACEMENT_3D ( 'NONE', #1790, #1764, #519 ) ;
#355 = ORIENTED_EDGE ( 'NONE', *, *, #1171, .F. ) ;
#356 = CYLINDRICAL_SURFACE ( 'NONE', #1128, 1.199999999999999734 ) ;
#357 = CARTESIAN_POINT ( 'NONE',  ( -9.000000000000000000, 6.200000000000001066, 0.000000000000000000 ) ) ;
#358 = ADVANCED_FACE ( 'NONE', ( #1832 ), #841, .T. ) ;
#359 = LINE ( 'NONE', #1500, #1597 ) ;
#360 = CIRCLE ( 'NONE', #96, 1.199999999999999734 ) ;
#361 = VERTEX_POINT ( 'NONE', #1274 ) ;
#362 = LINE ( 'NONE', #351, #831 ) ;
#363 = CARTESIAN_POINT ( 'NONE',  ( 36.00000000000000000, 7.599999999999998757, 86.00000000000000000 ) ) ;
#364 = ORIENTED_EDGE ( 'NONE', *, *, #1377, .F. ) ;
#365 = DIRECTION ( 'NONE',  ( 1.000000000000000000, 0.000000000000000000, 0.000000000000000000 ) ) ;
#366 = CARTESIAN_POINT ( 'NONE',  ( -9.000000000000000000, 6.200000000000001066, 3.000000000000000000 ) ) ;
#367 = ORIENTED_EDGE ( 'NONE', *, *, #1711, .T. ) ;
#368 = CARTESIAN_POINT ( 'NONE',  ( -6.800625761898976940, 8.000000000000000000, -0.003857773907302438146 ) ) ;
#369 = EDGE_CURVE ( 'NONE', #789, #1767, #472, .T. ) ;
#370 = ORIENTED_EDGE ( 'NONE', *, *, #1265, .T. ) ;
#371 = DIRECTION ( 'NONE',  ( -0.000000000000000000, 0.000000000000000000, 1.000000000000000000 ) ) ;
#372 = ORIENTED_EDGE ( 'NONE', *, *, #1130, .F. ) ;
#373 = DIRECTION ( 'NONE',  ( 1.000000000000000000, 0.000000000000000000, 0.000000000000000000 ) ) ;
#374 = ORIENTED_EDGE ( 'NONE', *, *, #1171, .T. ) ;
#375 = APPLICATION_PROTOCOL_DEFINITION ( 'draft international standard', 'automotive_design', 1998, #1753 ) ;
#376 = DIRECTION ( 'NONE',  ( 1.000000000000000000, -3.907034855803619427E-17, 0.000000000000000000 ) ) ;
#377 = EDGE_CURVE ( 'NONE', #647, #592, #362, .T. ) ;
#378 = ORIENTED_EDGE ( 'NONE', *, *, #1605, .T. ) ;
#379 = LINE ( 'NONE', #1215, #1334 ) ;
#380 = ORIENTED_EDGE ( 'NONE', *, *, #189, .F. ) ;
#381 = CARTESIAN_POINT ( 'NONE',  ( -14.80000000000000071, 7.599999999999998757, 86.00000000000000000 ) ) ;
#382 = CARTESIAN_POINT ( 'NONE',  ( 36.00000000000000000, -6.999999999999995559, 86.00000000000000000 ) ) ;
#383 = VECTOR ( 'NONE', #1532, 1000.000000000000000 ) ;
#384 = VECTOR ( 'NONE', #101, 1000.000000000000000 ) ;
#385 = EDGE_LOOP ( 'NONE', ( #364, #637, #1676 ) ) ;
#386 =( NAMED_UNIT ( * ) SI_UNIT ( $, .STERADIAN. ) SOLID_ANGLE_UNIT ( ) );
#387 = CARTESIAN_POINT ( 'NONE',  ( 33.40000000000000568, 9.999999999999998224, 2.000000000000001776 ) ) ;
#388 = EDGE_CURVE ( 'NONE', #1607, #893, #202, .T. ) ;
#389 = CARTESIAN_POINT ( 'NONE',  ( 31.40000000000000568, -4.800218499624937074, 1.734723475976807094E-15 ) ) ;
#390 = EDGE_CURVE ( 'NONE', #1648, #126, #760, .T. ) ;
#391 = VERTEX_POINT ( 'NONE', #28 ) ;
#392 = CARTESIAN_POINT ( 'NONE',  ( -9.000000000000000000, 6.200000000000001066, 0.01339654040263815737 ) ) ;
#393 = ADVANCED_FACE ( 'NONE', ( #1055 ), #1307, .T. ) ;
#394 = ORIENTED_EDGE ( 'NONE', *, *, #1048, .T. ) ;
#395 = CARTESIAN_POINT ( 'NONE',  ( 38.39999999999999858, 9.999999999999998224, 83.00000000000000000 ) ) ;
#396 = VERTEX_POINT ( 'NONE', #923 ) ;
#397 = LINE ( 'NONE', #974, #1361 ) ;
#398 = VERTEX_POINT ( 'NONE', #1173 ) ;
#399 = CARTESIAN_POINT ( 'NONE',  ( -7.200000000000001066, 8.000000000000000000, 0.000000000000000000 ) ) ;
#400 = CARTESIAN_POINT ( 'NONE',  ( 31.40000000000000568, -5.599999999999988987, 3.000000000000000000 ) ) ;
#401 = EDGE_CURVE ( 'NONE', #1341, #1394, #185, .T. ) ;
#402 = DIRECTION ( 'NONE',  ( -0.000000000000000000, 0.000000000000000000, 1.000000000000000000 ) ) ;
#403 = CARTESIAN_POINT ( 'NONE',  ( 28.40000000000000568, -7.399999999999987921, 0.000000000000000000 ) ) ;
#404 = FACE_OUTER_BOUND ( 'NONE', #108, .T. ) ;
#405 = CARTESIAN_POINT ( 'NONE',  ( 37.19999999999999574, -6.999999999999995559, 86.00000000000000000 ) ) ;
#406 = ORIENTED_EDGE ( 'NONE', *, *, #1234, .T. ) ;
#407 = CARTESIAN_POINT ( 'NONE',  ( -9.000000000000000000, 0.000000000000000000, 86.00000000000000000 ) ) ;
#408 = VERTEX_POINT ( 'NONE', #767 ) ;
#409 = CARTESIAN_POINT ( 'NONE',  ( 29.60000000000000142, -7.399999999999987921, 3.000000000000000000 ) ) ;
#410 = FACE_OUTER_BOUND ( 'NONE', #1190, .T. ) ;
#411 = ORIENTED_EDGE ( 'NONE', *, *, #58, .T. ) ;
#412 = EDGE_CURVE ( 'NONE', #762, #782, #640, .T. ) ;
#413 = CIRCLE ( 'NONE', #1778, 1.199999999999999734 ) ;
#414 = FACE_OUTER_BOUND ( 'NONE', #1284, .T. ) ;
#415 = DIRECTION ( 'NONE',  ( -0.000000000000000000, 0.000000000000000000, 1.000000000000000000 ) ) ;
#416 = VECTOR ( 'NONE', #1520, 1000.000000000000000 ) ;
#417 = AXIS2_PLACEMENT_3D ( 'NONE', #1471, #1487, #1294 ) ;
#418 = CARTESIAN_POINT ( 'NONE',  ( 34.79999999999999716, 7.599999999999998757, 86.00000000000000000 ) ) ;
#419 = CIRCLE ( 'NONE', #352, 3.000000000000000000 ) ;
#420 = EDGE_CURVE ( 'NONE', #1579, #468, #79, .T. ) ;
#421 = ORIENTED_EDGE ( 'NONE', *, *, #1106, .F. ) ;
#422 = CARTESIAN_POINT ( 'NONE',  ( 29.60000000000000142, -5.599999999999988987, 3.000000000000000000 ) ) ;
#423 = CARTESIAN_POINT ( 'NONE',  ( 29.60000000000000142, -7.399999999999987921, 0.000000000000000000 ) ) ;
#424 = EDGE_LOOP ( 'NONE', ( #258, #321, #367, #1613 ) ) ;
#425 = LINE ( 'NONE', #152, #125 ) ;
#426 = DIRECTION ( 'NONE',  ( -0.000000000000000000, -0.000000000000000000, -1.000000000000000000 ) ) ;
#427 = PLANE ( 'NONE',  #1776 ) ;
#428 = DIRECTION ( 'NONE',  ( -1.000000000000000000, 0.000000000000000000, 0.000000000000000000 ) ) ;
#429 = DIRECTION ( 'NONE',  ( -1.000000000000000000, 0.000000000000000000, 0.000000000000000000 ) ) ;
#430 = EDGE_CURVE ( 'NONE', #1087, #1598, #1210, .T. ) ;
#431 = DIRECTION ( 'NONE',  ( -1.000000000000000000, 0.000000000000000000, 0.000000000000000000 ) ) ;
#432 = VERTEX_POINT ( 'NONE', #913 ) ;
#433 = DIRECTION ( 'NONE',  ( -0.000000000000000000, -0.000000000000000000, -1.000000000000000000 ) ) ;
#434 = DIRECTION ( 'NONE',  ( -1.000000000000000000, 0.000000000000000000, 0.000000000000000000 ) ) ;
#435 = VERTEX_POINT ( 'NONE', #222 ) ;
#436 = LINE ( 'NONE', #1147, #498 ) ;
#437 = CARTESIAN_POINT ( 'NONE',  ( -16.00000000000000000, 9.999999999999998224, 86.00000000000000000 ) ) ;
#438 = CARTESIAN_POINT ( 'NONE',  ( -5.999999999999997335, -7.399999999999993250, 1.999999999999988010 ) ) ;
#439 = EDGE_CURVE ( 'NONE', #1472, #318, #634, .T. ) ;
#440 = ORIENTED_EDGE ( 'NONE', *, *, #1659, .T. ) ;
#441 = CARTESIAN_POINT ( 'NONE',  ( -7.200000000000001066, -7.316217246015267683, 0.004347296403614359442 ) ) ;
#442 = DIRECTION ( 'NONE',  ( -0.000000000000000000, -0.000000000000000000, -1.000000000000000000 ) ) ;
#443 = DIRECTION ( 'NONE',  ( -1.000000000000000000, 0.000000000000000000, 0.000000000000000000 ) ) ;
#444 = DIRECTION ( 'NONE',  ( 1.000000000000000000, 0.000000000000000000, 0.000000000000000000 ) ) ;
#445 = DIRECTION ( 'NONE',  ( -1.000000000000000000, 0.000000000000000000, 0.000000000000000000 ) ) ;
#446 = AXIS2_PLACEMENT_3D ( 'NONE', #1768, #642, #509 ) ;
#447 = DIRECTION ( 'NONE',  ( -0.000000000000000000, -0.000000000000000000, -1.000000000000000000 ) ) ;
#448 = VECTOR ( 'NONE', #1440, 1000.000000000000000 ) ;
#449 = AXIS2_PLACEMENT_3D ( 'NONE', #1132, #155, #1577 ) ;
#450 = ADVANCED_FACE ( 'NONE', ( #1604 ), #1741, .T. ) ;
#451 = ORIENTED_EDGE ( 'NONE', *, *, #792, .F. ) ;
#452 = CARTESIAN_POINT ( 'NONE',  ( -7.200000000000001066, -7.149545416973495549, 0.000000000000000000 ) ) ;
#453 = LINE ( 'NONE', #783, #595 ) ;
#454 = CARTESIAN_POINT ( 'NONE',  ( -7.200000000000001066, 8.000000000000000000, 83.00000000000000000 ) ) ;
#455 = ADVANCED_FACE ( 'NONE', ( #338 ), #1211, .T. ) ;
#456 = ORIENTED_EDGE ( 'NONE', *, *, #1178, .F. ) ;
#457 = DIRECTION ( 'NONE',  ( 3.907034855803619427E-17, 1.000000000000000000, -0.000000000000000000 ) ) ;
#458 = EDGE_LOOP ( 'NONE', ( #150, #901 ) ) ;
#459 = CARTESIAN_POINT ( 'NONE',  ( 31.40000000000000568, -4.399999999999995914, 1.999999999999988010 ) ) ;
#460 = ORIENTED_EDGE ( 'NONE', *, *, #664, .T. ) ;
#461 = EDGE_CURVE ( 'NONE', #1645, #1355, #473, .T. ) ;
#462 = ORIENTED_EDGE ( 'NONE', *, *, #377, .F. ) ;
#463 = ORIENTED_EDGE ( 'NONE', *, *, #345, .F. ) ;
#464 = CARTESIAN_POINT ( 'NONE',  ( 29.20062576189901549, 8.000000000000003553, -0.003857773907302883970 ) ) ;
#465 = DIRECTION ( 'NONE',  ( 1.000000000000000000, -3.188829919075013730E-17, 0.000000000000000000 ) ) ;
#466 = VERTEX_POINT ( 'NONE', #487 ) ;
#467 = CARTESIAN_POINT ( 'NONE',  ( -7.200000000000001066, -7.399999999999987921, 3.000000000000000000 ) ) ;
#468 = VERTEX_POINT ( 'NONE', #508 ) ;
#469 = DIRECTION ( 'NONE',  ( -0.000000000000000000, 0.000000000000000000, 1.000000000000000000 ) ) ;
#470 = EDGE_CURVE ( 'NONE', #36, #1087, #1573, .T. ) ;
#471 = LINE ( 'NONE', #743, #657 ) ;
#472 = LINE ( 'NONE', #1632, #1575 ) ;
#473 = CIRCLE ( 'NONE', #825, 2.000000000000000000 ) ;
#474 = EDGE_CURVE ( 'NONE', #1584, #484, #1327, .T. ) ;
#475 = AXIS2_PLACEMENT_3D ( 'NONE', #1485, #348, #373 ) ;
#476 = VERTEX_POINT ( 'NONE', #482 ) ;
#477 = VECTOR ( 'NONE', #1559, 1000.000000000000000 ) ;
#478 = VECTOR ( 'NONE', #877, 1000.000000000000000 ) ;
#479 = ORIENTED_EDGE ( 'NONE', *, *, #1080, .F. ) ;
#480 = ORIENTED_EDGE ( 'NONE', *, *, #526, .T. ) ;
#481 = SURFACE_STYLE_FILL_AREA ( #1748 ) ;
#482 = CARTESIAN_POINT ( 'NONE',  ( -7.200000000000001066, 6.200000000000001066, 86.00000000000000000 ) ) ;
#483 = EDGE_CURVE ( 'NONE', #630, #1645, #729, .T. ) ;
#484 = VERTEX_POINT ( 'NONE', #971 ) ;
#485 = ORIENTED_EDGE ( 'NONE', *, *, #1509, .F. ) ;
#486 = APPLICATION_PROTOCOL_DEFINITION ( 'draft international standard', 'automotive_design', 1998, #23 ) ;
#487 = CARTESIAN_POINT ( 'NONE',  ( 34.79999999999999716, 7.599999999999998757, 86.00000000000000000 ) ) ;
#488 = EDGE_CURVE ( 'NONE', #1053, #964, #1504, .T. ) ;
#489 = ORIENTED_EDGE ( 'NONE', *, *, #779, .T. ) ;
#490 = LINE ( 'NONE', #1064, #715 ) ;
#491 = ORIENTED_EDGE ( 'NONE', *, *, #1582, .F. ) ;
#492 = DIRECTION ( 'NONE',  ( 0.000000000000000000, 0.000000000000000000, 1.000000000000000000 ) ) ;
#493 = B_SPLINE_CURVE_WITH_KNOTS ( 'NONE', 3,
 ( #1376, #1501, #802, #1224 ),
 .UNSPECIFIED., .F., .F.,
 ( 4, 4 ),
 ( 0.000000000000000000, 0.0002490585454507789715 ),
 .UNSPECIFIED. ) ;
#494 = VERTEX_POINT ( 'NONE', #242 ) ;
#495 = EDGE_LOOP ( 'NONE', ( #1765, #1032, #1405, #1124, #1468, #1602, #1044, #1414, #1024, #1411, #701, #571 ) ) ;
#496 = DIRECTION ( 'NONE',  ( -3.851408775235043436E-09, 0.000000000000000000, 1.000000000000000000 ) ) ;
#497 = EDGE_LOOP ( 'NONE', ( #411, #506, #380, #203 ) ) ;
#498 = VECTOR ( 'NONE', #13, 1000.000000000000000 ) ;
#499 = DIRECTION ( 'NONE',  ( 0.000000000000000000, -1.000000000000000000, -0.000000000000000000 ) ) ;
#500 = VERTEX_POINT ( 'NONE', #1786 ) ;
#501 = CARTESIAN_POINT ( 'NONE',  ( 31.40000000000000568, -5.599999999999988987, 0.000000000000000000 ) ) ;
#502 = VECTOR ( 'NONE', #1773, 1000.000000000000000 ) ;
#503 = DIRECTION ( 'NONE',  ( 1.000000000000000000, 0.000000000000000000, 0.000000000000000000 ) ) ;
#504 = ADVANCED_FACE ( 'NONE', ( #812 ), #1534, .T. ) ;
#505 = AXIS2_PLACEMENT_3D ( 'NONE', #1279, #298, #860 ) ;
#506 = ORIENTED_EDGE ( 'NONE', *, *, #1333, .T. ) ;
#507 = EDGE_CURVE ( 'NONE', #1394, #494, #1380, .T. ) ;
#508 = CARTESIAN_POINT ( 'NONE',  ( 37.19999999999999574, -6.999999999999995559, 83.00000000000000000 ) ) ;
#509 = DIRECTION ( 'NONE',  ( 0.000000000000000000, -4.336808689942017736E-16, -1.000000000000000000 ) ) ;
#510 = ORIENTED_EDGE ( 'NONE', *, *, #1509, .T. ) ;
#511 = CARTESIAN_POINT ( 'NONE',  ( -7.200000000000001066, 7.916217246015189168, 0.004347296403610042582 ) ) ;
#512 = CARTESIAN_POINT ( 'NONE',  ( 29.60000000000000142, -7.399999999999987921, 0.01339654040194426798 ) ) ;
#513 = EDGE_CURVE ( 'NONE', #1474, #1302, #1282, .T. ) ;
#514 = ORIENTED_EDGE ( 'NONE', *, *, #1234, .F. ) ;
#515 = DIRECTION ( 'NONE',  ( 1.000000000000000000, 0.000000000000000000, 0.000000000000000000 ) ) ;
#516 = VERTEX_POINT ( 'NONE', #1794 ) ;
#517 = CARTESIAN_POINT ( 'NONE',  ( -15.99999999999999645, -2.861399548002980469E-15, 86.00000000000000000 ) ) ;
#518 = ORIENTED_EDGE ( 'NONE', *, *, #341, .F. ) ;
#519 = DIRECTION ( 'NONE',  ( 0.000000000000000000, 0.000000000000000000, 1.000000000000000000 ) ) ;
#520 = CARTESIAN_POINT ( 'NONE',  ( -11.00000000000000178, 9.999999999999998224, 2.000000000000001776 ) ) ;
#521 = VERTEX_POINT ( 'NONE', #403 ) ;
#522 = DIRECTION ( 'NONE',  ( 1.000000000000000000, 0.000000000000000000, 0.000000000000000000 ) ) ;
#523 = EDGE_CURVE ( 'NONE', #344, #516, #1525, .T. ) ;
#524 = CARTESIAN_POINT ( 'NONE',  ( -10.99999999999999822, -4.399999999999994138, 83.00000000000000000 ) ) ;
#525 = ORIENTED_EDGE ( 'NONE', *, *, #907, .T. ) ;
#526 = EDGE_CURVE ( 'NONE', #521, #1341, #1060, .T. ) ;
#527 = ORIENTED_EDGE ( 'NONE', *, *, #488, .F. ) ;
#528 = CARTESIAN_POINT ( 'NONE',  ( -9.000000000000000000, 4.999999999999998224, 0.000000000000000000 ) ) ;
#529 = CARTESIAN_POINT ( 'NONE',  ( 29.60000000000000142, -7.316217246015221498, 0.004347296403611838889 ) ) ;
#530 = VECTOR ( 'NONE', #963, 1000.000000000000000 ) ;
#531 = CARTESIAN_POINT ( 'NONE',  ( 36.00000000000000000, -6.999999999999995559, 86.00000000000000000 ) ) ;
#532 = AXIS2_PLACEMENT_3D ( 'NONE', #1812, #443, #173 ) ;
#533 = AXIS2_PLACEMENT_3D ( 'NONE', #1705, #1245, #1810 ) ;
#534 = CIRCLE ( 'NONE', #1630, 5.000000000000000000 ) ;
#535 = CARTESIAN_POINT ( 'NONE',  ( 0.000000000000000000, 6.200000000000003730, 86.00000000000000000 ) ) ;
#536 = EDGE_LOOP ( 'NONE', ( #1571, #1316 ) ) ;
#537 = ADVANCED_FACE ( 'NONE', ( #1505 ), #939, .T. ) ;
#538 = CARTESIAN_POINT ( 'NONE',  ( 29.60000000000000142, 8.000000000000003553, 83.00000000000000000 ) ) ;
#539 = ORIENTED_EDGE ( 'NONE', *, *, #563, .F. ) ;
#540 = CARTESIAN_POINT ( 'NONE',  ( -5.999999999999997335, -4.399999999999993250, 2.000000000000001776 ) ) ;
#541 = DIRECTION ( 'NONE',  ( -1.000000000000000000, 0.000000000000000000, 0.000000000000000000 ) ) ;
#542 = CARTESIAN_POINT ( 'NONE',  ( -0.000000000000000000, 9.999999999999998224, 83.00000000000000000 ) ) ;
#543 = CARTESIAN_POINT ( 'NONE',  ( -13.59999999999999964, -6.999999999999995559, 86.00000000000000000 ) ) ;
#544 = UNCERTAINTY_MEASURE_WITH_UNIT (LENGTH_MEASURE( 1.000000000000000082E-05 ), #78, 'distance_accuracy_value', 'NONE');
#545 = CARTESIAN_POINT ( 'NONE',  ( -7.200000000000001066, 8.000000000000000000, 0.01339654040137527868 ) ) ;
#546 = CARTESIAN_POINT ( 'NONE',  ( -9.000000000000000000, -5.599999999999988098, 86.00000000000000000 ) ) ;
#547 = ORIENTED_EDGE ( 'NONE', *, *, #470, .T. ) ;
#548 = DIRECTION ( 'NONE',  ( 9.427844978134820201E-17, -1.000000000000000000, 0.000000000000000000 ) ) ;
#549 = EDGE_CURVE ( 'NONE', #476, #1431, #1814, .T. ) ;
#550 = VERTEX_POINT ( 'NONE', #106 ) ;
#551 = CARTESIAN_POINT ( 'NONE',  ( 38.39999999999999858, 0.000000000000000000, 86.00000000000000000 ) ) ;
#552 = ORIENTED_EDGE ( 'NONE', *, *, #838, .T. ) ;
#553 = CARTESIAN_POINT ( 'NONE',  ( 36.00000000000000000, -6.999999999999995559, 86.00000000000000000 ) ) ;
#554 = CARTESIAN_POINT ( 'NONE',  ( -7.200000000000001066, -7.399999999999987921, 0.000000000000000000 ) ) ;
#555 = EDGE_CURVE ( 'NONE', #1565, #1366, #419, .T. ) ;
#556 = DIRECTION ( 'NONE',  ( -1.000000000000000000, 0.000000000000000000, 0.000000000000000000 ) ) ;
#557 = ORIENTED_EDGE ( 'NONE', *, *, #764, .F. ) ;
#558 = CARTESIAN_POINT ( 'NONE',  ( -7.200000000000001066, 8.000000000000000000, 3.000000000000000000 ) ) ;
#559 = ORIENTED_EDGE ( 'NONE', *, *, #1679, .F. ) ;
#560 = CARTESIAN_POINT ( 'NONE',  ( 29.59999999999999787, -7.399999999999987921, 86.00000000000000000 ) ) ;
#561 = DIRECTION ( 'NONE',  ( 0.000000000000000000, -0.000000000000000000, -1.000000000000000000 ) ) ;
#562 = AXIS2_PLACEMENT_3D ( 'NONE', #1791, #1078, #1070 ) ;
#563 = EDGE_CURVE ( 'NONE', #398, #432, #1075, .T. ) ;
#564 = CARTESIAN_POINT ( 'NONE',  ( -0.000000000000000000, 9.999999999999998224, 83.00000000000000000 ) ) ;
#565 = DIRECTION ( 'NONE',  ( -0.000000000000000000, 0.000000000000000000, -1.000000000000000000 ) ) ;
#566 = VECTOR ( 'NONE', #1340, 1000.000000000000000 ) ;
#567 = AXIS2_PLACEMENT_3D ( 'NONE', #620, #1177, #1462 ) ;
#568 = CLOSED_SHELL ( 'NONE', ( #253, #684, #110, #621, #309, #1833, #1769, #255, #214, #450, #785, #123, #52, #393, #1143, #1413, #1486, #1150, #745, #1313, #591, #834, #1594, #537, #1353, #750, #1166, #970, #809, #610, #645, #1401, #1219, #1531, #1434, #1250, #504, #16, #1819, #613, #1646, #1345, #600, #1514, #12, #674, #775, #103, #1386, #1709, #455, #1290, #358, #999, #1495, #1037, #176, #1467, #697 ) ) ;
#569 = LINE ( 'NONE', #1142, #41 ) ;
#570 =( GEOMETRIC_REPRESENTATION_CONTEXT ( 3 ) GLOBAL_UNCERTAINTY_ASSIGNED_CONTEXT ( ( #1305 ) ) GLOBAL_UNIT_ASSIGNED_CONTEXT ( ( #1503, #1072, #1054 ) ) REPRESENTATION_CONTEXT ( 'NONE', 'WORKASPACE' ) );
#571 = ORIENTED_EDGE ( 'NONE', *, *, #1730, .F. ) ;
#572 = CARTESIAN_POINT ( 'NONE',  ( 28.40000000000000568, -7.399999999999987921, 0.000000000000000000 ) ) ;
#573 = ORIENTED_EDGE ( 'NONE', *, *, #967, .T. ) ;
#574 = CARTESIAN_POINT ( 'NONE',  ( 29.60000000000000142, -5.599999999999988987, 83.00000000000000000 ) ) ;
#575 = DIRECTION ( 'NONE',  ( 1.000000000000000000, -1.734723475976805517E-15, 0.000000000000000000 ) ) ;
#576 = EDGE_LOOP ( 'NONE', ( #688, #959, #370 ) ) ;
#577 = CARTESIAN_POINT ( 'NONE',  ( -13.59999999999999964, -6.999999999999995559, 86.00000000000000000 ) ) ;
#578 = DIRECTION ( 'NONE',  ( 1.000000000000000000, 0.000000000000000000, 0.000000000000000000 ) ) ;
#579 = EDGE_CURVE ( 'NONE', #671, #1341, #1360, .T. ) ;
#580 = CARTESIAN_POINT ( 'NONE',  ( -7.200000000000001066, -5.599999999999988098, 86.00000000000000000 ) ) ;
#581 = ORIENTED_EDGE ( 'NONE', *, *, #555, .F. ) ;
#582 = DIRECTION ( 'NONE',  ( 2.682562076252795299E-16, -1.000000000000000000, 0.000000000000000000 ) ) ;
#583 = CARTESIAN_POINT ( 'NONE',  ( 36.00000000000000000, 7.599999999999998757, 86.00000000000000000 ) ) ;
#584 = FACE_OUTER_BOUND ( 'NONE', #1076, .T. ) ;
#585 = CARTESIAN_POINT ( 'NONE',  ( 28.40000000000000568, -4.399999999999995914, 83.00000000000000000 ) ) ;
#586 = EDGE_CURVE ( 'NONE', #476, #639, #1400, .T. ) ;
#587 = CARTESIAN_POINT ( 'NONE',  ( -8.916217246015278874, -5.599999999999988098, 0.004347296403614320411 ) ) ;
#588 = EDGE_CURVE ( 'NONE', #1355, #432, #248, .T. ) ;
#589 = VERTEX_POINT ( 'NONE', #395 ) ;
#590 = LINE ( 'NONE', #1563, #121 ) ;
#591 = ADVANCED_FACE ( 'NONE', ( #960 ), #237, .T. ) ;
#592 = VERTEX_POINT ( 'NONE', #524 ) ;
#593 = CARTESIAN_POINT ( 'NONE',  ( 36.00000000000000000, -6.999999999999995559, 86.00000000000000000 ) ) ;
#594 = CYLINDRICAL_SURFACE ( 'NONE', #890, 1.199999999999999734 ) ;
#595 = VECTOR ( 'NONE', #220, 1000.000000000000000 ) ;
#596 = VECTOR ( 'NONE', #1114, 1000.000000000000000 ) ;
#597 = LINE ( 'NONE', #195, #1309 ) ;
#598 = VECTOR ( 'NONE', #48, 1000.000000000000000 ) ;
#599 = VECTOR ( 'NONE', #827, 1000.000000000000000 ) ;
#600 = ADVANCED_FACE ( 'NONE', ( #120 ), #683, .F. ) ;
#601 = ORIENTED_EDGE ( 'NONE', *, *, #1612, .F. ) ;
#602 = FACE_OUTER_BOUND ( 'NONE', #1608, .T. ) ;
#603 = VERTEX_POINT ( 'NONE', #675 ) ;
#604 = ORIENTED_EDGE ( 'NONE', *, *, #1438, .F. ) ;
#605 = ORIENTED_EDGE ( 'NONE', *, *, #523, .F. ) ;
#606 = LINE ( 'NONE', #558, #1331 ) ;
#607 = LINE ( 'NONE', #1168, #982 ) ;
#608 = EDGE_LOOP ( 'NONE', ( #100, #1687, #736, #1322 ) ) ;
#609 = DIRECTION ( 'NONE',  ( 1.000000000000000000, 0.000000000000000000, -0.000000000000000000 ) ) ;
#610 = ADVANCED_FACE ( 'NONE', ( #584 ), #991, .T. ) ;
#611 = ORIENTED_EDGE ( 'NONE', *, *, #586, .T. ) ;
#612 = EDGE_LOOP ( 'NONE', ( #297, #1731, #1760 ) ) ;
#613 = ADVANCED_FACE ( 'NONE', ( #414 ), #851, .F. ) ;
#614 = DIRECTION ( 'NONE',  ( 0.000000000000000000, -1.000000000000000000, 0.000000000000000000 ) ) ;
#615 = DIRECTION ( 'NONE',  ( -1.000000000000000000, 0.000000000000000000, 0.000000000000000000 ) ) ;
#616 = ORIENTED_EDGE ( 'NONE', *, *, #513, .T. ) ;
#617 = LINE ( 'NONE', #1315, #598 ) ;
#618 = CARTESIAN_POINT ( 'NONE',  ( -7.200000000000001066, 8.000000000000000000, 3.000000000000000000 ) ) ;
#619 = ORIENTED_EDGE ( 'NONE', *, *, #341, .T. ) ;
#620 = CARTESIAN_POINT ( 'NONE',  ( -5.999999999999999112, 4.999999999999998224, 0.000000000000000000 ) ) ;
#621 = ADVANCED_FACE ( 'NONE', ( #1547 ), #1118, .F. ) ;
#622 = ORIENTED_EDGE ( 'NONE', *, *, #1761, .T. ) ;
#623 = CARTESIAN_POINT ( 'NONE',  ( 34.79999999999999716, -6.999999999999995559, 86.00000000000000000 ) ) ;
#624 = B_SPLINE_CURVE_WITH_KNOTS ( 'NONE', 3,
 ( #1135, #1251, #1412, #572 ),
 .UNSPECIFIED., .F., .F.,
 ( 4, 4 ),
 ( 0.0008336360996872326564, 0.002032856875695510015 ),
 .UNSPECIFIED. ) ;
#625 = DIRECTION ( 'NONE',  ( 0.000000000000000000, 0.000000000000000000, 1.000000000000000000 ) ) ;
#626 = AXIS2_PLACEMENT_3D ( 'NONE', #311, #1824, #1680 ) ;
#627 = AXIS2_PLACEMENT_3D ( 'NONE', #1057, #499, #1364 ) ;
#628 = ORIENTED_EDGE ( 'NONE', *, *, #25, .T. ) ;
#629 = AXIS2_PLACEMENT_3D ( 'NONE', #115, #1545, #1146 ) ;
#630 = VERTEX_POINT ( 'NONE', #174 ) ;
#631 = ORIENTED_EDGE ( 'NONE', *, *, #1300, .T. ) ;
#632 = SURFACE_STYLE_USAGE ( .BOTH. , #1610 ) ;
#633 = EDGE_CURVE ( 'NONE', #396, #1205, #436, .T. ) ;
#634 = LINE ( 'NONE', #1336, #1772 ) ;
#635 = ORIENTED_EDGE ( 'NONE', *, *, #69, .F. ) ;
#636 = DIRECTION ( 'NONE',  ( -1.000000000000000000, -9.427844978134820201E-17, 0.000000000000000000 ) ) ;
#637 = ORIENTED_EDGE ( 'NONE', *, *, #1569, .T. ) ;
#638 = CARTESIAN_POINT ( 'NONE',  ( -8.999999999999998224, -4.399999999999993250, 1.999999999999988010 ) ) ;
#639 = VERTEX_POINT ( 'NONE', #1556 ) ;
#640 = LINE ( 'NONE', #61, #34 ) ;
#641 = EDGE_CURVE ( 'NONE', #592, #1014, #1388, .T. ) ;
#642 = DIRECTION ( 'NONE',  ( 0.000000000000000000, -1.000000000000000000, 4.336808689942043867E-16 ) ) ;
#643 = EDGE_LOOP ( 'NONE', ( #619, #374 ) ) ;
#644 = LINE ( 'NONE', #501, #978 ) ;
#645 = ADVANCED_FACE ( 'NONE', ( #1263 ), #166, .T. ) ;
#646 = DIRECTION ( 'NONE',  ( 4.336808689942017243E-16, -1.000000000000000000, 0.000000000000000000 ) ) ;
#647 = VERTEX_POINT ( 'NONE', #1398 ) ;
#648 = FACE_BOUND ( 'NONE', #1338, .T. ) ;
#649 = DIRECTION ( 'NONE',  ( -1.000000000000000000, 0.000000000000000000, 0.000000000000000000 ) ) ;
#650 = EDGE_LOOP ( 'NONE', ( #666, #758, #663, #635, #281, #1479, #815, #1373 ) ) ;
#651 = AXIS2_PLACEMENT_3D ( 'NONE', #980, #1834, #1009 ) ;
#652 = VECTOR ( 'NONE', #212, 1000.000000000000000 ) ;
#653 = EDGE_CURVE ( 'NONE', #1014, #671, #277, .T. ) ;
#654 = ORIENTED_EDGE ( 'NONE', *, *, #252, .T. ) ;
#655 = AXIS2_PLACEMENT_3D ( 'NONE', #719, #582, #1580 ) ;
#656 = VECTOR ( 'NONE', #689, 1000.000000000000000 ) ;
#657 = VECTOR ( 'NONE', #732, 1000.000000000000000 ) ;
#658 = VECTOR ( 'NONE', #788, 1000.000000000000000 ) ;
#659 = VERTEX_POINT ( 'NONE', #730 ) ;
#660 = CARTESIAN_POINT ( 'NONE',  ( 29.60000000000000142, 8.000000000000003553, 0.000000000000000000 ) ) ;
#661 = ORIENTED_EDGE ( 'NONE', *, *, #1265, .F. ) ;
#662 = LINE ( 'NONE', #82, #302 ) ;
#663 = ORIENTED_EDGE ( 'NONE', *, *, #891, .F. ) ;
#664 = EDGE_CURVE ( 'NONE', #749, #1795, #21, .T. ) ;
#665 = CARTESIAN_POINT ( 'NONE',  ( 29.60000000000000142, -7.232740067838714815, 1.685991802287192031E-15 ) ) ;
#666 = ORIENTED_EDGE ( 'NONE', *, *, #461, .F. ) ;
#667 = EDGE_CURVE ( 'NONE', #630, #589, #842, .T. ) ;
#668 = CARTESIAN_POINT ( 'NONE',  ( -5.999999999999999112, 4.999999999999998224, 2.000000000000001776 ) ) ;
#669 = PRODUCT_DEFINITION_SHAPE ( 'NONE', 'NONE',  #92 ) ;
#670 = CARTESIAN_POINT ( 'NONE',  ( 31.40000000000000568, 6.200000000000003730, 0.01339654040263815737 ) ) ;
#671 = VERTEX_POINT ( 'NONE', #133 ) ;
#672 = DIRECTION ( 'NONE',  ( -1.000000000000000000, 0.000000000000000000, -0.000000000000000000 ) ) ;
#673 = FACE_BOUND ( 'NONE', #863, .T. ) ;
#674 = ADVANCED_FACE ( 'NONE', ( #1417, #1131, #1255 ), #1716, .F. ) ;
#675 = CARTESIAN_POINT ( 'NONE',  ( -7.200000000000001066, -7.399999999999987921, 86.00000000000000000 ) ) ;
#676 = CARTESIAN_POINT ( 'NONE',  ( 33.40000000000000568, 4.999999999999998224, 83.00000000000000000 ) ) ;
#677 = ORIENTED_EDGE ( 'NONE', *, *, #1203, .F. ) ;
#678 = DIRECTION ( 'NONE',  ( 1.000000000000000000, 0.000000000000000000, 0.000000000000000000 ) ) ;
#679 = VECTOR ( 'NONE', #933, 1000.000000000000000 ) ;
#680 = AXIS2_PLACEMENT_3D ( 'NONE', #1596, #330, #1339 ) ;
#681 = PLANE ( 'NONE',  #744 ) ;
#682 = VECTOR ( 'NONE', #1418, 1000.000000000000000 ) ;
#683 = PLANE ( 'NONE',  #1655 ) ;
#684 = ADVANCED_FACE ( 'NONE', ( #1001 ), #1696, .F. ) ;
#685 = CYLINDRICAL_SURFACE ( 'NONE', #1808, 1.199999999999999734 ) ;
#686 = ORIENTED_EDGE ( 'NONE', *, *, #483, .T. ) ;
#687 = DIRECTION ( 'NONE',  ( 4.336808689942017243E-16, -1.000000000000000000, -3.851407907873328608E-09 ) ) ;
#688 = ORIENTED_EDGE ( 'NONE', *, *, #1682, .F. ) ;
#689 = DIRECTION ( 'NONE',  ( 1.000000000000000000, 9.427844978134821433E-17, 0.000000000000000000 ) ) ;
#690 = VERTEX_POINT ( 'NONE', #154 ) ;
#691 = DIRECTION ( 'NONE',  ( 0.000000000000000000, 0.000000000000000000, -1.000000000000000000 ) ) ;
#692 = DIRECTION ( 'NONE',  ( -0.000000000000000000, -0.000000000000000000, -1.000000000000000000 ) ) ;
#693 = DIRECTION ( 'NONE',  ( -1.000000000000000000, -9.427844978134821433E-17, 0.000000000000000000 ) ) ;
#694 = DIRECTION ( 'NONE',  ( 1.000000000000000000, 0.000000000000000000, 0.000000000000000000 ) ) ;
#695 = ORIENTED_EDGE ( 'NONE', *, *, #1758, .T. ) ;
#696 = LINE ( 'NONE', #987, #796 ) ;
#697 = ADVANCED_FACE ( 'NONE', ( #713 ), #1140, .T. ) ;
#698 = ORIENTED_EDGE ( 'NONE', *, *, #1715, .F. ) ;
#699 = DIRECTION ( 'NONE',  ( -1.000000000000000000, 0.000000000000000000, 0.000000000000000000 ) ) ;
#700 = EDGE_CURVE ( 'NONE', #1712, #232, #413, .T. ) ;
#701 = ORIENTED_EDGE ( 'NONE', *, *, #149, .F. ) ;
#702 = DIRECTION ( 'NONE',  ( 0.000000000000000000, 0.000000000000000000, 1.000000000000000000 ) ) ;
#703 = CARTESIAN_POINT ( 'NONE',  ( 29.60000000000000142, 7.916217246015280651, 0.004347296403614737612 ) ) ;
#704 = PLANE ( 'NONE',  #1540 ) ;
#705 = DIRECTION ( 'NONE',  ( 1.000000000000000000, 0.000000000000000000, 0.000000000000000000 ) ) ;
#706 = ORIENTED_EDGE ( 'NONE', *, *, #267, .F. ) ;
#707 = CARTESIAN_POINT ( 'NONE',  ( 31.40000000000000568, 6.200000000000003730, 0.01339654040263815737 ) ) ;
#708 = ORIENTED_EDGE ( 'NONE', *, *, #1377, .T. ) ;
#709 = PLANE ( 'NONE',  #629 ) ;
#710 = EDGE_CURVE ( 'NONE', #1763, #1302, #453, .T. ) ;
#711 = ORIENTED_EDGE ( 'NONE', *, *, #899, .F. ) ;
#712 = VECTOR ( 'NONE', #778, 1000.000000000000000 ) ;
#713 = FACE_OUTER_BOUND ( 'NONE', #140, .T. ) ;
#714 = CARTESIAN_POINT ( 'NONE',  ( 31.40000000000000568, 4.999999999999999112, 0.000000000000000000 ) ) ;
#715 = VECTOR ( 'NONE', #1634, 1000.000000000000000 ) ;
#716 = CIRCLE ( 'NONE', #6, 4.999999999999997335 ) ;
#717 = CARTESIAN_POINT ( 'NONE',  ( 28.40000000000000924, -9.399999999999995026, 83.00000000000000000 ) ) ;
#718 = ORIENTED_EDGE ( 'NONE', *, *, #1240, .T. ) ;
#719 = CARTESIAN_POINT ( 'NONE',  ( -9.000000000000001776, 9.999999999999998224, 2.000000000000001776 ) ) ;
#720 = DIRECTION ( 'NONE',  ( -0.000000000000000000, -0.000000000000000000, -1.000000000000000000 ) ) ;
#721 = EDGE_CURVE ( 'NONE', #647, #964, #109, .T. ) ;
#722 = CARTESIAN_POINT ( 'NONE',  ( -13.60000000000000142, 7.599999999999998757, 83.00000000000000000 ) ) ;
#723 = CARTESIAN_POINT ( 'NONE',  ( -12.40000000000000213, 7.599999999999998757, 86.00000000000000000 ) ) ;
#724 = LINE ( 'NONE', #1526, #1600 ) ;
#725 = EDGE_CURVE ( 'NONE', #1579, #1447, #63, .T. ) ;
#726 = DIRECTION ( 'NONE',  ( 0.000000000000000000, -1.000000000000000000, 0.000000000000000000 ) ) ;
#727 = VERTEX_POINT ( 'NONE', #1223 ) ;
#728 = DIRECTION ( 'NONE',  ( 0.000000000000000000, -1.000000000000000000, 0.000000000000000000 ) ) ;
#729 = LINE ( 'NONE', #1049, #1033 ) ;
#730 = CARTESIAN_POINT ( 'NONE',  ( -9.000000000000000000, 6.200000000000001066, 86.00000000000000000 ) ) ;
#731 = CARTESIAN_POINT ( 'NONE',  ( 31.40000000000000568, 6.200000000000003730, 83.00000000000000000 ) ) ;
#732 = DIRECTION ( 'NONE',  ( -0.000000000000000000, 1.000000000000000000, -0.000000000000000000 ) ) ;
#733 = EDGE_CURVE ( 'NONE', #1484, #749, #1041, .T. ) ;
#734 = ORIENTED_EDGE ( 'NONE', *, *, #725, .F. ) ;
#735 = CARTESIAN_POINT ( 'NONE',  ( 29.60000000000000142, -5.599999999999988987, 83.00000000000000000 ) ) ;
#736 = ORIENTED_EDGE ( 'NONE', *, *, #1374, .F. ) ;
#737 = CARTESIAN_POINT ( 'NONE',  ( -7.200000000000001066, 6.200000000000001066, 0.000000000000000000 ) ) ;
#738 = VECTOR ( 'NONE', #515, 1000.000000000000000 ) ;
#739 = ORIENTED_EDGE ( 'NONE', *, *, #293, .T. ) ;
#740 = ORIENTED_EDGE ( 'NONE', *, *, #754, .F. ) ;
#741 = DIRECTION ( 'NONE',  ( 1.000000000000000000, 9.427844978134820201E-17, 0.000000000000000000 ) ) ;
#742 = VECTOR ( 'NONE', #433, 1000.000000000000000 ) ;
#743 = CARTESIAN_POINT ( 'NONE',  ( 33.40000000000000568, 9.999999999999998224, 83.00000000000000000 ) ) ;
#744 = AXIS2_PLACEMENT_3D ( 'NONE', #1800, #1358, #1247 ) ;
#745 = ADVANCED_FACE ( 'NONE', ( #1622 ), #1652, .T. ) ;
#746 = AXIS2_PLACEMENT_3D ( 'NONE', #1384, #1369, #672 ) ;
#747 = ORIENTED_EDGE ( 'NONE', *, *, #1749, .F. ) ;
#748 = LINE ( 'NONE', #1724, #915 ) ;
#749 = VERTEX_POINT ( 'NONE', #936 ) ;
#750 = ADVANCED_FACE ( 'NONE', ( #1349 ), #1521, .T. ) ;
#751 = CARTESIAN_POINT ( 'NONE',  ( 38.39999999999999858, -9.399999999999995026, 83.00000000000000000 ) ) ;
#752 = ORIENTED_EDGE ( 'NONE', *, *, #86, .T. ) ;
#753 = CARTESIAN_POINT ( 'NONE',  ( 29.60000000000000142, 8.000000000000003553, 86.00000000000000000 ) ) ;
#754 = EDGE_CURVE ( 'NONE', #964, #1457, #958, .T. ) ;
#755 = ORIENTED_EDGE ( 'NONE', *, *, #854, .T. ) ;
#756 = DIRECTION ( 'NONE',  ( -1.000000000000000000, -9.427844978134820201E-17, 0.000000000000000000 ) ) ;
#757 = ORIENTED_EDGE ( 'NONE', *, *, #461, .T. ) ;
#758 = ORIENTED_EDGE ( 'NONE', *, *, #279, .F. ) ;
#759 = LINE ( 'NONE', #32, #892 ) ;
#760 = LINE ( 'NONE', #207, #829 ) ;
#761 = VERTEX_POINT ( 'NONE', #366 ) ;
#762 = VERTEX_POINT ( 'NONE', #1636 ) ;
#763 = CARTESIAN_POINT ( 'NONE',  ( -7.200000000000001066, -7.399999999999987921, 3.000000000000000000 ) ) ;
#764 = EDGE_CURVE ( 'NONE', #1457, #1302, #885, .T. ) ;
#765 = ORIENTED_EDGE ( 'NONE', *, *, #439, .T. ) ;
#766 = CARTESIAN_POINT ( 'NONE',  ( -9.000000000000000000, 4.999999999999998224, 0.000000000000000000 ) ) ;
#767 = CARTESIAN_POINT ( 'NONE',  ( -7.200000000000001066, 8.000000000000000000, 3.000000000000002665 ) ) ;
#768 = VECTOR ( 'NONE', #431, 1000.000000000000000 ) ;
#769 = CIRCLE ( 'NONE', #1241, 4.999999999999997335 ) ;
#770 = EDGE_LOOP ( 'NONE', ( #335, #1562, #1537, #26 ) ) ;
#771 = DIRECTION ( 'NONE',  ( 1.000000000000000000, 0.000000000000000000, 0.000000000000000000 ) ) ;
#772 = AXIS2_PLACEMENT_3D ( 'NONE', #1297, #326, #1020 ) ;
#773 = ORIENTED_EDGE ( 'NONE', *, *, #846, .F. ) ;
#774 = CARTESIAN_POINT ( 'NONE',  ( -7.200000000000001066, 8.000000000000000000, 0.01339654040137527868 ) ) ;
#775 = ADVANCED_FACE ( 'NONE', ( #817 ), #90, .F. ) ;
#776 = ORIENTED_EDGE ( 'NONE', *, *, #1722, .F. ) ;
#777 = DIRECTION ( 'NONE',  ( 1.000000000000000000, 0.000000000000000000, -0.000000000000000000 ) ) ;
#778 = DIRECTION ( 'NONE',  ( -0.000000000000000000, -0.000000000000000000, -1.000000000000000000 ) ) ;
#779 = EDGE_CURVE ( 'NONE', #1271, #344, #359, .T. ) ;
#780 = EDGE_LOOP ( 'NONE', ( #1151, #178, #1591, #462 ) ) ;
#781 = CARTESIAN_POINT ( 'NONE',  ( 0.000000000000000000, 6.200000000000001066, 86.00000000000000000 ) ) ;
#782 = VERTEX_POINT ( 'NONE', #1199 ) ;
#783 = CARTESIAN_POINT ( 'NONE',  ( -9.000000000000000000, 6.200000000000001066, 0.000000000000000000 ) ) ;
#784 = DIRECTION ( 'NONE',  ( -0.000000000000000000, -0.000000000000000000, -1.000000000000000000 ) ) ;
#785 = ADVANCED_FACE ( 'NONE', ( #1512 ), #801, .T. ) ;
#786 = ORIENTED_EDGE ( 'NONE', *, *, #1550, .T. ) ;
#787 = CARTESIAN_POINT ( 'NONE',  ( 0.000000000000000000, -7.399999999999987921, 86.00000000000000000 ) ) ;
#788 = DIRECTION ( 'NONE',  ( 2.682562076252795299E-16, -1.000000000000000000, 0.000000000000000000 ) ) ;
#789 = VERTEX_POINT ( 'NONE', #921 ) ;
#790 = ADVANCED_BREP_SHAPE_REPRESENTATION ( '\X2\5b9d5251525167c4\X0\', ( #1799, #803 ), #570 ) ;
#791 = CARTESIAN_POINT ( 'NONE',  ( 29.60000000000000142, 6.200000000000003730, 3.000000000000000000 ) ) ;
#792 = EDGE_CURVE ( 'NONE', #500, #484, #1096, .T. ) ;
#793 = ORIENTED_EDGE ( 'NONE', *, *, #1667, .F. ) ;
#794 = AXIS2_PLACEMENT_3D ( 'NONE', #1766, #1465, #625 ) ;
#795 = LINE ( 'NONE', #1473, #566 ) ;
#796 = VECTOR ( 'NONE', #1552, 1000.000000000000000 ) ;
#797 = ORIENTED_EDGE ( 'NONE', *, *, #138, .F. ) ;
#798 = DIRECTION ( 'NONE',  ( 0.000000000000000000, 0.000000000000000000, -1.000000000000000000 ) ) ;
#799 = VECTOR ( 'NONE', #1827, 1000.000000000000000 ) ;
#800 = VECTOR ( 'NONE', #1564, 1000.000000000000000 ) ;
#801 = CYLINDRICAL_SURFACE ( 'NONE', #888, 5.000000000000000000 ) ;
#802 = CARTESIAN_POINT ( 'NONE',  ( -8.832740067838743769, 6.200000000000001066, 1.741897631167182618E-15 ) ) ;
#803 = AXIS2_PLACEMENT_3D ( 'NONE', #230, #1757, #1481 ) ;
#804 = FACE_BOUND ( 'NONE', #643, .T. ) ;
#805 = DIRECTION ( 'NONE',  ( 0.000000000000000000, 1.000000000000000000, 0.000000000000000000 ) ) ;
#806 = LINE ( 'NONE', #209, #1238 ) ;
#807 = ORIENTED_EDGE ( 'NONE', *, *, #118, .F. ) ;
#808 = DIRECTION ( 'NONE',  ( 0.000000000000000000, 0.000000000000000000, -1.000000000000000000 ) ) ;
#809 = ADVANCED_FACE ( 'NONE', ( #1706 ), #1729, .T. ) ;
#810 = FACE_BOUND ( 'NONE', #1635, .T. ) ;
#811 = PLANE ( 'NONE',  #1158 ) ;
#812 = FACE_OUTER_BOUND ( 'NONE', #932, .T. ) ;
#813 = ORIENTED_EDGE ( 'NONE', *, *, #967, .F. ) ;
#814 = CARTESIAN_POINT ( 'NONE',  ( -7.200000000000001066, 6.200000000000001066, 3.000000000000000000 ) ) ;
#815 = ORIENTED_EDGE ( 'NONE', *, *, #72, .F. ) ;
#816 = DIRECTION ( 'NONE',  ( -0.000000000000000000, -0.000000000000000000, -1.000000000000000000 ) ) ;
#817 = FACE_OUTER_BOUND ( 'NONE', #495, .T. ) ;
#818 = CARTESIAN_POINT ( 'NONE',  ( 28.40000000000000568, -4.399999999999995914, 2.000000000000001776 ) ) ;
#819 = EDGE_CURVE ( 'NONE', #782, #550, #662, .T. ) ;
#820 = CARTESIAN_POINT ( 'NONE',  ( 0.000000000000000000, 0.000000000000000000, 86.00000000000000000 ) ) ;
#821 = DIRECTION ( 'NONE',  ( 1.000000000000000000, 0.000000000000000000, 0.000000000000000000 ) ) ;
#822 = CARTESIAN_POINT ( 'NONE',  ( 29.60000000000000142, -5.599999999999988987, 0.000000000000000000 ) ) ;
#823 = EDGE_LOOP ( 'NONE', ( #1292, #215, #557, #740 ) ) ;
#824 = CARTESIAN_POINT ( 'NONE',  ( 31.23274006783874768, 6.200000000000003730, 1.637279874505974749E-15 ) ) ;
#825 = AXIS2_PLACEMENT_3D ( 'NONE', #1750, #216, #496 ) ;
#826 = ORIENTED_EDGE ( 'NONE', *, *, #420, .T. ) ;
#827 = DIRECTION ( 'NONE',  ( 0.000000000000000000, 1.000000000000000000, 0.000000000000000000 ) ) ;
#828 = CIRCLE ( 'NONE', #1181, 5.000000000000000000 ) ;
#829 = VECTOR ( 'NONE', #615, 1000.000000000000000 ) ;
#830 = LINE ( 'NONE', #1567, #1012 ) ;
#831 = VECTOR ( 'NONE', #898, 1000.000000000000000 ) ;
#832 = CARTESIAN_POINT ( 'NONE',  ( 28.40000000000000924, -7.399999999999995026, 1.999999999999988010 ) ) ;
#833 = LINE ( 'NONE', #1700, #1362 ) ;
#834 = ADVANCED_FACE ( 'NONE', ( #1796 ), #1347, .T. ) ;
#835 = ORIENTED_EDGE ( 'NONE', *, *, #641, .T. ) ;
#836 = DIRECTION ( 'NONE',  ( -0.000000000000000000, -0.000000000000000000, -1.000000000000000000 ) ) ;
#837 = DIRECTION ( 'NONE',  ( -0.000000000000000000, -0.000000000000000000, 1.000000000000000000 ) ) ;
#838 = EDGE_CURVE ( 'NONE', #1355, #782, #379, .T. ) ;
#839 = ORIENTED_EDGE ( 'NONE', *, *, #721, .F. ) ;
#840 = PLANE ( 'NONE',  #1538 ) ;
#841 = PLANE ( 'NONE',  #1426 ) ;
#842 = LINE ( 'NONE', #564, #383 ) ;
#843 = LINE ( 'NONE', #145, #39 ) ;
#844 = CARTESIAN_POINT ( 'NONE',  ( -7.200000000000001066, -5.599999999999988098, 3.000000000000000000 ) ) ;
#845 = EDGE_LOOP ( 'NONE', ( #1727, #734 ) ) ;
#846 = EDGE_CURVE ( 'NONE', #1134, #1261, #1788, .T. ) ;
#847 = LINE ( 'NONE', #423, #768 ) ;
#848 = EDGE_LOOP ( 'NONE', ( #451, #1590, #372 ) ) ;
#849 = DIRECTION ( 'NONE',  ( 1.000000000000000000, 0.000000000000000000, 0.000000000000000000 ) ) ;
#850 = ORIENTED_EDGE ( 'NONE', *, *, #1803, .T. ) ;
#851 = CYLINDRICAL_SURFACE ( 'NONE', #1153, 1.199999999999999734 ) ;
#852 = CARTESIAN_POINT ( 'NONE',  ( 29.60000000000000142, 8.000000000000003553, 0.01339654040263815737 ) ) ;
#853 = CARTESIAN_POINT ( 'NONE',  ( 31.40000000000000568, -4.399999999999995914, 0.000000000000000000 ) ) ;
#854 = EDGE_CURVE ( 'NONE', #193, #1443, #1483, .T. ) ;
#855 = ORIENTED_EDGE ( 'NONE', *, *, #1069, .F. ) ;
#856 = FACE_OUTER_BOUND ( 'NONE', #1325, .T. ) ;
#857 = LINE ( 'NONE', #1406, #599 ) ;
#858 = ORIENTED_EDGE ( 'NONE', *, *, #1456, .F. ) ;
#859 = VECTOR ( 'NONE', #808, 1000.000000000000000 ) ;
#860 = DIRECTION ( 'NONE',  ( -0.000000000000000000, 0.000000000000000000, -1.000000000000000000 ) ) ;
#861 = FACE_OUTER_BOUND ( 'NONE', #283, .T. ) ;
#862 = AXIS2_PLACEMENT_3D ( 'NONE', #459, #728, #997 ) ;
#863 = EDGE_LOOP ( 'NONE', ( #1491, #53 ) ) ;
#864 = CIRCLE ( 'NONE', #1246, 1.199999999999999734 ) ;
#865 = PLANE ( 'NONE',  #1507 ) ;
#866 = ORIENTED_EDGE ( 'NONE', *, *, #819, .T. ) ;
#867 = FACE_OUTER_BOUND ( 'NONE', #497, .T. ) ;
#868 = CARTESIAN_POINT ( 'NONE',  ( 31.40000000000000568, 6.200000000000003730, 0.000000000000000000 ) ) ;
#869 = EDGE_CURVE ( 'NONE', #1271, #934, #806, .T. ) ;
#870 = DIRECTION ( 'NONE',  ( 0.000000000000000000, 0.000000000000000000, -1.000000000000000000 ) ) ;
#871 = CYLINDRICAL_SURFACE ( 'NONE', #1159, 5.000000000000000888 ) ;
#872 = CARTESIAN_POINT ( 'NONE',  ( -2.997500123930510577E-16, -9.399999999999993250, 83.00000000000000000 ) ) ;
#873 = ORIENTED_EDGE ( 'NONE', *, *, #588, .T. ) ;
#874 = CARTESIAN_POINT ( 'NONE',  ( 28.40000000000000213, 4.999999999999998224, 83.00000000000000000 ) ) ;
#875 = ORIENTED_EDGE ( 'NONE', *, *, #1029, .F. ) ;
#876 = CARTESIAN_POINT ( 'NONE',  ( 33.40000000000000568, -4.399999999999995914, 83.00000000000000000 ) ) ;
#877 = DIRECTION ( 'NONE',  ( 0.000000000000000000, 0.000000000000000000, -1.000000000000000000 ) ) ;
#878 = EDGE_CURVE ( 'NONE', #1421, #1809, #217, .T. ) ;
#879 = ORIENTED_EDGE ( 'NONE', *, *, #1582, .T. ) ;
#880 = PLANE ( 'NONE',  #1155 ) ;
#881 = LINE ( 'NONE', #1593, #1097 ) ;
#882 = EDGE_LOOP ( 'NONE', ( #137, #1154, #807, #858 ) ) ;
#883 = CARTESIAN_POINT ( 'NONE',  ( -7.200000000000001066, -7.232740067838736131, 1.817535835821940907E-15 ) ) ;
#884 = ORIENTED_EDGE ( 'NONE', *, *, #878, .F. ) ;
#885 = CIRCLE ( 'NONE', #1359, 2.000000000000000000 ) ;
#886 = ORIENTED_EDGE ( 'NONE', *, *, #165, .T. ) ;
#887 = CARTESIAN_POINT ( 'NONE',  ( -7.200000000000001066, 7.749545416973501410, 0.000000000000000000 ) ) ;
#888 = AXIS2_PLACEMENT_3D ( 'NONE', #1086, #1798, #102 ) ;
#889 = LINE ( 'NONE', #1585, #1804 ) ;
#890 = AXIS2_PLACEMENT_3D ( 'NONE', #1141, #692, #1256 ) ;
#891 = EDGE_CURVE ( 'NONE', #1806, #494, #1570, .T. ) ;
#892 = VECTOR ( 'NONE', #1455, 1000.000000000000000 ) ;
#893 = VERTEX_POINT ( 'NONE', #1083 ) ;
#894 = DIRECTION ( 'NONE',  ( 0.000000000000000000, -0.000000000000000000, 1.000000000000000000 ) ) ;
#895 = ORIENTED_EDGE ( 'NONE', *, *, #954, .T. ) ;
#896 = ORIENTED_EDGE ( 'NONE', *, *, #252, .F. ) ;
#897 = CARTESIAN_POINT ( 'NONE',  ( -7.200000000000001066, 6.200000000000001066, 3.000000000000000000 ) ) ;
#898 = DIRECTION ( 'NONE',  ( 2.682562076252795299E-16, -1.000000000000000000, 0.000000000000000000 ) ) ;
#899 = EDGE_CURVE ( 'NONE', #1197, #77, #1127, .T. ) ;
#900 = ORIENTED_EDGE ( 'NONE', *, *, #1163, .F. ) ;
#901 = ORIENTED_EDGE ( 'NONE', *, *, #910, .F. ) ;
#902 = CARTESIAN_POINT ( 'NONE',  ( 31.40000000000000568, 6.200000000000003730, 3.000000000000000000 ) ) ;
#903 = DIRECTION ( 'NONE',  ( 0.000000000000000000, 0.000000000000000000, -1.000000000000000000 ) ) ;
#904 = B_SPLINE_CURVE_WITH_KNOTS ( 'NONE', 3,
 ( #1528, #824, #148, #707 ),
 .UNSPECIFIED., .F., .F.,
 ( 4, 4 ),
 ( 0.0005736389744170881542, 0.0008226975198678696194 ),
 .UNSPECIFIED. ) ;
#905 = EDGE_LOOP ( 'NONE', ( #757, #873, #1200, #747 ) ) ;
#906 = DIRECTION ( 'NONE',  ( 0.000000000000000000, -1.000000000000000000, 0.000000000000000000 ) ) ;
#907 = EDGE_CURVE ( 'NONE', #659, #476, #107, .T. ) ;
#908 = VERTEX_POINT ( 'NONE', #670 ) ;
#909 = LINE ( 'NONE', #219, #652 ) ;
#910 = EDGE_CURVE ( 'NONE', #36, #466, #1008, .T. ) ;
#911 = SHAPE_DEFINITION_REPRESENTATION ( #669, #790 ) ;
#912 = AXIS2_PLACEMENT_3D ( 'NONE', #1435, #1408, #870 ) ;
#913 = CARTESIAN_POINT ( 'NONE',  ( -5.999999999999998224, 8.000000000000000000, 0.000000000000000000 ) ) ;
#914 = VECTOR ( 'NONE', #945, 1000.000000000000000 ) ;
#915 = VECTOR ( 'NONE', #1015, 1000.000000000000000 ) ;
#916 =( GEOMETRIC_REPRESENTATION_CONTEXT ( 3 ) GLOBAL_UNCERTAINTY_ASSIGNED_CONTEXT ( ( #544 ) ) GLOBAL_UNIT_ASSIGNED_CONTEXT ( ( #78, #1227, #386 ) ) REPRESENTATION_CONTEXT ( 'NONE', 'WORKASPACE' ) );
#917 = VECTOR ( 'NONE', #445, 1000.000000000000000 ) ;
#918 = PRODUCT ( '\X2\5b9d5251525167c4\X0\', '\X2\5b9d5251525167c4\X0\', '', ( #938 ) ) ;
#919 = ORIENTED_EDGE ( 'NONE', *, *, #1186, .T. ) ;
#920 = FACE_OUTER_BOUND ( 'NONE', #928, .T. ) ;
#921 = CARTESIAN_POINT ( 'NONE',  ( 38.39999999999999858, -9.399999999999995026, 86.00000000000000000 ) ) ;
#922 = EDGE_CURVE ( 'NONE', #934, #1472, #1091, .T. ) ;
#923 = CARTESIAN_POINT ( 'NONE',  ( 29.60000000000000142, -5.599999999999988987, 86.00000000000000000 ) ) ;
#924 = EDGE_LOOP ( 'NONE', ( #686, #1067, #190, #1463, #44, #850, #975, #1308 ) ) ;
#925 = CARTESIAN_POINT ( 'NONE',  ( -7.200000000000001066, -7.399999999999987921, 0.01339654040263815737 ) ) ;
#926 = DIRECTION ( 'NONE',  ( -0.000000000000000000, 1.000000000000000000, 0.000000000000000000 ) ) ;
#927 = DIRECTION ( 'NONE',  ( 1.000000000000000000, 0.000000000000000000, 0.000000000000000000 ) ) ;
#928 = EDGE_LOOP ( 'NONE', ( #1017, #1701, #1831, #527, #739, #539, #973, #604 ) ) ;
#929 = CARTESIAN_POINT ( 'NONE',  ( 0.000000000000000000, 9.999999999999998224, 86.00000000000000000 ) ) ;
#930 = EDGE_CURVE ( 'NONE', #398, #690, #795, .T. ) ;
#931 = DIRECTION ( 'NONE',  ( 0.000000000000000000, 0.000000000000000000, 1.000000000000000000 ) ) ;
#932 = EDGE_LOOP ( 'NONE', ( #884, #1650, #1034 ) ) ;
#933 = DIRECTION ( 'NONE',  ( 1.000000000000000000, 0.000000000000000000, 0.000000000000000000 ) ) ;
#934 = VERTEX_POINT ( 'NONE', #75 ) ;
#935 = LINE ( 'NONE', #235, #1506 ) ;
#936 = CARTESIAN_POINT ( 'NONE',  ( 29.60000000000000142, -7.399999999999987921, 0.01339654040194426798 ) ) ;
#937 = ORIENTED_EDGE ( 'NONE', *, *, #549, .T. ) ;
#938 = PRODUCT_CONTEXT ( 'NONE', #1753, 'mechanical' ) ;
#939 = PLANE ( 'NONE',  #156 ) ;
#940 = AXIS2_PLACEMENT_3D ( 'NONE', #832, #1639, #1248 ) ;
#941 = EDGE_CURVE ( 'NONE', #1809, #1806, #490, .T. ) ;
#942 = CARTESIAN_POINT ( 'NONE',  ( 29.60000000000000142, 6.200000000000003730, 0.000000000000000000 ) ) ;
#943 = CIRCLE ( 'NONE', #1625, 1.199999999999999734 ) ;
#944 = ORIENTED_EDGE ( 'NONE', *, *, #507, .F. ) ;
#945 = DIRECTION ( 'NONE',  ( -0.000000000000000000, -0.000000000000000000, -1.000000000000000000 ) ) ;
#946 = VECTOR ( 'NONE', #961, 1000.000000000000000 ) ;
#947 = CIRCLE ( 'NONE', #1129, 1.199999999999999734 ) ;
#948 = CARTESIAN_POINT ( 'NONE',  ( -9.000000000000000000, -5.599999999999988098, 3.000000000000000000 ) ) ;
#949 = EDGE_LOOP ( 'NONE', ( #406, #17, #87, #1021 ) ) ;
#950 = CARTESIAN_POINT ( 'NONE',  ( 33.40000000000000568, -4.399999999999995914, 83.00000000000000000 ) ) ;
#951 = DIRECTION ( 'NONE',  ( -0.000000000000000000, 1.000000000000000000, 0.000000000000000000 ) ) ;
#952 = ORIENTED_EDGE ( 'NONE', *, *, #319, .T. ) ;
#953 = LINE ( 'NONE', #1561, #1035 ) ;
#954 = EDGE_CURVE ( 'NONE', #466, #36, #1774, .T. ) ;
#955 = EDGE_LOOP ( 'NONE', ( #611, #1005, #1665, #7 ) ) ;
#956 = FACE_OUTER_BOUND ( 'NONE', #114, .T. ) ;
#957 = LINE ( 'NONE', #1704, #742 ) ;
#958 = LINE ( 'NONE', #520, #658 ) ;
#959 = ORIENTED_EDGE ( 'NONE', *, *, #1225, .T. ) ;
#960 = FACE_OUTER_BOUND ( 'NONE', #1051, .T. ) ;
#961 = DIRECTION ( 'NONE',  ( -1.000000000000000000, 0.000000000000000000, 0.000000000000000000 ) ) ;
#962 = VERTEX_POINT ( 'NONE', #233 ) ;
#963 = DIRECTION ( 'NONE',  ( -0.000000000000000000, -0.000000000000000000, -1.000000000000000000 ) ) ;
#964 = VERTEX_POINT ( 'NONE', #1404 ) ;
#965 = DIRECTION ( 'NONE',  ( -1.000000000000000000, 0.000000000000000000, 0.000000000000000000 ) ) ;
#966 = CARTESIAN_POINT ( 'NONE',  ( 31.40000000000000568, -5.599999999999988987, 86.00000000000000000 ) ) ;
#967 = EDGE_CURVE ( 'NONE', #1795, #521, #847, .T. ) ;
#968 = CARTESIAN_POINT ( 'NONE',  ( 29.60000000000000142, -7.399999999999987921, 3.000000000000000000 ) ) ;
#969 = DIRECTION ( 'NONE',  ( 1.000000000000000000, 0.000000000000000000, 0.000000000000000000 ) ) ;
#970 = ADVANCED_FACE ( 'NONE', ( #282 ), #259, .T. ) ;
#971 = CARTESIAN_POINT ( 'NONE',  ( 31.40000000000000568, -5.599999999999988987, 0.000000000000000000 ) ) ;
#972 = CARTESIAN_POINT ( 'NONE',  ( -12.40000000000000213, 7.599999999999998757, 86.00000000000000000 ) ) ;
#973 = ORIENTED_EDGE ( 'NONE', *, *, #1103, .F. ) ;
#974 = CARTESIAN_POINT ( 'NONE',  ( -2.997500123930510577E-16, -9.399999999999993250, 83.00000000000000000 ) ) ;
#975 = ORIENTED_EDGE ( 'NONE', *, *, #1073, .T. ) ;
#976 = DIRECTION ( 'NONE',  ( 0.000000000000000000, -1.000000000000000000, -0.000000000000000000 ) ) ;
#977 = CARTESIAN_POINT ( 'NONE',  ( -15.99999999999999645, -9.399999999999993250, 86.00000000000000000 ) ) ;
#978 = VECTOR ( 'NONE', #1342, 1000.000000000000000 ) ;
#979 = CIRCLE ( 'NONE', #449, 1.199999999999999734 ) ;
#980 = CARTESIAN_POINT ( 'NONE',  ( 31.40000000000000568, -5.599999999999988987, 3.000000000000000000 ) ) ;
#981 = DIRECTION ( 'NONE',  ( 1.000000000000000000, 0.000000000000000000, 0.000000000000000000 ) ) ;
#982 = VECTOR ( 'NONE', #1172, 1000.000000000000000 ) ;
#983 = EDGE_CURVE ( 'NONE', #1341, #1588, #1830, .T. ) ;
#984 = CARTESIAN_POINT ( 'NONE',  ( 31.31621724601528456, -5.599999999999988987, 0.004347296403614676029 ) ) ;
#985 = EDGE_LOOP ( 'NONE', ( #1638, #510, #245 ) ) ;
#986 = CARTESIAN_POINT ( 'NONE',  ( -7.200000000000001066, 6.200000000000001066, 83.00000000000000000 ) ) ;
#987 = CARTESIAN_POINT ( 'NONE',  ( -7.542275982507858133E-16, 8.000000000000000000, 86.00000000000000000 ) ) ;
#988 = ORIENTED_EDGE ( 'NONE', *, *, #779, .F. ) ;
#989 = DIRECTION ( 'NONE',  ( 1.000000000000000000, 0.000000000000000000, 0.000000000000000000 ) ) ;
#990 = DIRECTION ( 'NONE',  ( -0.000000000000000000, -0.000000000000000000, -1.000000000000000000 ) ) ;
#991 = PLANE ( 'NONE',  #912 ) ;
#992 = CARTESIAN_POINT ( 'NONE',  ( -16.00000000000000000, 9.999999999999998224, 83.00000000000000000 ) ) ;
#993 = EDGE_CURVE ( 'NONE', #964, #1763, #300, .T. ) ;
#994 = CARTESIAN_POINT ( 'NONE',  ( -8.749545416973504075, -5.599999999999988098, 0.000000000000000000 ) ) ;
#995 = DIRECTION ( 'NONE',  ( 0.000000000000000000, 0.000000000000000000, 1.000000000000000000 ) ) ;
#996 = EDGE_LOOP ( 'NONE', ( #1144, #1382, #1188, #1187, #1542, #900, #1498, #1453 ) ) ;
#997 = DIRECTION ( 'NONE',  ( 0.000000000000000000, 0.000000000000000000, -1.000000000000000000 ) ) ;
#998 = DIRECTION ( 'NONE',  ( 0.000000000000000000, 0.000000000000000000, 1.000000000000000000 ) ) ;
#999 = ADVANCED_FACE ( 'NONE', ( #113 ), #880, .T. ) ;
#1000 = ORIENTED_EDGE ( 'NONE', *, *, #555, .T. ) ;
#1001 = FACE_OUTER_BOUND ( 'NONE', #882, .T. ) ;
#1002 = LINE ( 'NONE', #181, #478 ) ;
#1003 = CARTESIAN_POINT ( 'NONE',  ( -14.79999999999999893, -6.999999999999995559, 86.00000000000000000 ) ) ;
#1004 = EDGE_CURVE ( 'NONE', #749, #521, #624, .T. ) ;
#1005 = ORIENTED_EDGE ( 'NONE', *, *, #1793, .T. ) ;
#1006 = DIRECTION ( 'NONE',  ( -0.000000000000000000, -0.000000000000000000, -1.000000000000000000 ) ) ;
#1007 = CARTESIAN_POINT ( 'NONE',  ( 28.40000000000000213, 4.999999999999998224, 2.000000000000001776 ) ) ;
#1008 = CIRCLE ( 'NONE', #1478, 1.199999999999999734 ) ;
#1009 = DIRECTION ( 'NONE',  ( 0.000000000000000000, 0.000000000000000000, -1.000000000000000000 ) ) ;
#1010 = LINE ( 'NONE', #278, #1214 ) ;
#1011 = VECTOR ( 'NONE', #614, 1000.000000000000000 ) ;
#1012 = VECTOR ( 'NONE', #1436, 1000.000000000000000 ) ;
#1013 = PLANE ( 'NONE',  #303 ) ;
#1014 = VERTEX_POINT ( 'NONE', #1444 ) ;
#1015 = DIRECTION ( 'NONE',  ( -0.000000000000000000, -0.000000000000000000, 1.000000000000000000 ) ) ;
#1016 = EDGE_CURVE ( 'NONE', #1421, #908, #904, .T. ) ;
#1017 = ORIENTED_EDGE ( 'NONE', *, *, #1477, .F. ) ;
#1018 = DIRECTION ( 'NONE',  ( 1.000000000000000000, 0.000000000000000000, -0.000000000000000000 ) ) ;
#1019 = ORIENTED_EDGE ( 'NONE', *, *, #907, .F. ) ;
#1020 = DIRECTION ( 'NONE',  ( 0.000000000000000000, -0.000000000000000000, 1.000000000000000000 ) ) ;
#1021 = ORIENTED_EDGE ( 'NONE', *, *, #633, .F. ) ;
#1022 = CARTESIAN_POINT ( 'NONE',  ( -9.000000000000000000, 6.200000000000001066, 0.01339654040263815737 ) ) ;
#1023 = VERTEX_POINT ( 'NONE', #1259 ) ;
#1024 = ORIENTED_EDGE ( 'NONE', *, *, #1560, .F. ) ;
#1025 = EDGE_CURVE ( 'NONE', #408, #934, #606, .T. ) ;
#1026 = EDGE_LOOP ( 'NONE', ( #1317, #76, #83, #988 ) ) ;
#1027 = DIRECTION ( 'NONE',  ( 1.000000000000000000, 0.000000000000000000, 0.000000000000000000 ) ) ;
#1028 = DIRECTION ( 'NONE',  ( 0.000000000000000000, 0.000000000000000000, 1.000000000000000000 ) ) ;
#1029 = EDGE_CURVE ( 'NONE', #589, #1767, #953, .T. ) ;
#1030 = ORIENTED_EDGE ( 'NONE', *, *, #412, .T. ) ;
#1031 = DIRECTION ( 'NONE',  ( -0.000000000000000000, 0.000000000000000000, -1.000000000000000000 ) ) ;
#1032 = ORIENTED_EDGE ( 'NONE', *, *, #922, .F. ) ;
#1033 = VECTOR ( 'NONE', #343, 1000.000000000000000 ) ;
#1034 = ORIENTED_EDGE ( 'NONE', *, *, #221, .T. ) ;
#1035 = VECTOR ( 'NONE', #292, 1000.000000000000000 ) ;
#1036 = DIRECTION ( 'NONE',  ( 1.000000000000000000, 0.000000000000000000, 0.000000000000000000 ) ) ;
#1037 = ADVANCED_FACE ( 'NONE', ( #1310 ), #1392, .T. ) ;
#1038 = CIRCLE ( 'NONE', #240, 2.000000000000000000 ) ;
#1039 = AXIS2_PLACEMENT_3D ( 'NONE', #1694, #541, #296 ) ;
#1040 = DIRECTION ( 'NONE',  ( 0.000000000000000000, 0.000000000000000000, 1.000000000000000000 ) ) ;
#1041 = B_SPLINE_CURVE_WITH_KNOTS ( 'NONE', 3,
 ( #1232, #665, #529, #512 ),
 .UNSPECIFIED., .F., .F.,
 ( 4, 4 ),
 ( 0.0005736389744171541821, 0.0008226975198678495617 ),
 .UNSPECIFIED. ) ;
#1042 = PRODUCT_DEFINITION_FORMATION_WITH_SPECIFIED_SOURCE ( 'ä»', '', #918, .NOT_KNOWN. ) ;
#1043 = ORIENTED_EDGE ( 'NONE', *, *, #579, .F. ) ;
#1044 = ORIENTED_EDGE ( 'NONE', *, *, #1605, .F. ) ;
#1045 = ORIENTED_EDGE ( 'NONE', *, *, #1739, .F. ) ;
#1046 = VERTEX_POINT ( 'NONE', #676 ) ;
#1047 = DIRECTION ( 'NONE',  ( -0.000000000000000000, -0.000000000000000000, -1.000000000000000000 ) ) ;
#1048 = EDGE_CURVE ( 'NONE', #1584, #500, #1461, .T. ) ;
#1049 = CARTESIAN_POINT ( 'NONE',  ( 28.40000000000000213, 9.999999999999998224, 83.00000000000000000 ) ) ;
#1050 = ORIENTED_EDGE ( 'NONE', *, *, #69, .T. ) ;
#1051 = EDGE_LOOP ( 'NONE', ( #879, #305, #1614, #1425, #1752, #581, #1678, #485 ) ) ;
#1052 = CARTESIAN_POINT ( 'NONE',  ( -14.79999999999999893, -6.999999999999995559, 83.00000000000000000 ) ) ;
#1053 = VERTEX_POINT ( 'NONE', #45 ) ;
#1054 =( NAMED_UNIT ( * ) SI_UNIT ( $, .STERADIAN. ) SOLID_ANGLE_UNIT ( ) );
#1055 = FACE_OUTER_BOUND ( 'NONE', #650, .T. ) ;
#1056 = ORIENTED_EDGE ( 'NONE', *, *, #700, .T. ) ;
#1057 = CARTESIAN_POINT ( 'NONE',  ( -7.200000000000001066, -5.599999999999988098, 3.000000000000000000 ) ) ;
#1058 = EDGE_CURVE ( 'NONE', #1668, #659, #1666, .T. ) ;
#1059 = ORIENTED_EDGE ( 'NONE', *, *, #72, .T. ) ;
#1060 = CIRCLE ( 'NONE', #940, 2.000000000000000000 ) ;
#1061 = DIRECTION ( 'NONE',  ( 0.000000000000000000, 0.000000000000000000, -1.000000000000000000 ) ) ;
#1062 = VECTOR ( 'NONE', #1660, 1000.000000000000000 ) ;
#1063 = VECTOR ( 'NONE', #1111, 1000.000000000000000 ) ;
#1064 = CARTESIAN_POINT ( 'NONE',  ( 31.40000000000000568, 6.200000000000003730, 0.000000000000000000 ) ) ;
#1065 = MECHANICAL_DESIGN_GEOMETRIC_PRESENTATION_REPRESENTATION (  '', ( #1281 ), #916 ) ;
#1066 = AXIS2_PLACEMENT_3D ( 'NONE', #577, #426, #1566 ) ;
#1067 = ORIENTED_EDGE ( 'NONE', *, *, #1749, .T. ) ;
#1068 = CYLINDRICAL_SURFACE ( 'NONE', #354, 2.000000000000000000 ) ;
#1069 = EDGE_CURVE ( 'NONE', #1598, #1087, #1275, .T. ) ;
#1070 = DIRECTION ( 'NONE',  ( 0.000000000000000000, 1.000000000000000000, 0.000000000000000000 ) ) ;
#1071 = ORIENTED_EDGE ( 'NONE', *, *, #1784, .T. ) ;
#1072 =( NAMED_UNIT ( * ) PLANE_ANGLE_UNIT ( ) SI_UNIT ( $, .RADIAN. ) );
#1073 = EDGE_CURVE ( 'NONE', #727, #589, #1102, .T. ) ;
#1074 = CARTESIAN_POINT ( 'NONE',  ( -9.000000000000000000, -5.200625761899008381, -0.003857773907303563114 ) ) ;
#1075 = B_SPLINE_CURVE_WITH_KNOTS ( 'NONE', 3,
 ( #545, #368, #1494, #1517 ),
 .UNSPECIFIED., .F., .F.,
 ( 4, 4 ),
 ( 0.0008336360996872327648, 0.002032856875695488764 ),
 .UNSPECIFIED. ) ;
#1076 = EDGE_LOOP ( 'NONE', ( #1121, #394, #260 ) ) ;
#1077 = CARTESIAN_POINT ( 'NONE',  ( -7.200000000000001066, 8.000000000000000000, 83.00000000000000000 ) ) ;
#1078 = DIRECTION ( 'NONE',  ( 1.000000000000000000, -3.907034855803619427E-17, 0.000000000000000000 ) ) ;
#1079 = ORIENTED_EDGE ( 'NONE', *, *, #267, .T. ) ;
#1080 = EDGE_CURVE ( 'NONE', #1588, #1767, #397, .T. ) ;
#1081 = DIRECTION ( 'NONE',  ( 0.000000000000000000, 0.000000000000000000, -1.000000000000000000 ) ) ;
#1082 = ORIENTED_EDGE ( 'NONE', *, *, #488, .T. ) ;
#1083 = CARTESIAN_POINT ( 'NONE',  ( -12.40000000000000036, -6.999999999999995559, 83.00000000000000000 ) ) ;
#1084 = ORIENTED_EDGE ( 'NONE', *, *, #1698, .F. ) ;
#1085 = CARTESIAN_POINT ( 'NONE',  ( -7.200000000000001066, 7.832740067838699360, 1.693867371161587951E-15 ) ) ;
#1086 = CARTESIAN_POINT ( 'NONE',  ( -5.999999999999999112, 4.999999999999998224, 83.00000000000000000 ) ) ;
#1087 = VERTEX_POINT ( 'NONE', #139 ) ;
#1088 = CARTESIAN_POINT ( 'NONE',  ( -15.99999999999999645, -2.861399548002980469E-15, 86.00000000000000000 ) ) ;
#1089 = EDGE_CURVE ( 'NONE', #1431, #1271, #696, .T. ) ;
#1090 = AXIS2_PLACEMENT_3D ( 'NONE', #382, #1771, #503 ) ;
#1091 = LINE ( 'NONE', #1641, #66 ) ;
#1092 = AXIS2_PLACEMENT_3D ( 'NONE', #1381, #687, #1122 ) ;
#1093 = ORIENTED_EDGE ( 'NONE', *, *, #930, .T. ) ;
#1094 = VECTOR ( 'NONE', #836, 1000.000000000000000 ) ;
#1095 = VECTOR ( 'NONE', #720, 1000.000000000000000 ) ;
#1096 = LINE ( 'NONE', #400, #192 ) ;
#1097 = VECTOR ( 'NONE', #447, 1000.000000000000000 ) ;
#1098 = ORIENTED_EDGE ( 'NONE', *, *, #1130, .T. ) ;
#1099 = DIRECTION ( 'NONE',  ( 1.000000000000000000, 0.000000000000000000, 0.000000000000000000 ) ) ;
#1100 = EDGE_CURVE ( 'NONE', #1355, #762, #1578, .T. ) ;
#1101 = ORIENTED_EDGE ( 'NONE', *, *, #483, .F. ) ;
#1102 = LINE ( 'NONE', #1539, #530 ) ;
#1103 = EDGE_CURVE ( 'NONE', #962, #398, #1312, .T. ) ;
#1104 = ORIENTED_EDGE ( 'NONE', *, *, #1739, .T. ) ;
#1105 = CARTESIAN_POINT ( 'NONE',  ( 29.60000000000000142, 6.200000000000003730, 86.00000000000000000 ) ) ;
#1106 = EDGE_CURVE ( 'NONE', #1205, #603, #1189, .T. ) ;
#1107 = ORIENTED_EDGE ( 'NONE', *, *, #369, .F. ) ;
#1108 = CARTESIAN_POINT ( 'NONE',  ( 29.60000000000000142, -7.399999999999987921, 3.000000000000000000 ) ) ;
#1109 = CARTESIAN_POINT ( 'NONE',  ( -7.200000000000001066, -7.149545416973495549, 0.000000000000000000 ) ) ;
#1110 = VERTEX_POINT ( 'NONE', #1052 ) ;
#1111 = DIRECTION ( 'NONE',  ( 0.000000000000000000, -1.000000000000000000, 0.000000000000000000 ) ) ;
#1112 = CARTESIAN_POINT ( 'NONE',  ( 31.40000000000000568, -5.200625761899009269, -0.003857773907303269946 ) ) ;
#1113 = ORIENTED_EDGE ( 'NONE', *, *, #1236, .F. ) ;
#1114 = DIRECTION ( 'NONE',  ( 0.000000000000000000, 1.000000000000000000, 0.000000000000000000 ) ) ;
#1115 = FACE_OUTER_BOUND ( 'NONE', #153, .T. ) ;
#1116 = EDGE_CURVE ( 'NONE', #1431, #408, #1499, .T. ) ;
#1117 = VERTEX_POINT ( 'NONE', #763 ) ;
#1118 = CYLINDRICAL_SURFACE ( 'NONE', #272, 1.199999999999999734 ) ;
#1119 = CARTESIAN_POINT ( 'NONE',  ( 31.40000000000000568, 5.800625761899020461, -0.003857773907303100810 ) ) ;
#1120 = DIRECTION ( 'NONE',  ( 1.000000000000000000, 0.000000000000000000, 0.000000000000000000 ) ) ;
#1121 = ORIENTED_EDGE ( 'NONE', *, *, #474, .F. ) ;
#1122 = DIRECTION ( 'NONE',  ( 0.000000000000000000, 3.851407907873305447E-09, -1.000000000000000000 ) ) ;
#1123 = VECTOR ( 'NONE', #1576, 1000.000000000000000 ) ;
#1124 = ORIENTED_EDGE ( 'NONE', *, *, #1793, .F. ) ;
#1125 = FACE_OUTER_BOUND ( 'NONE', #1633, .T. ) ;
#1126 = CARTESIAN_POINT ( 'NONE',  ( -14.80000000000000071, 7.599999999999998757, 83.00000000000000000 ) ) ;
#1127 = CIRCLE ( 'NONE', #328, 1.199999999999999734 ) ;
#1128 = AXIS2_PLACEMENT_3D ( 'NONE', #1285, #1272, #965 ) ;
#1129 = AXIS2_PLACEMENT_3D ( 'NONE', #1583, #134, #578 ) ;
#1130 = EDGE_CURVE ( 'NONE', #484, #361, #644, .T. ) ;
#1131 = FACE_BOUND ( 'NONE', #536, .T. ) ;
#1132 = CARTESIAN_POINT ( 'NONE',  ( -13.59999999999999964, -6.999999999999995559, 83.00000000000000000 ) ) ;
#1133 = LINE ( 'NONE', #1710, #1454 ) ;
#1134 = VERTEX_POINT ( 'NONE', #357 ) ;
#1135 = CARTESIAN_POINT ( 'NONE',  ( 29.60000000000000142, -7.399999999999987921, 0.01339654040194426798 ) ) ;
#1136 = EDGE_LOOP ( 'NONE', ( #340, #1056 ) ) ;
#1137 = DIRECTION ( 'NONE',  ( 0.000000000000000000, 0.000000000000000000, -1.000000000000000000 ) ) ;
#1138 = LINE ( 'NONE', #551, #800 ) ;
#1139 = ORIENTED_EDGE ( 'NONE', *, *, #653, .T. ) ;
#1140 = PLANE ( 'NONE',  #505 ) ;
#1141 = CARTESIAN_POINT ( 'NONE',  ( -13.60000000000000142, 7.599999999999998757, 86.00000000000000000 ) ) ;
#1142 = CARTESIAN_POINT ( 'NONE',  ( 29.60000000000000142, -7.399999999999987921, 83.00000000000000000 ) ) ;
#1143 = ADVANCED_FACE ( 'NONE', ( #1198 ), #1068, .T. ) ;
#1144 = ORIENTED_EDGE ( 'NONE', *, *, #1278, .T. ) ;
#1145 = CARTESIAN_POINT ( 'NONE',  ( -7.200000000000001066, -7.399999999999987921, 0.01339654040263815737 ) ) ;
#1146 = DIRECTION ( 'NONE',  ( 0.000000000000000000, 0.000000000000000000, 1.000000000000000000 ) ) ;
#1147 = CARTESIAN_POINT ( 'NONE',  ( 29.60000000000000142, 0.000000000000000000, 86.00000000000000000 ) ) ;
#1148 = DIRECTION ( 'NONE',  ( 0.000000000000000000, 1.000000000000000000, 0.000000000000000000 ) ) ;
#1149 = DIRECTION ( 'NONE',  ( -1.000000000000000000, -0.000000000000000000, -0.000000000000000000 ) ) ;
#1150 = ADVANCED_FACE ( 'NONE', ( #920 ), #158, .T. ) ;
#1151 = ORIENTED_EDGE ( 'NONE', *, *, #721, .T. ) ;
#1152 = FACE_OUTER_BOUND ( 'NONE', #612, .T. ) ;
#1153 = AXIS2_PLACEMENT_3D ( 'NONE', #553, #144, #288 ) ;
#1154 = ORIENTED_EDGE ( 'NONE', *, *, #388, .T. ) ;
#1155 = AXIS2_PLACEMENT_3D ( 'NONE', #1818, #183, #1689 ) ;
#1156 = LINE ( 'NONE', #1725, #917 ) ;
#1157 = CIRCLE ( 'NONE', #567, 3.000000000000000000 ) ;
#1158 = AXIS2_PLACEMENT_3D ( 'NONE', #97, #1617, #1209 ) ;
#1159 = AXIS2_PLACEMENT_3D ( 'NONE', #1825, #1296, #175 ) ;
#1160 = LINE ( 'NONE', #872, #1395 ) ;
#1161 = ORIENTED_EDGE ( 'NONE', *, *, #1106, .T. ) ;
#1162 = PLANE ( 'NONE',  #680 ) ;
#1163 = EDGE_CURVE ( 'NONE', #361, #1484, #1801, .T. ) ;
#1164 = ORIENTED_EDGE ( 'NONE', *, *, #49, .F. ) ;
#1165 = CARTESIAN_POINT ( 'NONE',  ( 31.14954541697350621, 6.200000000000003730, 0.000000000000000000 ) ) ;
#1166 = ADVANCED_FACE ( 'NONE', ( #89 ), #1643, .T. ) ;
#1167 = CARTESIAN_POINT ( 'NONE',  ( 31.40000000000000568, -4.399999999999995914, 0.000000000000000000 ) ) ;
#1168 = CARTESIAN_POINT ( 'NONE',  ( -2.997500123930510577E-16, -9.399999999999993250, 86.00000000000000000 ) ) ;
#1169 = ORIENTED_EDGE ( 'NONE', *, *, #1560, .T. ) ;
#1170 = ORIENTED_EDGE ( 'NONE', *, *, #345, .T. ) ;
#1171 = EDGE_CURVE ( 'NONE', #468, #1023, #1391, .T. ) ;
#1172 = DIRECTION ( 'NONE',  ( 1.000000000000000000, -3.188829919075013730E-17, 0.000000000000000000 ) ) ;
#1173 = CARTESIAN_POINT ( 'NONE',  ( -7.200000000000001066, 8.000000000000000000, 0.01339654040137527868 ) ) ;
#1174 = EDGE_LOOP ( 'NONE', ( #1751, #1180, #514, #1502 ) ) ;
#1175 = CARTESIAN_POINT ( 'NONE',  ( -7.200000000000001066, -5.599999999999988098, 83.00000000000000000 ) ) ;
#1176 = ORIENTED_EDGE ( 'NONE', *, *, #1103, .T. ) ;
#1177 = DIRECTION ( 'NONE',  ( -0.000000000000000000, -0.000000000000000000, -1.000000000000000000 ) ) ;
#1178 = EDGE_CURVE ( 'NONE', #1474, #1352, #935, .T. ) ;
#1179 = VECTOR ( 'NONE', #693, 1000.000000000000000 ) ;
#1180 = ORIENTED_EDGE ( 'NONE', *, *, #149, .T. ) ;
#1181 = AXIS2_PLACEMENT_3D ( 'NONE', #540, #1662, #275 ) ;
#1182 = FILL_AREA_STYLE_COLOUR ( '', #1244 ) ;
#1183 = AXIS2_PLACEMENT_3D ( 'NONE', #1175, #609, #1031 ) ;
#1184 = CIRCLE ( 'NONE', #1452, 1.199999999999999734 ) ;
#1185 = DIRECTION ( 'NONE',  ( -0.000000000000000000, -0.000000000000000000, -1.000000000000000000 ) ) ;
#1186 = EDGE_CURVE ( 'NONE', #226, #396, #1367, .T. ) ;
#1187 = ORIENTED_EDGE ( 'NONE', *, *, #1004, .F. ) ;
#1188 = ORIENTED_EDGE ( 'NONE', *, *, #526, .F. ) ;
#1189 = LINE ( 'NONE', #787, #1303 ) ;
#1190 = EDGE_LOOP ( 'NONE', ( #1480, #322, #1527, #559 ) ) ;
#1191 = PRESENTATION_STYLE_ASSIGNMENT (( #632 ) ) ;
#1192 = CARTESIAN_POINT ( 'NONE',  ( 37.19999999999999574, -6.999999999999995559, 86.00000000000000000 ) ) ;
#1193 = EDGE_CURVE ( 'NONE', #1551, #1668, #909, .T. ) ;
#1194 = ORIENTED_EDGE ( 'NONE', *, *, #1203, .T. ) ;
#1195 = FACE_OUTER_BOUND ( 'NONE', #905, .T. ) ;
#1196 = DIRECTION ( 'NONE',  ( -9.427844978134820201E-17, 1.000000000000000000, 0.000000000000000000 ) ) ;
#1197 = VERTEX_POINT ( 'NONE', #381 ) ;
#1198 = FACE_OUTER_BOUND ( 'NONE', #1319, .T. ) ;
#1199 = CARTESIAN_POINT ( 'NONE',  ( 29.60000000000000142, 8.000000000000003553, 0.000000000000000000 ) ) ;
#1200 = ORIENTED_EDGE ( 'NONE', *, *, #293, .F. ) ;
#1201 = FACE_OUTER_BOUND ( 'NONE', #1703, .T. ) ;
#1202 = DIRECTION ( 'NONE',  ( -0.000000000000000000, 0.000000000000000000, 1.000000000000000000 ) ) ;
#1203 = EDGE_CURVE ( 'NONE', #1584, #1806, #1330, .T. ) ;
#1204 = DIRECTION ( 'NONE',  ( -0.000000000000000000, 0.000000000000000000, 1.000000000000000000 ) ) ;
#1205 = VERTEX_POINT ( 'NONE', #560 ) ;
#1206 = DIRECTION ( 'NONE',  ( -1.000000000000000000, 0.000000000000000000, 0.000000000000000000 ) ) ;
#1207 = CYLINDRICAL_SURFACE ( 'NONE', #532, 2.000000000000000000 ) ;
#1208 = FACE_BOUND ( 'NONE', #458, .T. ) ;
#1209 = DIRECTION ( 'NONE',  ( -2.682562076252795299E-16, 1.000000000000000000, 0.000000000000000000 ) ) ;
#1210 = CIRCLE ( 'NONE', #1623, 1.199999999999999734 ) ;
#1211 = PLANE ( 'NONE',  #794 ) ;
#1212 = AXIS2_PLACEMENT_3D ( 'NONE', #363, #371, #1497 ) ;
#1213 = CIRCLE ( 'NONE', #331, 1.199999999999999734 ) ;
#1214 = VECTOR ( 'NONE', #1264, 1000.000000000000000 ) ;
#1215 = CARTESIAN_POINT ( 'NONE',  ( -7.200000000000001066, 8.000000000000000000, 0.000000000000000000 ) ) ;
#1216 = AXIS2_PLACEMENT_3D ( 'NONE', #54, #457, #1445 ) ;
#1217 = VECTOR ( 'NONE', #805, 1000.000000000000000 ) ;
#1218 = ORIENTED_EDGE ( 'NONE', *, *, #1073, .F. ) ;
#1219 = ADVANCED_FACE ( 'NONE', ( #1125 ), #1669, .T. ) ;
#1220 = CARTESIAN_POINT ( 'NONE',  ( 37.19999999999999574, 7.599999999999998757, 86.00000000000000000 ) ) ;
#1221 = CARTESIAN_POINT ( 'NONE',  ( -10.99999999999999645, -9.399999999999993250, 2.000000000000001776 ) ) ;
#1222 = ORIENTED_EDGE ( 'NONE', *, *, #1163, .T. ) ;
#1223 = CARTESIAN_POINT ( 'NONE',  ( 38.39999999999999858, 9.999999999999998224, 86.00000000000000000 ) ) ;
#1224 = CARTESIAN_POINT ( 'NONE',  ( -8.749545416973502299, 6.200000000000001066, 0.000000000000000000 ) ) ;
#1225 = EDGE_CURVE ( 'NONE', #1763, #1314, #295, .T. ) ;
#1226 = ORIENTED_EDGE ( 'NONE', *, *, #586, .F. ) ;
#1227 =( NAMED_UNIT ( * ) PLANE_ANGLE_UNIT ( ) SI_UNIT ( $, .RADIAN. ) );
#1228 = CARTESIAN_POINT ( 'NONE',  ( -5.999999999999997335, -4.399999999999993250, 0.000000000000000000 ) ) ;
#1229 = DIRECTION ( 'NONE',  ( 1.000000000000000000, 0.000000000000000000, 0.000000000000000000 ) ) ;
#1230 = ORIENTED_EDGE ( 'NONE', *, *, #1025, .T. ) ;
#1231 = CARTESIAN_POINT ( 'NONE',  ( -9.000000000000000000, 6.200000000000001066, 3.000000000000000000 ) ) ;
#1232 = CARTESIAN_POINT ( 'NONE',  ( 29.60000000000000142, -7.149545416973500878, 0.000000000000000000 ) ) ;
#1233 = ORIENTED_EDGE ( 'NONE', *, *, #523, .T. ) ;
#1234 = EDGE_CURVE ( 'NONE', #396, #1459, #151, .T. ) ;
#1235 = DIRECTION ( 'NONE',  ( 1.000000000000000000, 1.788374717501863286E-16, -0.000000000000000000 ) ) ;
#1236 = EDGE_CURVE ( 'NONE', #77, #1197, #943, .T. ) ;
#1237 = ORIENTED_EDGE ( 'NONE', *, *, #1100, .T. ) ;
#1238 = VECTOR ( 'NONE', #1490, 1000.000000000000000 ) ;
#1239 = DIRECTION ( 'NONE',  ( -0.000000000000000000, 0.000000000000000000, 1.000000000000000000 ) ) ;
#1240 = EDGE_CURVE ( 'NONE', #1457, #671, #828, .T. ) ;
#1241 = AXIS2_PLACEMENT_3D ( 'NONE', #874, #1320, #1293 ) ;
#1242 = ORIENTED_EDGE ( 'NONE', *, *, #1089, .T. ) ;
#1243 = DIRECTION ( 'NONE',  ( 0.000000000000000000, 0.000000000000000000, -1.000000000000000000 ) ) ;
#1244 = COLOUR_RGB ( '',0.7921568627450980005, 0.8196078431372548767, 0.9333333333333333481 ) ;
#1245 = DIRECTION ( 'NONE',  ( 0.000000000000000000, 0.000000000000000000, 1.000000000000000000 ) ) ;
#1246 = AXIS2_PLACEMENT_3D ( 'NONE', #531, #104, #1813 ) ;
#1247 = DIRECTION ( 'NONE',  ( 1.000000000000000000, 0.000000000000000000, 0.000000000000000000 ) ) ;
#1248 = DIRECTION ( 'NONE',  ( 1.734723475976807094E-15, 0.000000000000000000, 1.000000000000000000 ) ) ;
#1249 = CARTESIAN_POINT ( 'NONE',  ( -13.60000000000000142, 7.599999999999998757, 86.00000000000000000 ) ) ;
#1250 = ADVANCED_FACE ( 'NONE', ( #8 ), #840, .T. ) ;
#1251 = CARTESIAN_POINT ( 'NONE',  ( 29.20062576189899772, -7.399999999999987921, -0.003857773907302926037 ) ) ;
#1252 = ORIENTED_EDGE ( 'NONE', *, *, #388, .F. ) ;
#1253 = DIRECTION ( 'NONE',  ( -0.000000000000000000, 0.000000000000000000, 1.000000000000000000 ) ) ;
#1254 = DIRECTION ( 'NONE',  ( 0.000000000000000000, 0.000000000000000000, -1.000000000000000000 ) ) ;
#1255 = FACE_BOUND ( 'NONE', #1136, .T. ) ;
#1256 = DIRECTION ( 'NONE',  ( -1.000000000000000000, 0.000000000000000000, 0.000000000000000000 ) ) ;
#1257 = CARTESIAN_POINT ( 'NONE',  ( -9.000000000000000000, -5.599999999999988098, 0.01339654040263815737 ) ) ;
#1258 = ORIENTED_EDGE ( 'NONE', *, *, #941, .F. ) ;
#1259 = CARTESIAN_POINT ( 'NONE',  ( 34.79999999999999716, -6.999999999999995559, 83.00000000000000000 ) ) ;
#1260 = EDGE_CURVE ( 'NONE', #659, #761, #957, .T. ) ;
#1261 = VERTEX_POINT ( 'NONE', #1511 ) ;
#1262 = DIRECTION ( 'NONE',  ( 0.000000000000000000, 0.000000000000000000, 1.000000000000000000 ) ) ;
#1263 = FACE_OUTER_BOUND ( 'NONE', #848, .T. ) ;
#1264 = DIRECTION ( 'NONE',  ( 0.000000000000000000, 1.000000000000000000, 0.000000000000000000 ) ) ;
#1265 = EDGE_CURVE ( 'NONE', #1314, #1134, #246, .T. ) ;
#1266 = EDGE_LOOP ( 'NONE', ( #440, #1169, #1742, #421 ) ) ;
#1267 = CARTESIAN_POINT ( 'NONE',  ( 31.14954541697351331, -5.599999999999988987, 0.000000000000000000 ) ) ;
#1268 = ORIENTED_EDGE ( 'NONE', *, *, #1523, .T. ) ;
#1269 = CARTESIAN_POINT ( 'NONE',  ( -10.99999999999999822, -4.399999999999994138, 2.000000000000001776 ) ) ;
#1270 = VECTOR ( 'NONE', #691, 1000.000000000000000 ) ;
#1271 = VERTEX_POINT ( 'NONE', #753 ) ;
#1272 = DIRECTION ( 'NONE',  ( -0.000000000000000000, -0.000000000000000000, -1.000000000000000000 ) ) ;
#1273 = CARTESIAN_POINT ( 'NONE',  ( -13.60000000000000142, 7.599999999999998757, 86.00000000000000000 ) ) ;
#1274 = CARTESIAN_POINT ( 'NONE',  ( 31.14954541697351331, -5.599999999999988987, 0.000000000000000000 ) ) ;
#1275 = CIRCLE ( 'NONE', #1721, 1.199999999999999734 ) ;
#1276 = EDGE_LOOP ( 'NONE', ( #628, #826, #518, #776 ) ) ;
#1277 = AXIS2_PLACEMENT_3D ( 'NONE', #585, #1409, #14 ) ;
#1278 = EDGE_CURVE ( 'NONE', #1584, #1394, #1423, .T. ) ;
#1279 = CARTESIAN_POINT ( 'NONE',  ( -9.000000000000000000, 6.200000000000001066, 83.00000000000000000 ) ) ;
#1280 = FACE_OUTER_BOUND ( 'NONE', #955, .T. ) ;
#1281 = STYLED_ITEM ( 'NONE', ( #1191 ), #1799 ) ;
#1282 = B_SPLINE_CURVE_WITH_KNOTS ( 'NONE', 3,
 ( #1826, #1074, #112, #268 ),
 .UNSPECIFIED., .F., .F.,
 ( 4, 4 ),
 ( 0.0008336360996871780126, 0.002032856875695489632 ),
 .UNSPECIFIED. ) ;
#1283 = CARTESIAN_POINT ( 'NONE',  ( -5.999999999999997335, -7.399999999999987921, 0.000000000000000000 ) ) ;
#1284 = EDGE_LOOP ( 'NONE', ( #1489, #1782, #1595, #355 ) ) ;
#1285 = CARTESIAN_POINT ( 'NONE',  ( 36.00000000000000000, 7.599999999999998757, 86.00000000000000000 ) ) ;
#1286 = CYLINDRICAL_SURFACE ( 'NONE', #655, 2.000000000000000000 ) ;
#1287 = CARTESIAN_POINT ( 'NONE',  ( -15.99999999999999645, -2.861399548002980469E-15, 83.00000000000000000 ) ) ;
#1288 = DIRECTION ( 'NONE',  ( -0.000000000000000000, -0.000000000000000000, -1.000000000000000000 ) ) ;
#1289 = CARTESIAN_POINT ( 'NONE',  ( -9.000000000000000000, -5.599999999999988098, 83.00000000000000000 ) ) ;
#1290 = ADVANCED_FACE ( 'NONE', ( #27 ), #18, .T. ) ;
#1291 = DIRECTION ( 'NONE',  ( 0.000000000000000000, 0.000000000000000000, -1.000000000000000000 ) ) ;
#1292 = ORIENTED_EDGE ( 'NONE', *, *, #993, .T. ) ;
#1293 = DIRECTION ( 'NONE',  ( 1.000000000000000000, 0.000000000000000000, 0.000000000000000000 ) ) ;
#1294 = DIRECTION ( 'NONE',  ( 1.000000000000000000, 0.000000000000000000, 0.000000000000000000 ) ) ;
#1295 = DIRECTION ( 'NONE',  ( 0.000000000000000000, 0.000000000000000000, -1.000000000000000000 ) ) ;
#1296 = DIRECTION ( 'NONE',  ( 0.000000000000000000, 0.000000000000000000, -1.000000000000000000 ) ) ;
#1297 = CARTESIAN_POINT ( 'NONE',  ( -7.200000000000001066, -7.399999999999987921, 83.00000000000000000 ) ) ;
#1298 = ORIENTED_EDGE ( 'NONE', *, *, #869, .F. ) ;
#1299 = CARTESIAN_POINT ( 'NONE',  ( -7.200000000000001066, -5.599999999999988098, 0.000000000000000000 ) ) ;
#1300 = EDGE_CURVE ( 'NONE', #1046, #630, #769, .T. ) ;
#1301 = VECTOR ( 'NONE', #376, 1000.000000000000000 ) ;
#1302 = VERTEX_POINT ( 'NONE', #163 ) ;
#1303 = VECTOR ( 'NONE', #1621, 1000.000000000000000 ) ;
#1304 = DIRECTION ( 'NONE',  ( 0.000000000000000000, 1.000000000000000000, 0.000000000000000000 ) ) ;
#1305 = UNCERTAINTY_MEASURE_WITH_UNIT (LENGTH_MEASURE( 1.000000000000000082E-05 ), #1503, 'distance_accuracy_value', 'NONE');
#1306 = AXIS2_PLACEMENT_3D ( 'NONE', #467, #1572, #1458 ) ;
#1307 = TOROIDAL_SURFACE ( 'NONE', #417, 3.000000000000000000, 2.000000000000000000 ) ;
#1308 = ORIENTED_EDGE ( 'NONE', *, *, #667, .F. ) ;
#1309 = VECTOR ( 'NONE', #1047, 1000.000000000000000 ) ;
#1310 = FACE_OUTER_BOUND ( 'NONE', #1661, .T. ) ;
#1311 = DIRECTION ( 'NONE',  ( 0.000000000000000000, 1.000000000000000000, 0.000000000000000000 ) ) ;
#1312 = B_SPLINE_CURVE_WITH_KNOTS ( 'NONE', 3,
 ( #887, #1085, #511, #774 ),
 .UNSPECIFIED., .F., .F.,
 ( 4, 4 ),
 ( 0.0005736389744171916955, 0.0008226975198678366597 ),
 .UNSPECIFIED. ) ;
#1313 = ADVANCED_FACE ( 'NONE', ( #1728 ), #1286, .T. ) ;
#1314 = VERTEX_POINT ( 'NONE', #1022 ) ;
#1315 = CARTESIAN_POINT ( 'NONE',  ( 31.40000000000000568, -5.599999999999988987, 83.00000000000000000 ) ) ;
#1316 = ORIENTED_EDGE ( 'NONE', *, *, #138, .T. ) ;
#1317 = ORIENTED_EDGE ( 'NONE', *, *, #869, .T. ) ;
#1318 = PLANE ( 'NONE',  #1216 ) ;
#1319 = EDGE_LOOP ( 'NONE', ( #205, #944, #40, #1194 ) ) ;
#1320 = DIRECTION ( 'NONE',  ( 0.000000000000000000, 0.000000000000000000, 1.000000000000000000 ) ) ;
#1321 = EDGE_CURVE ( 'NONE', #1775, #1565, #1754, .T. ) ;
#1322 = ORIENTED_EDGE ( 'NONE', *, *, #1784, .F. ) ;
#1323 = DIRECTION ( 'NONE',  ( 1.000000000000000000, 0.000000000000000000, 0.000000000000000000 ) ) ;
#1324 = ORIENTED_EDGE ( 'NONE', *, *, #327, .F. ) ;
#1325 = EDGE_LOOP ( 'NONE', ( #1252, #1268, #11, #797 ) ) ;
#1326 = CARTESIAN_POINT ( 'NONE',  ( 29.60000000000000142, -7.399999999999987921, 0.000000000000000000 ) ) ;
#1327 = LINE ( 'NONE', #868, #1720 ) ;
#1328 = EDGE_LOOP ( 'NONE', ( #1164, #1082, #839, #1045 ) ) ;
#1329 = ORIENTED_EDGE ( 'NONE', *, *, #1715, .T. ) ;
#1330 = LINE ( 'NONE', #261, #596 ) ;
#1331 = VECTOR ( 'NONE', #1702, 1000.000000000000000 ) ;
#1332 = ORIENTED_EDGE ( 'NONE', *, *, #1627, .T. ) ;
#1333 = EDGE_CURVE ( 'NONE', #1117, #1, #590, .T. ) ;
#1334 = VECTOR ( 'NONE', #1619, 1000.000000000000000 ) ;
#1335 = CARTESIAN_POINT ( 'NONE',  ( -7.200000000000001066, -7.399999999999987921, 0.01339654040263815737 ) ) ;
#1336 = CARTESIAN_POINT ( 'NONE',  ( 29.60000000000000142, 6.200000000000003730, 3.000000000000000000 ) ) ;
#1337 = VECTOR ( 'NONE', #271, 1000.000000000000000 ) ;
#1338 = EDGE_LOOP ( 'NONE', ( #711, #1113 ) ) ;
#1339 = DIRECTION ( 'NONE',  ( 0.000000000000000000, 0.000000000000000000, -1.000000000000000000 ) ) ;
#1340 = DIRECTION ( 'NONE',  ( 0.000000000000000000, 0.000000000000000000, -1.000000000000000000 ) ) ;
#1341 = VERTEX_POINT ( 'NONE', #56 ) ;
#1342 = DIRECTION ( 'NONE',  ( -1.000000000000000000, 0.000000000000000000, 0.000000000000000000 ) ) ;
#1343 = PLANE ( 'NONE',  #5 ) ;
#1344 = DIRECTION ( 'NONE',  ( -0.000000000000000000, 0.000000000000000000, -1.000000000000000000 ) ) ;
#1345 = ADVANCED_FACE ( 'NONE', ( #856 ), #1587, .F. ) ;
#1346 = ORIENTED_EDGE ( 'NONE', *, *, #1058, .F. ) ;
#1347 = PLANE ( 'NONE',  #627 ) ;
#1348 = ORIENTED_EDGE ( 'NONE', *, *, #1438, .T. ) ;
#1349 = FACE_OUTER_BOUND ( 'NONE', #576, .T. ) ;
#1350 = CARTESIAN_POINT ( 'NONE',  ( -5.999999999999999112, 9.999999999999998224, 83.00000000000000000 ) ) ;
#1351 = CARTESIAN_POINT ( 'NONE',  ( 36.00000000000000000, 7.599999999999998757, 83.00000000000000000 ) ) ;
#1352 = VERTEX_POINT ( 'NONE', #188 ) ;
#1353 = ADVANCED_FACE ( 'NONE', ( #1152 ), #306, .T. ) ;
#1354 = CARTESIAN_POINT ( 'NONE',  ( 36.00000000000000000, 7.599999999999998757, 86.00000000000000000 ) ) ;
#1355 = VERTEX_POINT ( 'NONE', #1737 ) ;
#1356 = EDGE_CURVE ( 'NONE', #1457, #592, #748, .T. ) ;
#1357 = DIRECTION ( 'NONE',  ( 1.000000000000000000, 4.336808689942017736E-16, 0.000000000000000000 ) ) ;
#1358 = DIRECTION ( 'NONE',  ( -0.000000000000000000, 0.000000000000000000, 1.000000000000000000 ) ) ;
#1359 = AXIS2_PLACEMENT_3D ( 'NONE', #638, #646, #1357 ) ;
#1360 = LINE ( 'NONE', #1221, #1301 ) ;
#1361 = VECTOR ( 'NONE', #273, 1000.000000000000000 ) ;
#1362 = VECTOR ( 'NONE', #694, 1000.000000000000000 ) ;
#1363 = EDGE_LOOP ( 'NONE', ( #1529, #1059, #1416 ) ) ;
#1364 = DIRECTION ( 'NONE',  ( 0.000000000000000000, 0.000000000000000000, -1.000000000000000000 ) ) ;
#1365 = CARTESIAN_POINT ( 'NONE',  ( 31.40000000000000568, 6.200000000000003730, 3.000000000000000000 ) ) ;
#1366 = VERTEX_POINT ( 'NONE', #1743 ) ;
#1367 = LINE ( 'NONE', #65, #384 ) ;
#1368 = B_SPLINE_CURVE_WITH_KNOTS ( 'NONE', 3,
 ( #852, #703, #312, #1399 ),
 .UNSPECIFIED., .F., .F.,
 ( 4, 4 ),
 ( 1.694065894508600678E-21, 0.0002490585454507833084 ),
 .UNSPECIFIED. ) ;
#1369 = DIRECTION ( 'NONE',  ( 0.000000000000000000, 0.000000000000000000, -1.000000000000000000 ) ) ;
#1370 = LINE ( 'NONE', #262, #1601 ) ;
#1371 = DIRECTION ( 'NONE',  ( 0.000000000000000000, 0.000000000000000000, 1.000000000000000000 ) ) ;
#1372 = CARTESIAN_POINT ( 'NONE',  ( -13.60000000000000142, 7.599999999999998757, 86.00000000000000000 ) ) ;
#1373 = ORIENTED_EDGE ( 'NONE', *, *, #1100, .F. ) ;
#1374 = EDGE_CURVE ( 'NONE', #226, #111, #617, .T. ) ;
#1375 = CARTESIAN_POINT ( 'NONE',  ( -11.00000000000000000, 4.999999999999996447, 83.00000000000000000 ) ) ;
#1376 = CARTESIAN_POINT ( 'NONE',  ( -9.000000000000000000, 6.200000000000001066, 0.01339654040263815737 ) ) ;
#1377 = EDGE_CURVE ( 'NONE', #1366, #1352, #1432, .T. ) ;
#1378 = CARTESIAN_POINT ( 'NONE',  ( -7.200000000000001066, -5.599999999999988098, 3.000000000000000000 ) ) ;
#1379 = CARTESIAN_POINT ( 'NONE',  ( 31.40000000000000568, 6.200000000000003730, 0.000000000000000000 ) ) ;
#1380 = LINE ( 'NONE', #387, #116 ) ;
#1381 = CARTESIAN_POINT ( 'NONE',  ( -9.000000000000000000, 4.999999999999997335, 1.999999999999988010 ) ) ;
#1382 = ORIENTED_EDGE ( 'NONE', *, *, #401, .F. ) ;
#1383 = DIRECTION ( 'NONE',  ( 1.000000000000000000, 0.000000000000000000, 0.000000000000000000 ) ) ;
#1384 = CARTESIAN_POINT ( 'NONE',  ( 0.000000000000000000, 0.000000000000000000, 3.000000000000000000 ) ) ;
#1385 = ORIENTED_EDGE ( 'NONE', *, *, #878, .T. ) ;
#1386 = ADVANCED_FACE ( 'NONE', ( #867 ), #198, .T. ) ;
#1387 = DIRECTION ( 'NONE',  ( 1.000000000000000000, 0.000000000000000000, 0.000000000000000000 ) ) ;
#1388 = CIRCLE ( 'NONE', #1685, 5.000000000000000000 ) ;
#1389 = DIRECTION ( 'NONE',  ( 0.000000000000000000, -1.000000000000000000, 0.000000000000000000 ) ) ;
#1390 = ORIENTED_EDGE ( 'NONE', *, *, #1612, .T. ) ;
#1391 = CIRCLE ( 'NONE', #475, 1.199999999999999734 ) ;
#1392 = PLANE ( 'NONE',  #1657 ) ;
#1393 = AXIS2_PLACEMENT_3D ( 'NONE', #818, #1811, #927 ) ;
#1394 = VERTEX_POINT ( 'NONE', #179 ) ;
#1395 = VECTOR ( 'NONE', #465, 1000.000000000000000 ) ;
#1396 = LINE ( 'NONE', #977, #1095 ) ;
#1397 = AXIS2_PLACEMENT_3D ( 'NONE', #583, #990, #434 ) ;
#1398 = CARTESIAN_POINT ( 'NONE',  ( -11.00000000000000000, 4.999999999999996447, 83.00000000000000000 ) ) ;
#1399 = CARTESIAN_POINT ( 'NONE',  ( 29.60000000000000142, 7.749545416973502299, 0.000000000000000000 ) ) ;
#1400 = LINE ( 'NONE', #135, #1836 ) ;
#1401 = ADVANCED_FACE ( 'NONE', ( #602 ), #1162, .T. ) ;
#1402 = LINE ( 'NONE', #844, #946 ) ;
#1403 = ORIENTED_EDGE ( 'NONE', *, *, #846, .T. ) ;
#1404 = CARTESIAN_POINT ( 'NONE',  ( -11.00000000000000000, 4.999999999999996447, 2.000000000000001776 ) ) ;
#1405 = ORIENTED_EDGE ( 'NONE', *, *, #1025, .F. ) ;
#1406 = CARTESIAN_POINT ( 'NONE',  ( -7.200000000000001066, -7.399999999999987921, 0.000000000000000000 ) ) ;
#1407 = B_SPLINE_CURVE_WITH_KNOTS ( 'NONE', 3,
 ( #994, #280, #587, #1257 ),
 .UNSPECIFIED., .F., .F.,
 ( 4, 4 ),
 ( 0.0005736389744170953100, 0.0008226975198678733057 ),
 .UNSPECIFIED. ) ;
#1408 = DIRECTION ( 'NONE',  ( 1.000000000000000000, 0.000000000000000000, 0.000000000000000000 ) ) ;
#1409 = DIRECTION ( 'NONE',  ( 0.000000000000000000, 0.000000000000000000, -1.000000000000000000 ) ) ;
#1410 = CARTESIAN_POINT ( 'NONE',  ( 28.40000000000000568, -4.399999999999995914, 83.00000000000000000 ) ) ;
#1411 = ORIENTED_EDGE ( 'NONE', *, *, #1446, .F. ) ;
#1412 = CARTESIAN_POINT ( 'NONE',  ( 28.80021849962493619, -7.399999999999987921, 1.734723475976807094E-15 ) ) ;
#1413 = ADVANCED_FACE ( 'NONE', ( #1195 ), #1207, .T. ) ;
#1414 = ORIENTED_EDGE ( 'NONE', *, *, #1333, .F. ) ;
#1415 = LINE ( 'NONE', #1287, #241 ) ;
#1416 = ORIENTED_EDGE ( 'NONE', *, *, #819, .F. ) ;
#1417 = FACE_OUTER_BOUND ( 'NONE', #182, .T. ) ;
#1418 = DIRECTION ( 'NONE',  ( 0.000000000000000000, 1.000000000000000000, 0.000000000000000000 ) ) ;
#1419 = CARTESIAN_POINT ( 'NONE',  ( -6.800625761899016908, -7.399999999999987921, -0.003857773907303859752 ) ) ;
#1420 = LINE ( 'NONE', #418, #477 ) ;
#1421 = VERTEX_POINT ( 'NONE', #1165 ) ;
#1422 = PLANE ( 'NONE',  #533 ) ;
#1423 = CIRCLE ( 'NONE', #862, 2.000000000000000000 ) ;
#1424 = EDGE_CURVE ( 'NONE', #1828, #1394, #310, .T. ) ;
#1425 = ORIENTED_EDGE ( 'NONE', *, *, #513, .F. ) ;
#1426 = AXIS2_PLACEMENT_3D ( 'NONE', #142, #699, #1262 ) ;
#1427 = DIRECTION ( 'NONE',  ( -1.000000000000000000, 0.000000000000000000, 0.000000000000000000 ) ) ;
#1428 = CARTESIAN_POINT ( 'NONE',  ( 31.40000000000000568, -5.599999999999988987, 3.000000000000000000 ) ) ;
#1429 = CARTESIAN_POINT ( 'NONE',  ( -9.000000000000000000, -5.599999999999988098, 3.000000000000000000 ) ) ;
#1430 = CARTESIAN_POINT ( 'NONE',  ( 34.79999999999999716, -6.999999999999995559, 86.00000000000000000 ) ) ;
#1431 = VERTEX_POINT ( 'NONE', #323 ) ;
#1432 = LINE ( 'NONE', #1299, #448 ) ;
#1433 = DIRECTION ( 'NONE',  ( -0.000000000000000000, -0.000000000000000000, -1.000000000000000000 ) ) ;
#1434 = ADVANCED_FACE ( 'NONE', ( #30 ), #1441, .T. ) ;
#1435 = CARTESIAN_POINT ( 'NONE',  ( 31.40000000000000568, 6.200000000000003730, 3.000000000000000000 ) ) ;
#1436 = DIRECTION ( 'NONE',  ( -0.000000000000000000, -0.000000000000000000, -1.000000000000000000 ) ) ;
#1437 = DIRECTION ( 'NONE',  ( -0.000000000000000000, -0.000000000000000000, -1.000000000000000000 ) ) ;
#1438 = EDGE_CURVE ( 'NONE', #1261, #962, #1157, .T. ) ;
#1439 = ORIENTED_EDGE ( 'NONE', *, *, #33, .F. ) ;
#1440 = DIRECTION ( 'NONE',  ( -1.000000000000000000, 0.000000000000000000, 0.000000000000000000 ) ) ;
#1441 = PLANE ( 'NONE',  #95 ) ;
#1442 = LINE ( 'NONE', #737, #270 ) ;
#1443 = VERTEX_POINT ( 'NONE', #291 ) ;
#1444 = CARTESIAN_POINT ( 'NONE',  ( -5.999999999999997335, -9.399999999999993250, 83.00000000000000000 ) ) ;
#1445 = DIRECTION ( 'NONE',  ( -1.000000000000000000, 3.907034855803619427E-17, 0.000000000000000000 ) ) ;
#1446 = EDGE_CURVE ( 'NONE', #1459, #435, #1817, .T. ) ;
#1447 = VERTEX_POINT ( 'NONE', #1430 ) ;
#1448 = DIRECTION ( 'NONE',  ( -1.000000000000000000, 0.000000000000000000, 0.000000000000000000 ) ) ;
#1449 = AXIS2_PLACEMENT_3D ( 'NONE', #231, #1371, #1387 ) ;
#1450 = EDGE_LOOP ( 'NONE', ( #661, #1732, #773 ) ) ;
#1451 = AXIS2_PLACEMENT_3D ( 'NONE', #735, #315, #894 ) ;
#1452 = AXIS2_PLACEMENT_3D ( 'NONE', #276, #131, #1383 ) ;
#1453 = ORIENTED_EDGE ( 'NONE', *, *, #1048, .F. ) ;
#1454 = VECTOR ( 'NONE', #301, 1000.000000000000000 ) ;
#1455 = DIRECTION ( 'NONE',  ( -0.000000000000000000, -0.000000000000000000, -1.000000000000000000 ) ) ;
#1456 = EDGE_CURVE ( 'NONE', #1609, #1110, #170, .T. ) ;
#1457 = VERTEX_POINT ( 'NONE', #1269 ) ;
#1458 = DIRECTION ( 'NONE',  ( 0.000000000000000000, 0.000000000000000000, 1.000000000000000000 ) ) ;
#1459 = VERTEX_POINT ( 'NONE', #159 ) ;
#1460 = DIRECTION ( 'NONE',  ( -9.427844978134820201E-17, 1.000000000000000000, 0.000000000000000000 ) ) ;
#1461 = B_SPLINE_CURVE_WITH_KNOTS ( 'NONE', 3,
 ( #1167, #389, #1112, #1675 ),
 .UNSPECIFIED., .F., .F.,
 ( 4, 4 ),
 ( 4.143337396464789858E-21, 0.001199220776008308367 ),
 .UNSPECIFIED. ) ;
#1462 = DIRECTION ( 'NONE',  ( 1.000000000000000000, 1.734723475976807094E-15, 0.000000000000000000 ) ) ;
#1463 = ORIENTED_EDGE ( 'NONE', *, *, #1488, .F. ) ;
#1464 = DIRECTION ( 'NONE',  ( 0.000000000000000000, 1.000000000000000000, 0.000000000000000000 ) ) ;
#1465 = DIRECTION ( 'NONE',  ( -1.000000000000000000, 0.000000000000000000, 0.000000000000000000 ) ) ;
#1466 = ORIENTED_EDGE ( 'NONE', *, *, #337, .T. ) ;
#1467 = ADVANCED_FACE ( 'NONE', ( #1829 ), #1013, .T. ) ;
#1468 = ORIENTED_EDGE ( 'NONE', *, *, #1550, .F. ) ;
#1469 = ORIENTED_EDGE ( 'NONE', *, *, #1424, .F. ) ;
#1470 = LINE ( 'NONE', #902, #307 ) ;
#1471 = CARTESIAN_POINT ( 'NONE',  ( 28.40000000000000213, 4.999999999999998224, 2.000000000000001776 ) ) ;
#1472 = VERTEX_POINT ( 'NONE', #1822 ) ;
#1473 = CARTESIAN_POINT ( 'NONE',  ( -7.200000000000001066, 8.000000000000000000, 3.000000000000000000 ) ) ;
#1474 = VERTEX_POINT ( 'NONE', #1695 ) ;
#1475 = CARTESIAN_POINT ( 'NONE',  ( 28.40000000000000568, -4.399999999999995914, 0.000000000000000000 ) ) ;
#1476 = B_SPLINE_CURVE_WITH_KNOTS ( 'NONE', 3,
 ( #1835, #1119, #299, #714 ),
 .UNSPECIFIED., .F., .F.,
 ( 4, 4 ),
 ( 0.0008336360996871667369, 0.002032856875695488764 ),
 .UNSPECIFIED. ) ;
#1477 = EDGE_CURVE ( 'NONE', #1314, #1261, #493, .T. ) ;
#1478 = AXIS2_PLACEMENT_3D ( 'NONE', #1354, #1204, #1229 ) ;
#1479 = ORIENTED_EDGE ( 'NONE', *, *, #337, .F. ) ;
#1480 = ORIENTED_EDGE ( 'NONE', *, *, #1424, .T. ) ;
#1481 = DIRECTION ( 'NONE',  ( 1.000000000000000000, 0.000000000000000000, 0.000000000000000000 ) ) ;
#1482 = ORIENTED_EDGE ( 'NONE', *, *, #579, .T. ) ;
#1483 = LINE ( 'NONE', #517, #186 ) ;
#1484 = VERTEX_POINT ( 'NONE', #132 ) ;
#1485 = CARTESIAN_POINT ( 'NONE',  ( 36.00000000000000000, -6.999999999999995559, 83.00000000000000000 ) ) ;
#1486 = ADVANCED_FACE ( 'NONE', ( #1522 ), #269, .T. ) ;
#1487 = DIRECTION ( 'NONE',  ( 0.000000000000000000, 0.000000000000000000, 1.000000000000000000 ) ) ;
#1488 = EDGE_CURVE ( 'NONE', #59, #391, #1644, .T. ) ;
#1489 = ORIENTED_EDGE ( 'NONE', *, *, #420, .F. ) ;
#1490 = DIRECTION ( 'NONE',  ( -0.000000000000000000, -0.000000000000000000, -1.000000000000000000 ) ) ;
#1491 = ORIENTED_EDGE ( 'NONE', *, *, #1069, .T. ) ;
#1492 = DIRECTION ( 'NONE',  ( 0.000000000000000000, -0.000000000000000000, 1.000000000000000000 ) ) ;
#1493 = DIRECTION ( 'NONE',  ( 1.000000000000000000, 0.000000000000000000, 0.000000000000000000 ) ) ;
#1494 = CARTESIAN_POINT ( 'NONE',  ( -6.400218499624922508, 8.000000000000000000, 1.734723475976806897E-15 ) ) ;
#1495 = ADVANCED_FACE ( 'NONE', ( #1513 ), #704, .T. ) ;
#1496 = ORIENTED_EDGE ( 'NONE', *, *, #390, .T. ) ;
#1497 = DIRECTION ( 'NONE',  ( 1.000000000000000000, 0.000000000000000000, 0.000000000000000000 ) ) ;
#1498 = ORIENTED_EDGE ( 'NONE', *, *, #1637, .F. ) ;
#1499 = LINE ( 'NONE', #1077, #914 ) ;
#1500 = CARTESIAN_POINT ( 'NONE',  ( 29.60000000000000142, 0.000000000000000000, 86.00000000000000000 ) ) ;
#1501 = CARTESIAN_POINT ( 'NONE',  ( -8.916217246015278874, 6.200000000000001066, 0.004347296403614911951 ) ) ;
#1502 = ORIENTED_EDGE ( 'NONE', *, *, #1186, .F. ) ;
#1503 =( LENGTH_UNIT ( ) NAMED_UNIT ( * ) SI_UNIT ( .MILLI., .METRE. ) );
#1504 = CIRCLE ( 'NONE', #1744, 5.000000000000000000 ) ;
#1505 = FACE_OUTER_BOUND ( 'NONE', #985, .T. ) ;
#1506 = VECTOR ( 'NONE', #798, 1000.000000000000000 ) ;
#1507 = AXIS2_PLACEMENT_3D ( 'NONE', #1429, #556, #290 ) ;
#1508 = CIRCLE ( 'NONE', #161, 3.000000000000002665 ) ;
#1509 = EDGE_CURVE ( 'NONE', #1648, #1775, #1581, .T. ) ;
#1510 = ORIENTED_EDGE ( 'NONE', *, *, #1667, .T. ) ;
#1511 = CARTESIAN_POINT ( 'NONE',  ( -8.749545416973502299, 6.200000000000001066, 0.000000000000000000 ) ) ;
#1512 = FACE_OUTER_BOUND ( 'NONE', #1328, .T. ) ;
#1513 = FACE_OUTER_BOUND ( 'NONE', #1026, .T. ) ;
#1514 = ADVANCED_FACE ( 'NONE', ( #956 ), #356, .F. ) ;
#1515 = FACE_BOUND ( 'NONE', #1519, .T. ) ;
#1516 = FACE_OUTER_BOUND ( 'NONE', #780, .T. ) ;
#1517 = CARTESIAN_POINT ( 'NONE',  ( -5.999999999999998224, 8.000000000000000000, 0.000000000000000000 ) ) ;
#1518 = DIRECTION ( 'NONE',  ( 0.000000000000000000, 1.000000000000000000, 0.000000000000000000 ) ) ;
#1519 = EDGE_LOOP ( 'NONE', ( #187, #200, #525, #937, #1242, #489, #1233, #1071, #919, #1756, #1161, #752 ) ) ;
#1520 = DIRECTION ( 'NONE',  ( 0.000000000000000000, 0.000000000000000000, -1.000000000000000000 ) ) ;
#1521 = PLANE ( 'NONE',  #1546 ) ;
#1522 = FACE_OUTER_BOUND ( 'NONE', #996, .T. ) ;
#1523 = EDGE_CURVE ( 'NONE', #1607, #1609, #1213, .T. ) ;
#1524 = ORIENTED_EDGE ( 'NONE', *, *, #1004, .T. ) ;
#1525 = LINE ( 'NONE', #535, #738 ) ;
#1526 = CARTESIAN_POINT ( 'NONE',  ( 29.60000000000000142, -7.399999999999987921, 3.000000000000000000 ) ) ;
#1527 = ORIENTED_EDGE ( 'NONE', *, *, #1574, .T. ) ;
#1528 = CARTESIAN_POINT ( 'NONE',  ( 31.14954541697350621, 6.200000000000003730, 0.000000000000000000 ) ) ;
#1529 = ORIENTED_EDGE ( 'NONE', *, *, #412, .F. ) ;
#1530 = CARTESIAN_POINT ( 'NONE',  ( -11.00000000000000178, 9.999999999999998224, 83.00000000000000000 ) ) ;
#1531 = ADVANCED_FACE ( 'NONE', ( #404 ), #1343, .T. ) ;
#1532 = DIRECTION ( 'NONE',  ( 1.000000000000000000, 0.000000000000000000, 0.000000000000000000 ) ) ;
#1533 = LINE ( 'NONE', #1350, #1805 ) ;
#1534 = PLANE ( 'NONE',  #42 ) ;
#1535 = AXIS2_PLACEMENT_3D ( 'NONE', #1759, #903, #649 ) ;
#1536 = DIRECTION ( 'NONE',  ( -1.000000000000000000, 0.000000000000000000, 0.000000000000000000 ) ) ;
#1537 = ORIENTED_EDGE ( 'NONE', *, *, #80, .F. ) ;
#1538 = AXIS2_PLACEMENT_3D ( 'NONE', #141, #989, #1137 ) ;
#1539 = CARTESIAN_POINT ( 'NONE',  ( 38.39999999999999858, 9.999999999999998224, 86.00000000000000000 ) ) ;
#1540 = AXIS2_PLACEMENT_3D ( 'NONE', #168, #428, #1684 ) ;
#1541 = CIRCLE ( 'NONE', #304, 1.199999999999999734 ) ;
#1542 = ORIENTED_EDGE ( 'NONE', *, *, #733, .F. ) ;
#1543 = DIRECTION ( 'NONE',  ( -0.000000000000000000, -0.000000000000000000, -1.000000000000000000 ) ) ;
#1544 = AXIS2_PLACEMENT_3D ( 'NONE', #1410, #1673, #1120 ) ;
#1545 = DIRECTION ( 'NONE',  ( -1.000000000000000000, 0.000000000000000000, 0.000000000000000000 ) ) ;
#1546 = AXIS2_PLACEMENT_3D ( 'NONE', #948, #1206, #228 ) ;
#1547 = FACE_OUTER_BOUND ( 'NONE', #1276, .T. ) ;
#1548 = DIRECTION ( 'NONE',  ( 0.000000000000000000, -0.000000000000000000, 1.000000000000000000 ) ) ;
#1549 = CARTESIAN_POINT ( 'NONE',  ( 31.23274006783875123, -5.599999999999988987, 1.741897631167183013E-15 ) ) ;
#1550 = EDGE_CURVE ( 'NONE', #761, #639, #833, .T. ) ;
#1551 = VERTEX_POINT ( 'NONE', #580 ) ;
#1552 = DIRECTION ( 'NONE',  ( 1.000000000000000000, 9.427844978134821433E-17, 0.000000000000000000 ) ) ;
#1553 = ORIENTED_EDGE ( 'NONE', *, *, #369, .T. ) ;
#1554 = DIRECTION ( 'NONE',  ( 1.788374717501863286E-16, -1.000000000000000000, 0.000000000000000000 ) ) ;
#1555 = DIRECTION ( 'NONE',  ( 0.000000000000000000, 0.000000000000000000, -1.000000000000000000 ) ) ;
#1556 = CARTESIAN_POINT ( 'NONE',  ( -7.200000000000001066, 6.200000000000001066, 3.000000000000000000 ) ) ;
#1557 = LINE ( 'NONE', #1681, #682 ) ;
#1558 = CARTESIAN_POINT ( 'NONE',  ( -6.400218499624942048, -7.399999999999987921, 1.734723475976807094E-15 ) ) ;
#1559 = DIRECTION ( 'NONE',  ( -0.000000000000000000, -0.000000000000000000, -1.000000000000000000 ) ) ;
#1560 = EDGE_CURVE ( 'NONE', #435, #1117, #724, .T. ) ;
#1561 = CARTESIAN_POINT ( 'NONE',  ( 38.39999999999999858, 0.000000000000000000, 83.00000000000000000 ) ) ;
#1562 = ORIENTED_EDGE ( 'NONE', *, *, #1624, .T. ) ;
#1563 = CARTESIAN_POINT ( 'NONE',  ( -7.200000000000001066, -7.399999999999987921, 3.000000000000000000 ) ) ;
#1564 = DIRECTION ( 'NONE',  ( 0.000000000000000000, -1.000000000000000000, 0.000000000000000000 ) ) ;
#1565 = VERTEX_POINT ( 'NONE', #1109 ) ;
#1566 = DIRECTION ( 'NONE',  ( -1.000000000000000000, 0.000000000000000000, 0.000000000000000000 ) ) ;
#1567 = CARTESIAN_POINT ( 'NONE',  ( -7.200000000000001066, -7.399999999999987921, 83.00000000000000000 ) ) ;
#1568 = DIRECTION ( 'NONE',  ( -0.000000000000000000, -0.000000000000000000, -1.000000000000000000 ) ) ;
#1569 = EDGE_CURVE ( 'NONE', #1366, #1474, #1407, .T. ) ;
#1570 = CIRCLE ( 'NONE', #446, 2.000000000000000000 ) ;
#1571 = ORIENTED_EDGE ( 'NONE', *, *, #118, .T. ) ;
#1572 = DIRECTION ( 'NONE',  ( -1.000000000000000000, 0.000000000000000000, 0.000000000000000000 ) ) ;
#1573 = LINE ( 'NONE', #1618, #712 ) ;
#1574 = EDGE_CURVE ( 'NONE', #494, #1046, #1837, .T. ) ;
#1575 = VECTOR ( 'NONE', #784, 1000.000000000000000 ) ;
#1576 = DIRECTION ( 'NONE',  ( 0.000000000000000000, 0.000000000000000000, -1.000000000000000000 ) ) ;
#1577 = DIRECTION ( 'NONE',  ( 1.000000000000000000, 0.000000000000000000, 0.000000000000000000 ) ) ;
#1578 = B_SPLINE_CURVE_WITH_KNOTS ( 'NONE', 3,
 ( #1734, #1592, #464, #325 ),
 .UNSPECIFIED., .F., .F.,
 ( 4, 4 ),
 ( 4.143337396464789858E-21, 0.001199220776008313571 ),
 .UNSPECIFIED. ) ;
#1579 = VERTEX_POINT ( 'NONE', #405 ) ;
#1580 = DIRECTION ( 'NONE',  ( 1.000000000000000000, 0.000000000000000000, 0.000000000000000000 ) ) ;
#1581 = B_SPLINE_CURVE_WITH_KNOTS ( 'NONE', 3,
 ( #1699, #1558, #1419, #925 ),
 .UNSPECIFIED., .F., .F.,
 ( 4, 4 ),
 ( 4.143337396464789858E-21, 0.001199220776008317908 ),
 .UNSPECIFIED. ) ;
#1582 = EDGE_CURVE ( 'NONE', #1648, #671, #1038, .T. ) ;
#1583 = CARTESIAN_POINT ( 'NONE',  ( -13.60000000000000142, 7.599999999999998757, 83.00000000000000000 ) ) ;
#1584 = VERTEX_POINT ( 'NONE', #853 ) ;
#1585 = CARTESIAN_POINT ( 'NONE',  ( -11.00000000000000178, 9.999999999999998224, 2.000000000000001776 ) ) ;
#1586 = ORIENTED_EDGE ( 'NONE', *, *, #653, .F. ) ;
#1587 = CYLINDRICAL_SURFACE ( 'NONE', #67, 1.199999999999999734 ) ;
#1588 = VERTEX_POINT ( 'NONE', #717 ) ;
#1589 = EDGE_CURVE ( 'NONE', #466, #1598, #1420, .T. ) ;
#1590 = ORIENTED_EDGE ( 'NONE', *, *, #1637, .T. ) ;
#1591 = ORIENTED_EDGE ( 'NONE', *, *, #1356, .T. ) ;
#1592 = CARTESIAN_POINT ( 'NONE',  ( 28.80021849962494329, 8.000000000000003553, 1.734723475976806897E-15 ) ) ;
#1593 = CARTESIAN_POINT ( 'NONE',  ( -14.80000000000000071, 7.599999999999998757, 86.00000000000000000 ) ) ;
#1594 = ADVANCED_FACE ( 'NONE', ( #15 ), #865, .T. ) ;
#1595 = ORIENTED_EDGE ( 'NONE', *, *, #1722, .T. ) ;
#1596 = CARTESIAN_POINT ( 'NONE',  ( 29.60000000000000142, -5.599999999999988987, 3.000000000000000000 ) ) ;
#1597 = VECTOR ( 'NONE', #236, 1000.000000000000000 ) ;
#1598 = VERTEX_POINT ( 'NONE', #1815 ) ;
#1599 = VECTOR ( 'NONE', #1518, 1000.000000000000000 ) ;
#1600 = VECTOR ( 'NONE', #1536, 1000.000000000000000 ) ;
#1601 = VECTOR ( 'NONE', #816, 1000.000000000000000 ) ;
#1602 = ORIENTED_EDGE ( 'NONE', *, *, #165, .F. ) ;
#1603 = LINE ( 'NONE', #897, #213 ) ;
#1604 = FACE_OUTER_BOUND ( 'NONE', #81, .T. ) ;
#1605 = EDGE_CURVE ( 'NONE', #1, #1820, #1402, .T. ) ;
#1606 = ORIENTED_EDGE ( 'NONE', *, *, #1260, .F. ) ;
#1607 = VERTEX_POINT ( 'NONE', #136 ) ;
#1608 = EDGE_LOOP ( 'NONE', ( #218, #316, #460 ) ) ;
#1609 = VERTEX_POINT ( 'NONE', #1003 ) ;
#1610 = SURFACE_SIDE_STYLE ('',( #481 ) ) ;
#1611 = DIRECTION ( 'NONE',  ( 0.000000000000000000, -1.000000000000000000, 0.000000000000000000 ) ) ;
#1612 = EDGE_CURVE ( 'NONE', #1588, #1828, #160, .T. ) ;
#1613 = ORIENTED_EDGE ( 'NONE', *, *, #700, .F. ) ;
#1614 = ORIENTED_EDGE ( 'NONE', *, *, #764, .T. ) ;
#1615 = CARTESIAN_POINT ( 'NONE',  ( -9.000000000000000000, 6.200000000000001066, 3.000000000000000000 ) ) ;
#1616 = EDGE_LOOP ( 'NONE', ( #1329, #896, #287, #755 ) ) ;
#1617 = DIRECTION ( 'NONE',  ( 1.000000000000000000, 2.682562076252795299E-16, -0.000000000000000000 ) ) ;
#1618 = CARTESIAN_POINT ( 'NONE',  ( 37.19999999999999574, 7.599999999999998757, 86.00000000000000000 ) ) ;
#1619 = DIRECTION ( 'NONE',  ( 1.000000000000000000, 9.427844978134821433E-17, 0.000000000000000000 ) ) ;
#1620 = EDGE_LOOP ( 'NONE', ( #1403, #1348, #147, #1170, #329, #552, #866, #1466, #1385, #211, #677, #274, #1098, #1222, #1332, #573, #706, #1496, #29, #1000, #708, #1510, #70, #199 ) ) ;
#1621 = DIRECTION ( 'NONE',  ( -1.000000000000000000, 0.000000000000000000, -0.000000000000000000 ) ) ;
#1622 = FACE_OUTER_BOUND ( 'NONE', #339, .T. ) ;
#1623 = AXIS2_PLACEMENT_3D ( 'NONE', #1351, #1202, #172 ) ;
#1624 = EDGE_CURVE ( 'NONE', #77, #1712, #146, .T. ) ;
#1625 = AXIS2_PLACEMENT_3D ( 'NONE', #1273, #1253, #1692 ) ;
#1626 = ORIENTED_EDGE ( 'NONE', *, *, #1523, .F. ) ;
#1627 = EDGE_CURVE ( 'NONE', #1484, #1795, #1718, .T. ) ;
#1628 = VECTOR ( 'NONE', #1185, 1000.000000000000000 ) ;
#1629 = CARTESIAN_POINT ( 'NONE',  ( -9.000000000000000000, -5.599999999999988098, 3.000000000000000000 ) ) ;
#1630 = AXIS2_PLACEMENT_3D ( 'NONE', #206, #1028, #1036 ) ;
#1631 = AXIS2_PLACEMENT_3D ( 'NONE', #1530, #19, #561 ) ;
#1632 = CARTESIAN_POINT ( 'NONE',  ( 38.39999999999999858, -9.399999999999995026, 86.00000000000000000 ) ) ;
#1633 = EDGE_LOOP ( 'NONE', ( #1733, #1524, #813 ) ) ;
#1634 = DIRECTION ( 'NONE',  ( 0.000000000000000000, -1.000000000000000000, 0.000000000000000000 ) ) ;
#1635 = EDGE_LOOP ( 'NONE', ( #1439, #1626 ) ) ;
#1636 = CARTESIAN_POINT ( 'NONE',  ( 29.60000000000000142, 8.000000000000003553, 0.01339654040263815737 ) ) ;
#1637 = EDGE_CURVE ( 'NONE', #500, #361, #346, .T. ) ;
#1638 = ORIENTED_EDGE ( 'NONE', *, *, #390, .F. ) ;
#1639 = DIRECTION ( 'NONE',  ( -1.000000000000000000, 0.000000000000000000, 1.734723475976817350E-15 ) ) ;
#1640 = ORIENTED_EDGE ( 'NONE', *, *, #1116, .T. ) ;
#1641 = CARTESIAN_POINT ( 'NONE',  ( 29.60000000000000142, 8.000000000000003553, 3.000000000000000000 ) ) ;
#1642 = ORIENTED_EDGE ( 'NONE', *, *, #430, .F. ) ;
#1643 = PLANE ( 'NONE',  #238 ) ;
#1644 = LINE ( 'NONE', #542, #502 ) ;
#1645 = VERTEX_POINT ( 'NONE', #169 ) ;
#1646 = ADVANCED_FACE ( 'NONE', ( #122 ), #685, .F. ) ;
#1647 = DIRECTION ( 'NONE',  ( 0.000000000000000000, -0.000000000000000000, 1.000000000000000000 ) ) ;
#1648 = VERTEX_POINT ( 'NONE', #1283 ) ;
#1649 = DIRECTION ( 'NONE',  ( -0.000000000000000000, 0.000000000000000000, 1.000000000000000000 ) ) ;
#1650 = ORIENTED_EDGE ( 'NONE', *, *, #1016, .T. ) ;
#1651 = DIRECTION ( 'NONE',  ( -0.000000000000000000, -0.000000000000000000, -1.000000000000000000 ) ) ;
#1652 = CYLINDRICAL_SURFACE ( 'NONE', #562, 2.000000000000000000 ) ;
#1653 = ORIENTED_EDGE ( 'NONE', *, *, #189, .T. ) ;
#1654 = LINE ( 'NONE', #929, #334 ) ;
#1655 = AXIS2_PLACEMENT_3D ( 'NONE', #1088, #1235, #1656 ) ;
#1656 = DIRECTION ( 'NONE',  ( -1.788374717501863286E-16, 1.000000000000000000, 0.000000000000000000 ) ) ;
#1657 = AXIS2_PLACEMENT_3D ( 'NONE', #538, #548, #741 ) ;
#1658 = CIRCLE ( 'NONE', #1039, 2.000000000000000000 ) ;
#1659 = EDGE_CURVE ( 'NONE', #1205, #435, #569, .T. ) ;
#1660 = DIRECTION ( 'NONE',  ( 1.000000000000000000, 0.000000000000000000, 0.000000000000000000 ) ) ;
#1661 = EDGE_LOOP ( 'NONE', ( #1640, #1230, #1298, #1683 ) ) ;
#1662 = DIRECTION ( 'NONE',  ( 0.000000000000000000, 0.000000000000000000, 1.000000000000000000 ) ) ;
#1663 = FACE_BOUND ( 'NONE', #845, .T. ) ;
#1664 = DIRECTION ( 'NONE',  ( 0.000000000000000000, -1.000000000000000000, -0.000000000000000000 ) ) ;
#1665 = ORIENTED_EDGE ( 'NONE', *, *, #1116, .F. ) ;
#1666 = LINE ( 'NONE', #407, #1599 ) ;
#1667 = EDGE_CURVE ( 'NONE', #1352, #1302, #1133, .T. ) ;
#1668 = VERTEX_POINT ( 'NONE', #546 ) ;
#1669 = PLANE ( 'NONE',  #35 ) ;
#1670 = LINE ( 'NONE', #399, #656 ) ;
#1671 = DIRECTION ( 'NONE',  ( -0.000000000000000000, 0.000000000000000000, 1.000000000000000000 ) ) ;
#1672 = DIRECTION ( 'NONE',  ( 0.000000000000000000, 1.000000000000000000, -0.000000000000000000 ) ) ;
#1673 = DIRECTION ( 'NONE',  ( 0.000000000000000000, 0.000000000000000000, 1.000000000000000000 ) ) ;
#1674 = ORIENTED_EDGE ( 'NONE', *, *, #1679, .T. ) ;
#1675 = CARTESIAN_POINT ( 'NONE',  ( 31.40000000000000568, -5.599999999999988987, 0.01339654040263815737 ) ) ;
#1676 = ORIENTED_EDGE ( 'NONE', *, *, #1178, .T. ) ;
#1677 = CYLINDRICAL_SURFACE ( 'NONE', #1397, 1.199999999999999734 ) ;
#1678 = ORIENTED_EDGE ( 'NONE', *, *, #1321, .F. ) ;
#1679 = EDGE_CURVE ( 'NONE', #1828, #1046, #471, .T. ) ;
#1680 = DIRECTION ( 'NONE',  ( 1.000000000000000000, 0.000000000000000000, 0.000000000000000000 ) ) ;
#1681 = CARTESIAN_POINT ( 'NONE',  ( -7.200000000000001066, 0.000000000000000000, 86.00000000000000000 ) ) ;
#1682 = EDGE_CURVE ( 'NONE', #1763, #1134, #201, .T. ) ;
#1683 = ORIENTED_EDGE ( 'NONE', *, *, #1089, .F. ) ;
#1684 = DIRECTION ( 'NONE',  ( 0.000000000000000000, 0.000000000000000000, 1.000000000000000000 ) ) ;
#1685 = AXIS2_PLACEMENT_3D ( 'NONE', #264, #702, #444 ) ;
#1686 = DIRECTION ( 'NONE',  ( -0.000000000000000000, -0.000000000000000000, -1.000000000000000000 ) ) ;
#1687 = ORIENTED_EDGE ( 'NONE', *, *, #1730, .T. ) ;
#1688 = AXIS2_PLACEMENT_3D ( 'NONE', #618, #1196, #636 ) ;
#1689 = DIRECTION ( 'NONE',  ( 0.000000000000000000, -0.000000000000000000, -1.000000000000000000 ) ) ;
#1690 = VECTOR ( 'NONE', #849, 1000.000000000000000 ) ;
#1691 = ORIENTED_EDGE ( 'NONE', *, *, #470, .F. ) ;
#1692 = DIRECTION ( 'NONE',  ( 1.000000000000000000, 0.000000000000000000, 0.000000000000000000 ) ) ;
#1693 = VECTOR ( 'NONE', #1311, 1000.000000000000000 ) ;
#1694 = CARTESIAN_POINT ( 'NONE',  ( -5.999999999999999112, 7.999999999999998224, 1.999999999999988010 ) ) ;
#1695 = CARTESIAN_POINT ( 'NONE',  ( -9.000000000000000000, -5.599999999999988098, 0.01339654040263815737 ) ) ;
#1696 = CYLINDRICAL_SURFACE ( 'NONE', #1066, 1.199999999999999734 ) ;
#1697 = DIRECTION ( 'NONE',  ( -0.000000000000000000, -0.000000000000000000, -1.000000000000000000 ) ) ;
#1698 = EDGE_CURVE ( 'NONE', #1797, #1014, #1160, .T. ) ;
#1699 = CARTESIAN_POINT ( 'NONE',  ( -5.999999999999997335, -7.399999999999987921, 0.000000000000000000 ) ) ;
#1700 = CARTESIAN_POINT ( 'NONE',  ( -9.000000000000000000, 6.200000000000001066, 3.000000000000000000 ) ) ;
#1701 = ORIENTED_EDGE ( 'NONE', *, *, #1225, .F. ) ;
#1702 = DIRECTION ( 'NONE',  ( 1.000000000000000000, 9.427844978134821433E-17, 0.000000000000000000 ) ) ;
#1703 = EDGE_LOOP ( 'NONE', ( #875, #1218, #654, #1553 ) ) ;
#1704 = CARTESIAN_POINT ( 'NONE',  ( -9.000000000000000000, 6.200000000000001066, 83.00000000000000000 ) ) ;
#1705 = CARTESIAN_POINT ( 'NONE',  ( 0.000000000000000000, 0.000000000000000000, 0.000000000000000000 ) ) ;
#1706 = FACE_OUTER_BOUND ( 'NONE', #349, .T. ) ;
#1707 = CARTESIAN_POINT ( 'NONE',  ( -5.999999999999997335, -9.399999999999993250, 83.00000000000000000 ) ) ;
#1708 = CARTESIAN_POINT ( 'NONE',  ( -13.59999999999999964, -6.999999999999995559, 83.00000000000000000 ) ) ;
#1709 = ADVANCED_FACE ( 'NONE', ( #177 ), #342, .T. ) ;
#1710 = CARTESIAN_POINT ( 'NONE',  ( -9.000000000000000000, -5.599999999999988098, 0.000000000000000000 ) ) ;
#1711 = EDGE_CURVE ( 'NONE', #1197, #232, #881, .T. ) ;
#1712 = VERTEX_POINT ( 'NONE', #46 ) ;
#1713 = CARTESIAN_POINT ( 'NONE',  ( -13.59999999999999964, -6.999999999999995559, 86.00000000000000000 ) ) ;
#1714 = LINE ( 'NONE', #285, #1690 ) ;
#1715 = EDGE_CURVE ( 'NONE', #1443, #789, #607, .T. ) ;
#1716 = PLANE ( 'NONE',  #626 ) ;
#1717 = DIRECTION ( 'NONE',  ( -0.000000000000000000, -0.000000000000000000, -1.000000000000000000 ) ) ;
#1718 = LINE ( 'NONE', #822, #1777 ) ;
#1719 = CARTESIAN_POINT ( 'NONE',  ( -14.79999999999999893, -6.999999999999995559, 86.00000000000000000 ) ) ;
#1720 = VECTOR ( 'NONE', #1611, 1000.000000000000000 ) ;
#1721 = AXIS2_PLACEMENT_3D ( 'NONE', #249, #1239, #1807 ) ;
#1722 = EDGE_CURVE ( 'NONE', #1447, #1023, #336, .T. ) ;
#1723 = ORIENTED_EDGE ( 'NONE', *, *, #854, .F. ) ;
#1724 = CARTESIAN_POINT ( 'NONE',  ( -10.99999999999999822, -4.399999999999994138, 83.00000000000000000 ) ) ;
#1725 = CARTESIAN_POINT ( 'NONE',  ( 31.40000000000000568, -5.599999999999988987, 3.000000000000000000 ) ) ;
#1726 = FACE_OUTER_BOUND ( 'NONE', #1755, .T. ) ;
#1727 = ORIENTED_EDGE ( 'NONE', *, *, #25, .F. ) ;
#1728 = FACE_OUTER_BOUND ( 'NONE', #823, .T. ) ;
#1729 = PLANE ( 'NONE',  #1688 ) ;
#1730 = EDGE_CURVE ( 'NONE', #318, #111, #1470, .T. ) ;
#1731 = ORIENTED_EDGE ( 'NONE', *, *, #1321, .T. ) ;
#1732 = ORIENTED_EDGE ( 'NONE', *, *, #1477, .T. ) ;
#1733 = ORIENTED_EDGE ( 'NONE', *, *, #664, .F. ) ;
#1734 = CARTESIAN_POINT ( 'NONE',  ( 28.40000000000000213, 8.000000000000003553, 0.000000000000000000 ) ) ;
#1735 = DIRECTION ( 'NONE',  ( 0.000000000000000000, -1.000000000000000000, 0.000000000000000000 ) ) ;
#1736 = EDGE_LOOP ( 'NONE', ( #64, #47, #1101, #324 ) ) ;
#1737 = CARTESIAN_POINT ( 'NONE',  ( 28.40000000000000213, 8.000000000000003553, 0.000000000000000000 ) ) ;
#1738 = ORIENTED_EDGE ( 'NONE', *, *, #244, .F. ) ;
#1739 = EDGE_CURVE ( 'NONE', #391, #647, #534, .T. ) ;
#1740 = LINE ( 'NONE', #184, #1011 ) ;
#1741 = CYLINDRICAL_SURFACE ( 'NONE', #1535, 5.000000000000000000 ) ;
#1742 = ORIENTED_EDGE ( 'NONE', *, *, #58, .F. ) ;
#1743 = CARTESIAN_POINT ( 'NONE',  ( -8.749545416973504075, -5.599999999999988098, 0.000000000000000000 ) ) ;
#1744 = AXIS2_PLACEMENT_3D ( 'NONE', #668, #931, #1099 ) ;
#1745 = ORIENTED_EDGE ( 'NONE', *, *, #930, .F. ) ;
#1746 = VECTOR ( 'NONE', #1543, 1000.000000000000000 ) ;
#1747 = AXIS2_PLACEMENT_3D ( 'NONE', #820, #402, #1493 ) ;
#1748 = FILL_AREA_STYLE ('',( #1182 ) ) ;
#1749 = EDGE_CURVE ( 'NONE', #1645, #1053, #889, .T. ) ;
#1750 = CARTESIAN_POINT ( 'NONE',  ( 28.40000000000000213, 7.999999999999998224, 1.999999999999988010 ) ) ;
#1751 = ORIENTED_EDGE ( 'NONE', *, *, #1374, .T. ) ;
#1752 = ORIENTED_EDGE ( 'NONE', *, *, #1569, .F. ) ;
#1753 = APPLICATION_CONTEXT ( 'automotive_design' ) ;
#1754 = B_SPLINE_CURVE_WITH_KNOTS ( 'NONE', 3,
 ( #1145, #441, #883, #452 ),
 .UNSPECIFIED., .F., .F.,
 ( 4, 4 ),
 ( 3.388131789017201356E-21, 0.0002490585454507746889 ),
 .UNSPECIFIED. ) ;
#1755 = EDGE_LOOP ( 'NONE', ( #1139, #1482, #347, #265, #1107, #698, #952, #55 ) ) ;
#1756 = ORIENTED_EDGE ( 'NONE', *, *, #633, .T. ) ;
#1757 = DIRECTION ( 'NONE',  ( 0.000000000000000000, 0.000000000000000000, 1.000000000000000000 ) ) ;
#1758 = EDGE_CURVE ( 'NONE', #193, #59, #759, .T. ) ;
#1759 = CARTESIAN_POINT ( 'NONE',  ( -5.999999999999997335, -4.399999999999993250, 83.00000000000000000 ) ) ;
#1760 = ORIENTED_EDGE ( 'NONE', *, *, #286, .F. ) ;
#1761 = EDGE_CURVE ( 'NONE', #344, #1472, #597, .T. ) ;
#1762 = DIRECTION ( 'NONE',  ( 1.000000000000000000, 0.000000000000000000, 0.000000000000000000 ) ) ;
#1763 = VERTEX_POINT ( 'NONE', #766 ) ;
#1764 = DIRECTION ( 'NONE',  ( 0.000000000000000000, 1.000000000000000000, -0.000000000000000000 ) ) ;
#1765 = ORIENTED_EDGE ( 'NONE', *, *, #439, .F. ) ;
#1766 = CARTESIAN_POINT ( 'NONE',  ( 29.60000000000000142, -7.399999999999987921, 83.00000000000000000 ) ) ;
#1767 = VERTEX_POINT ( 'NONE', #751 ) ;
#1768 = CARTESIAN_POINT ( 'NONE',  ( 31.40000000000000568, 4.999999999999998224, 1.999999999999988010 ) ) ;
#1769 = ADVANCED_FACE ( 'NONE', ( #1726 ), #1318, .F. ) ;
#1770 = ORIENTED_EDGE ( 'NONE', *, *, #1589, .F. ) ;
#1771 = DIRECTION ( 'NONE',  ( -0.000000000000000000, 0.000000000000000000, 1.000000000000000000 ) ) ;
#1772 = VECTOR ( 'NONE', #85, 1000.000000000000000 ) ;
#1773 = DIRECTION ( 'NONE',  ( 1.000000000000000000, 0.000000000000000000, 0.000000000000000000 ) ) ;
#1774 = CIRCLE ( 'NONE', #1212, 1.199999999999999734 ) ;
#1775 = VERTEX_POINT ( 'NONE', #1335 ) ;
#1776 = AXIS2_PLACEMENT_3D ( 'NONE', #1289, #1148, #1548 ) ;
#1777 = VECTOR ( 'NONE', #1389, 1000.000000000000000 ) ;
#1778 = AXIS2_PLACEMENT_3D ( 'NONE', #722, #469, #1323 ) ;
#1779 = DIRECTION ( 'NONE',  ( 1.000000000000000000, 0.000000000000000000, 0.000000000000000000 ) ) ;
#1780 = ORIENTED_EDGE ( 'NONE', *, *, #401, .T. ) ;
#1781 = CARTESIAN_POINT ( 'NONE',  ( -9.000000000000000000, 6.200000000000001066, 0.000000000000000000 ) ) ;
#1782 = ORIENTED_EDGE ( 'NONE', *, *, #725, .T. ) ;
#1783 = CARTESIAN_POINT ( 'NONE',  ( -5.999999999999999112, 4.999999999999998224, 2.000000000000001776 ) ) ;
#1784 = EDGE_CURVE ( 'NONE', #516, #226, #1740, .T. ) ;
#1785 = FACE_OUTER_BOUND ( 'NONE', #180, .T. ) ;
#1786 = CARTESIAN_POINT ( 'NONE',  ( 31.40000000000000568, -5.599999999999988987, 0.01339654040263815737 ) ) ;
#1787 = ORIENTED_EDGE ( 'NONE', *, *, #204, .F. ) ;
#1788 = LINE ( 'NONE', #1781, #679 ) ;
#1789 = EDGE_LOOP ( 'NONE', ( #622, #765, #250, #605 ) ) ;
#1790 = CARTESIAN_POINT ( 'NONE',  ( 31.40000000000000568, 9.999999999999998224, 2.000000000000001776 ) ) ;
#1791 = CARTESIAN_POINT ( 'NONE',  ( -10.99999999999999645, -7.399999999999993250, 2.000000000000001776 ) ) ;
#1792 = ORIENTED_EDGE ( 'NONE', *, *, #983, .F. ) ;
#1793 = EDGE_CURVE ( 'NONE', #639, #408, #1603, .T. ) ;
#1794 = CARTESIAN_POINT ( 'NONE',  ( 31.40000000000000568, 6.200000000000003730, 86.00000000000000000 ) ) ;
#1795 = VERTEX_POINT ( 'NONE', #1326 ) ;
#1796 = FACE_OUTER_BOUND ( 'NONE', #385, .T. ) ;
#1797 = VERTEX_POINT ( 'NONE', #60 ) ;
#1798 = DIRECTION ( 'NONE',  ( 0.000000000000000000, 0.000000000000000000, -1.000000000000000000 ) ) ;
#1799 = MANIFOLD_SOLID_BREP ( '\X2\51f853f0\X0\-\X2\62c94f38\X0\3', #568 ) ;
#1800 = CARTESIAN_POINT ( 'NONE',  ( 0.000000000000000000, 0.000000000000000000, 83.00000000000000000 ) ) ;
#1801 = CIRCLE ( 'NONE', #119, 2.999999999999999112 ) ;
#1802 = CARTESIAN_POINT ( 'NONE',  ( -7.200000000000001066, 0.000000000000000000, 86.00000000000000000 ) ) ;
#1803 = EDGE_CURVE ( 'NONE', #193, #727, #1654, .T. ) ;
#1804 = VECTOR ( 'NONE', #320, 1000.000000000000000 ) ;
#1805 = VECTOR ( 'NONE', #84, 1000.000000000000000 ) ;
#1806 = VERTEX_POINT ( 'NONE', #71 ) ;
#1807 = DIRECTION ( 'NONE',  ( 1.000000000000000000, 0.000000000000000000, 0.000000000000000000 ) ) ;
#1808 = AXIS2_PLACEMENT_3D ( 'NONE', #1249, #1686, #429 ) ;
#1809 = VERTEX_POINT ( 'NONE', #1379 ) ;
#1810 = DIRECTION ( 'NONE',  ( 1.000000000000000000, 0.000000000000000000, -0.000000000000000000 ) ) ;
#1811 = DIRECTION ( 'NONE',  ( 0.000000000000000000, 0.000000000000000000, 1.000000000000000000 ) ) ;
#1812 = CARTESIAN_POINT ( 'NONE',  ( -11.00000000000000178, 7.999999999999998224, 2.000000000000001776 ) ) ;
#1813 = DIRECTION ( 'NONE',  ( 1.000000000000000000, 0.000000000000000000, 0.000000000000000000 ) ) ;
#1814 = LINE ( 'NONE', #1802, #1217 ) ;
#1815 = CARTESIAN_POINT ( 'NONE',  ( 34.79999999999999716, 7.599999999999998757, 83.00000000000000000 ) ) ;
#1816 = ORIENTED_EDGE ( 'NONE', *, *, #377, .T. ) ;
#1817 = LINE ( 'NONE', #422, #1063 ) ;
#1818 = CARTESIAN_POINT ( 'NONE',  ( 31.40000000000000568, 6.200000000000003730, 83.00000000000000000 ) ) ;
#1819 = ADVANCED_FACE ( 'NONE', ( #1201 ), #105, .T. ) ;
#1820 = VERTEX_POINT ( 'NONE', #1629 ) ;
#1821 = CARTESIAN_POINT ( 'NONE',  ( 28.40000000000000213, 4.999999999999998224, 0.000000000000000000 ) ) ;
#1822 = CARTESIAN_POINT ( 'NONE',  ( 29.60000000000000142, 6.200000000000003730, 3.000000000000000000 ) ) ;
#1823 = ORIENTED_EDGE ( 'NONE', *, *, #221, .F. ) ;
#1824 = DIRECTION ( 'NONE',  ( -0.000000000000000000, 0.000000000000000000, 1.000000000000000000 ) ) ;
#1825 = CARTESIAN_POINT ( 'NONE',  ( 28.40000000000000213, 4.999999999999998224, 83.00000000000000000 ) ) ;
#1826 = CARTESIAN_POINT ( 'NONE',  ( -9.000000000000000000, -5.599999999999988098, 0.01339654040263815737 ) ) ;
#1827 = DIRECTION ( 'NONE',  ( -0.000000000000000000, -0.000000000000000000, 1.000000000000000000 ) ) ;
#1828 = VERTEX_POINT ( 'NONE', #950 ) ;
#1829 = FACE_OUTER_BOUND ( 'NONE', #143, .T. ) ;
#1830 = LINE ( 'NONE', #4, #210 ) ;
#1831 = ORIENTED_EDGE ( 'NONE', *, *, #993, .F. ) ;
#1832 = FACE_OUTER_BOUND ( 'NONE', #608, .T. ) ;
#1833 = ADVANCED_FACE ( 'NONE', ( #1516 ), #811, .F. ) ;
#1834 = DIRECTION ( 'NONE',  ( 0.000000000000000000, -1.000000000000000000, -0.000000000000000000 ) ) ;
#1835 = CARTESIAN_POINT ( 'NONE',  ( 31.40000000000000568, 6.200000000000003730, 0.01339654040263815737 ) ) ;
#1836 = VECTOR ( 'NONE', #98, 1000.000000000000000 ) ;
#1837 = LINE ( 'NONE', #24, #799 ) ;
ENDSEC;
END-ISO-10303-21;
